conversation_id,turn_index,role,message
LC001,1,user,"Hi, I need help with a billing issue on my premium account. I was charged twice last month."
LC001,2,assistant,"I'm here to help. To investigate securely, please provide: 1) the last 4 digits of the card on file, 2) your account email, and 3) the invoice IDs if available."
LC001,3,user,"Card: 4242, Email: alex.romero@example.com. I only see one invoice in my email: INV-2025-07-1182, but my card statement shows two charges: $29.00 on July 3 and $29.00 on July 5."
LC001,4,assistant,"Thanks, Alex. I found your subscription (Pro Monthly, $29). I'm pulling your July ledger and payment processor events now. This can take a few seconds."
LC001,5,user,"No problem. For context, I upgraded from Basic in June, changed my billing address on July 1, and added a team seat on July 2 (which I later removed on July 15). Not sure if that matters."
LC001,6,assistant,"Context helps. I see: upgrade on 2025-06-21; billing address change 2025-07-01; seat add 2025-07-02; seat removal 2025-07-15. Now reviewing Stripe events near July 3 and July 5."
LC001,7,user,"Also, I received a failed payment notification on July 3 at 9:12 AM, then a success at 9:17 AM. But the card still shows two posted transactions."
LC001,8,assistant,"Event timeline (UTC): 2025-07-03 09:12:13 - payment_intent.payment_failed (card auth timeout); 09:14:51 - payment_intent.processing; 09:17:02 - charge.succeeded ($29.00); 2025-07-05 02:04:09 - charge.refunded (partial $0.00) — that's odd; checking for a duplicate intent."
LC001,9,user,"Partial refund $0? That sounds wrong."
LC001,10,assistant,"Agreed. I see a retry workflow that may have created a second intent on July 3 09:16:58 and auto-captured on July 5 due to a pending hold being converted. Let me fetch the raw gateway logs."
LC001,11,user,"Sharing more context: here are my email headers for the success receipt (message-id <abc123@mailer>): Received at 2025-07-03 09:17:05Z, DKIM: pass, SPF: pass."
LC001,12,assistant,"Thanks. Gateway logs confirm two auth attempts: AUTH A (Jul 3, declined due to gateway timeout but issuer placed a temporary hold), AUTH B (Jul 3, succeeded). The issuer later posted the initial hold as a capture on Jul 5. This explains two posted transactions."
LC001,13,user,"So I was indeed charged twice?"
LC001,14,assistant,"Your card shows two posted items, but our merchant account only captured one. The other appears to be an issuer-side hold that converted to a posting. We can initiate a merchant-initiated refund for the duplicate."
LC001,15,user,"Please do."
LC001,16,assistant,"I will open a remediation case and issue a refund. Before I proceed, please confirm the last 2 digits of your ZIP code to validate identity."
LC001,17,user,"ZIP ends with 07."
LC001,18,assistant,"Validated. Creating case: CASE-REF-2025-09-17-AR. Refund amount: $29.00 to card ending 4242. Refund method: original form of payment. ETA: typically 5–7 business days (bank dependent)."
LC001,19,user,"Thanks. Can you also make sure my subscription isn't set to renew twice next month?"
LC001,20,assistant,"Good call. Subscription schedule shows a single upcoming invoice on 2025-10-03. I've added a safeguard flag to prevent retry workflows from duplicating intents for your tenant."
LC001,21,user,"Appreciated. Side note: the mobile app was showing 'Expired card' even though it worked."
LC001,22,assistant,"I see a stale cache on your device token from 2025-06. Clearing that should resolve the badge. Please log out/in. I've invalidated the cached payment method label."
LC001,23,user,"Here is a long excerpt from my card statement for your records (masked):\n2025-07-03 09:17 POSTED $29.00 COMPANY-X SUBSCRIPTION\n2025-07-05 02:04 POSTED $29.00 COMPANY-X SUBSCRIPTION\n2025-07-05 02:05 PENDING -$29.00 REVERSAL (later disappeared)\n2025-07-06 12:44 OTHER VENDOR $12.50\n2025-07-08 08:33 GROCERY $84.19\n2025-07-09 15:20 TRANSIT $2.75\n... (many more lines omitted)"
LC001,24,assistant,"Thank you for the detailed statement. I've attached it to the case. For completeness, I'm pasting our merchant-side charge IDs: ch_1QXabcJul03 (captured), ch_1QXdefJul03 (void-pending at gateway), issuer-posted hold on Jul 5."
LC001,25,user,"If the issuer posted the hold, does my bank need to do anything?"
LC001,26,assistant,"No action needed on your side. Our proactive refund will clear the duplicate. If your bank inquires, you can reference CASE-REF-2025-09-17-AR and the charge ID ch_1QXabcJul03 as the valid one, and Jul 5 posting as erroneous."
LC001,27,user,"Please send me an email confirmation."
LC001,28,assistant,"Done. Sent to alex.romero@example.com with subject 'Duplicate Charge Refund Initiated' and case info."
LC001,29,user,"Last question: can you summarize everything for my records?"
LC001,30,assistant,"Summary: You experienced two posted charges due to an issuer-side conversion of a timed-out authorization hold. Our system only captured one charge (Jul 3). A refund for $29.00 has been initiated to card 4242; expected in 5–7 business days. Preventive flag added to avoid duplicate retries. Mobile app cache cleared. Case ID CASE-REF-2025-09-17-AR. If bank contacts you, share that only charge ch_1QXabcJul03 is valid."

PC002,1,user,"Hi, I'm an international student on an F-1 visa. I have a part-time on-campus job offer for 12 hours/week and a paid off-campus internship for 15 hours/week starting next month. I want to make sure I stay compliant."
PC002,2,assistant,"I can share general information, but please consult your Designated School Official (DSO) and an immigration attorney for personalized advice. Could you share your academic level, major, and current enrollment status?"
PC002,3,user,"Graduate student (MS in Data Science), full-time enrollment (9 credits), GPA 3.7, started Fall 2024. The off-campus internship is with a local startup, not directly affiliated with the university."
PC002,4,assistant,"Thank you. F-1 regulations generally limit on-campus work to 20 hours/week during the academic term. Off-campus work typically requires specific authorization (e.g., CPT for curricular training or OPT for practical training). Do you have CPT authorization noted on your I-20 for the internship?"
PC002,5,user,"Not yet. The internship aligns with my degree because it's machine learning engineering. My department advisor approved it, but I haven't received CPT authorization from the DSO."
PC002,6,assistant,"CPT typically requires the internship to be integral to your curriculum, documented in your program requirements or via a credit-bearing course, and authorized by the DSO. Without CPT (or pre-completion OPT), off-campus paid employment is usually not permitted during the regular term."
PC002,7,user,"If I enroll in a 1-credit internship course, would that be enough to qualify for CPT?"
PC002,8,assistant,"Many schools permit CPT if the experience is tied to a credit-bearing course and approved by your academic department and DSO. Policies vary by institution, and there are timing rules (e.g., you must receive CPT authorization before starting). Please confirm your school's CPT policy and timelines."
PC002,9,user,"Can I do both on-campus job (12 h/week) and CPT internship (15 h/week) simultaneously?"
PC002,10,assistant,"On-campus employment up to 20 hours/week is typically allowed during the academic term. CPT hours are separate and depend on your DSO’s authorization (part-time vs. full-time CPT). Some schools allow combining on-campus work with part-time CPT, as long as each is authorized and you remain full-time enrolled. Confirm with your DSO to avoid exceeding limits."
PC002,11,user,"I heard doing 12 months of full-time CPT makes me ineligible for OPT. Is that true?"
PC002,12,assistant,"Yes. Accruing 12 months or more of full-time CPT at the same degree level generally eliminates eligibility for OPT at that level. Part-time CPT does not count the same way. Track your CPT carefully if you intend to use OPT after graduation."
PC002,13,user,"The startup wants me to start in two weeks. CPT processing may take 2–3 weeks. Is it okay if I start remotely while the CPT is pending?"
PC002,14,assistant,"You should not begin off-campus employment until CPT authorization is issued and dates appear on your updated I-20. Working (even remotely) before authorization can jeopardize status. Ask the employer to adjust the start date and coordinate with your DSO immediately."
PC002,15,user,"What documents do I need for CPT?"
PC002,16,assistant,"Common requirements include an offer letter with duties, hours, location, start/end dates, and supervisor contact; advisor approval; enrollment in an internship/practicum course; and DSO authorization updating your I-20. Your school’s CPT checklist will be definitive."
PC002,17,user,"If I can't get CPT in time, can I switch the internship to unpaid to start now?"
PC002,18,assistant,"Unpaid does not necessarily mean permissible. If the role is typically paid or confers benefit to the employer, labor laws may still consider it employment. For immigration purposes, unauthorized off-campus activity—paid or unpaid—can be problematic. Seek formal authorization."
PC002,19,user,"Understood. I’ll talk to my DSO and the employer. Can you summarize key steps?"
PC002,20,assistant,"Summary: (1) Do not start off-campus work until CPT is approved and listed on your I-20; (2) enroll in the required internship course if your school mandates it; (3) maintain full-time enrollment; (4) keep on-campus work ≤20 hours/week; (5) monitor CPT hours to preserve OPT eligibility; (6) coordinate start date with employer; (7) consult your DSO and consider legal counsel for personalized guidance."

PC003,1,user,"Hi, I'm negotiating a job offer as a mid-level frontend engineer. Current offer: base $165k, 10% bonus, 0.05% equity, remote-friendly, standard benefits. I'm in NYC with 6 YOE, React/TypeScript/Next.js, led 2 launches. I have competing interest from another company but no written offer yet."
PC003,2,assistant,"Congrats. To negotiate, clarify priorities (cash vs. equity vs. flexibility), research NYC market bands, and prepare a clear counter backed by achievements. What are your must-haves and nice-to-haves?"
PC003,3,user,"Must-haves: remote within NYC area, HSA-compatible plan, career growth to lead. Nice-to-haves: $180k base, 0.1% equity, education stipend, conference budget."
PC003,4,assistant,"A focused counter could request: base to $180k, equity to 0.1% (4-year vest, 1-year cliff), sign-on $15k to offset bonus risk, and explicit growth plan (promotion rubric). Signal competing process without naming companies."
PC003,5,user,"How do I phrase it without sounding adversarial?"
PC003,6,assistant,"Example framing: 'I'm excited about the role and team. Based on my impact leading two product launches and NYC market data, I’m targeting $180k base, 0.1% equity, and a $15k sign-on. I value long-term growth and would appreciate a development plan toward Tech Lead within 12–18 months.'"
PC003,7,user,"They might say budget constraints. What should I trade off?"
PC003,8,assistant,"Consider trading sign-on for higher base, or equity for education budget and conference travel. Also negotiate title calibration and scope (mentorship, ownership of a vertical) which unlocks future compensation."
PC003,9,user,"If they ask for proof of competing offers?"
PC003,10,assistant,"You can say: 'I’m in late stages elsewhere and expect a written offer soon. I prefer your team and would like to wrap up here if we can align on comp and growth.' Avoid fabricating details."
PC003,11,user,"Anything else for NYC specifics?"
PC003,12,assistant,"NYC salary transparency applies; verify posted band. Factor local taxes and commuter costs. Review non-compete and IP assignment terms; ensure remote work policy aligns with your setup."
PC003,13,user,"Can you summarize my negotiation plan?"
PC003,14,assistant,"Summary: (1) Clarify priorities; (2) Counter at $180k base, 0.1% equity, $15k sign-on; (3) Request development plan and mentorship; (4) Prepare defensible achievements; (5) Maintain positive, data-backed tone; (6) Consider trade-offs if budget-bound; (7) Close quickly if they align."
PC003,15,user,"I shared that with the recruiter. They came back with $175k base, 0.08% equity, $10k sign-on, and a promotion plan in 12 months."
PC003,16,assistant,"That’s progress. If $180k is important, propose $177.5k base, 0.09% equity, $12.5k sign-on, and ask for the promotion milestones in writing (scope, expectations, evaluation dates)."
PC003,17,user,"I also want conference budget and a learning stipend."
PC003,18,assistant,"Bundle it: request $2k/yr education stipend, one conference/yr, and a mentorship pairing. Signal you’ll accept if they can meet this package by Friday."
PC003,19,user,"They’re asking for a decision by end of week. The other company says an offer is ‘likely’ next week."
PC003,20,assistant,"You can say you’re in late stages elsewhere and prefer to conclude here if alignment is reached. Ask if they can extend the deadline to early next week, or proceed contingent on written terms today."
PC003,21,user,"What if they hold firm at $175k?"
PC003,22,assistant,"Trade sign-on for base or equity. For example: accept $175k if they increase equity to 0.1% and confirm promotion calibration in 9–12 months with scope to lead a vertical."
PC003,23,user,"They agreed to $177.5k, 0.09%, $12.5k sign-on, $2k education stipend, and one conference. Promotion plan attached."
PC003,24,assistant,"Great. Review the plan: ensure criteria are objective (ownership area, mentorship responsibilities, quality bars, cross-team collaboration). Clarify who evaluates and how calibration works."
PC003,25,user,"The equity vesting has a 1-year cliff and monthly thereafter over 4 years. Acceptable?"
PC003,26,assistant,"That’s standard. Confirm acceleration terms (usually none), refresh cadence, and eligibility for performance-based refreshers."
PC003,27,user,"Benefits look fine, HSA plan available. Remote within NYC approved."
PC003,28,assistant,"Before signing: (1) Confirm IP assignment is standard; (2) non-compete scope/jurisdiction; (3) non-solicit window; (4) start date; (5) bonus targets/proration; (6) severance policy (if any)."
PC003,29,user,"I asked and they confirmed standard IP and no non-compete; non-solicit 12 months; bonus prorated; start date in 3 weeks."
PC003,30,assistant,"Sounds solid. If you’re satisfied with scope and the team, accept in writing, thank them, and ask for onboarding details and your first-90-days success plan. Congratulations."

PC004,1,user,"My elderly mom (76) lives alone. Over the past month she’s been more forgetful and left the stove on twice. I’m overwhelmed and don’t know where to start—what resources should I look into? I work full-time and live 45 minutes away."
PC004,2,assistant,"I’m sorry you’re going through this. While I can’t provide medical advice, I can outline practical next steps: (1) schedule a primary care and cognitive screening; (2) assess home safety (stove shut-off devices, medication organizers, fall detectors); (3) evaluate daily living support (in-home aide, adult day programs); (4) document preferences and advance directives; (5) contact your county’s aging services and caregiver support groups. Would you like a checklist and a template for organizing information?"
PC004,3,user,"Yes, please. Also, she’s adamant about staying in her home."
PC004,4,assistant,"Understood. A home-first plan might include: (a) a medical review to address reversible causes; (b) safety upgrades (auto shut-off, smart sensors, video doorbell); (c) scheduled check-ins via telecare; (d) meal services and transportation support; (e) part-time home health aide. I can draft a weekly care plan framework you can adjust with a social worker."
PC004,5,user,"What about costs? Medicare?"
PC004,6,assistant,"Coverage varies. Medicare may cover certain medical services, not long-term custodial care. Look into state programs, Medicaid waivers (if eligible), veterans’ benefits (if applicable), and local nonprofits. A geriatric care manager can coordinate services and help evaluate costs."
PC004,7,user,"Please summarize the plan I can take to my siblings."
PC004,8,assistant,"Summary: (1) Book PCP and cognitive assessment; (2) implement home safety (auto stove shut-off, medication system, fall alert); (3) arrange part-time in-home support; (4) set telecheck schedule; (5) contact Area Agency on Aging; (6) review legal/financial planning (POA, advance directives); (7) evaluate respite options for caregivers."
PC004,9,user,"What would a weekly schedule look like with part-time in-home aide support?"
PC004,10,assistant,"Example: Mon/Wed/Fri 10am–2pm aide visits (meals, light housekeeping, medication prompts, walk); Tue telecheck; Thu adult day program trial; weekend family visit. Adjust after two weeks based on tolerance and needs."
PC004,11,user,"How do we monitor safety when no one is there?"
PC004,12,assistant,"Use discreet sensors (front door, stove gas detector, fall detection wearable) tied to a family app. Set non-intrusive alerts (e.g., unusual inactivity > 2 hours). Balance privacy with safety."
PC004,13,user,"Cost-wise, what are we looking at?"
PC004,14,assistant,"Varies by region: part-time aide $25–$35/hr; adult day $70–$120/day; devices ~$25–$40/mo; meal delivery $8–$12/meal. Explore state programs, long-term care insurance, and nonprofit grants."
PC004,15,user,"She’s resistant to strangers in the house."
PC004,16,assistant,"Start with brief visits during enjoyable activities; introduce one aide consistently; allow your mom to direct small choices (music, walk route). Emphasize independence and dignity."
PC004,17,user,"My sibling lives out of state. How can they help?"
PC004,18,assistant,"Assign remote roles: bill pay oversight, appointment scheduling, weekly video calls, and respite coverage during your busy weeks. Share a simple care log (Google Doc) for coordination."
PC004,19,user,"What legal docs should we complete now?"
PC004,20,assistant,"Discuss and document: healthcare proxy/POA, HIPAA release, advance directives, and a list of accounts/providers/meds. Keep originals secure and share copies with clinicians."
PC004,21,user,"Are there community resources we should tap into?"
PC004,22,assistant,"Area Agency on Aging (care consult), Alzheimer’s Association (if applicable), senior center programs, volunteer transport, and caregiver support groups."
PC004,23,user,"If her condition worsens, what signs indicate we need more support?"
PC004,24,assistant,"Look for increased falls, missed meds, wandering, weight loss, or hygiene decline. If seen, increase aide hours, consider adult day expansion, or evaluate memory care options."
PC004,25,user,"How do we manage my own burnout?"
PC004,26,assistant,"Schedule recurring respite, set realistic boundaries, and use brief daily decompression rituals (10-minute walk, journaling). Share the load; avoid perfectionism."
PC004,27,user,"We’ll start with the schedule and devices. Anything else before we begin?"
PC004,28,assistant,"Confirm a primary care appointment and request cognitive screening. Share your care plan with the clinician and ask for a social work referral for resource guidance."
PC004,29,user,"Thanks. Can you summarize our next steps with owners and timelines?"
PC004,30,assistant,"Plan: (1) You: book PCP/cognitive screening (this week); (2) You: install sensors and fall detection (2 weeks); (3) Sibling: organize finances/auto-pay and create shared care log (1 week); (4) You: trial a single aide Mon/Wed/Fri 10–2 (2 weeks); (5) All: reassess after 3 weeks and adjust hours/resources."

PC005,1,user,"I run a small coffee shop and want to start a punch-card style loyalty program that integrates with Square. I also want to track which drinks sell best by hour to reduce waste. How should I set this up with minimal cost?"
PC005,2,assistant,"Lean approach: (1) use Square’s built-in loyalty if available, or issue QR punch cards linked to a simple web app; (2) pull hourly item sales from Square exports or API; (3) build a small Google Sheets/Looker Studio dashboard for hourly heatmaps; (4) experiment with time-bound promos (e.g., 2–4pm). Start with no-code tools, then consider a lightweight backend if adoption grows."
PC005,3,user,"What KPIs should I watch?"
PC005,4,assistant,"Track: loyalty signups, repeat customer rate, redemption rate, average ticket size, item sell-through by hour, waste percentage, and promo ROI."
PC005,5,user,"How do I avoid abuse of the punch cards?"
PC005,6,assistant,"Use unique QR tokens per customer, validate via server, and set redemption cooldowns (e.g., one reward per 24 hours). Periodically audit unusual redemption patterns."
PC005,7,user,"How do I implement the QR system without hiring a developer?"
PC005,8,assistant,"Start with a no‑code tool (Glide/Airtable) to generate per‑customer codes and track punches. Square exports can be joined weekly to validate visits. If adoption grows, move to a lightweight backend (Supabase/Firebase) with server‑side validation."
PC005,9,user,"What promos should I try first?"
PC005,10,assistant,"Run a 2–4pm happy hour for low‑sell‑through items (e.g., cold brew) and a Monday ‘double punch’ trial for 3 weeks. Measure lift vs. control weeks and stop if cannibalization outweighs gains."
PC005,11,user,"How do I measure if the program actually increases revenue?"
PC005,12,assistant,"Define a baseline: average weekly revenue and item mix for 4 weeks. After launch, compare changes controlling for seasonality. Track repeat purchase rate, average ticket, and promo redemption ROI."
PC005,13,user,"I’m worried about waste from pastries after 3pm."
PC005,14,assistant,"Create an hourly sell‑through heatmap; target 80–90% sell‑through by closing. Use smaller afternoon batches and a 30‑minute ‘fresh tray’ rule. Consider a 30‑minutes‑to‑close discount banner."
PC005,15,user,"What about privacy concerns?"
PC005,16,assistant,"Collect only email (optional) and a QR token. Provide an opt‑out and privacy notice. Do not store payment data—use Square for that."
PC005,17,user,"Can you summarize the rollout plan?"
PC005,18,assistant,"Plan week 1: set up QR no‑code app, signage, and cashiers’ script. Week 2–4: run happy hour + double punch Mondays, measure KPIs (repeat rate, waste%). Week 5: adjust items and cadence; decide on backend migration if >500 members."
PC005,19,user,"Sounds good. I’ll start building the QR app tonight."
PC005,20,assistant,"Great. Share a quick SOP for staff (how to scan, validate, handle edge cases), and review after the first weekend."

PC006,1,user,"I’m exploring therapy for the first time (late 20s, dealing with anxiety and burnout). I prefer remote sessions but worry about privacy. What should I look for in a therapist and platform?"
PC006,2,assistant,"Consider: (1) licensing and specialization (CBT/ACT for anxiety); (2) availability and time zone; (3) privacy practices (end-to-end encryption if possible, HIPAA compliance, secure messaging); (4) policies on session recordings; (5) cancellation/fees; (6) fit after an initial consult. I can provide a first-session checklist if you’d like."
PC006,3,user,"Yes, and how do I prepare for the first session?"
PC006,4,assistant,"Prepare a brief history (key stressors, symptoms, goals), current coping strategies, medications (if any), expectations for outcomes, and scheduling needs. Test your audio/privacy setup in a quiet space and consider a post-session reflection note."
PC006,5,user,"How do I verify the platform is actually private?"
PC006,6,assistant,"Look for HIPAA‑compliant claims (if in the US), end‑to‑end encryption or strong transport encryption, and clear policies on recording (default off). Ask how messages are stored, who can access them, and data retention."
PC006,7,user,"I’m nervous about what to say in the first session."
PC006,8,assistant,"It’s okay to say that. You can open with: ‘I’m here for anxiety and burnout. Triggers include X. I want tools for Y. I prefer structured homework and clear goals.’ The therapist will guide you."
PC006,9,user,"What if we don’t click?"
PC006,10,assistant,"You can request a different therapist after 2–3 sessions. Fit matters. Look for responsiveness, structure that matches your style, and a mutually agreed plan."
PC006,11,user,"Are there red flags?"
PC006,12,assistant,"Poor boundaries, frequent lateness, pressure to record sessions, or unsupported claims. Therapy should feel safe and collaborative."
PC006,13,user,"How often should I go?"
PC006,14,assistant,"Common cadence is weekly for 6–8 weeks, then taper as skills solidify. Between sessions, practice skills (breathing, cognitive reframes, progressive exposure)."
PC006,15,user,"Insurance is confusing."
PC006,16,assistant,"Ask about in‑network coverage, deductible, and out‑of‑network claims. Request a superbill if applicable. Some platforms offer sliding scales."
PC006,17,user,"Can you summarize a starter plan?"
PC006,18,assistant,"Week 0: shortlist therapists, verify privacy, book consults. Week 1–4: weekly sessions with clear goals and homework. Week 5–6: evaluate progress, adjust modality (CBT/ACT), and plan taper."
PC006,19,user,"Thanks. I’ll book consults tonight."
PC006,20,assistant,"Good luck. Bring a one‑page overview of symptoms/goals so your first session is focused and productive."
PC007,1,user,"We’re a family of four planning a 10-day trip to Japan (Tokyo, Kyoto, Osaka) on a $6k budget excluding flights. Kids 7 and 10, picky eaters, prefer trains over buses. How should we plan the itinerary and daily costs?"
PC007,2,assistant,"Sample plan: (1) 4 nights Tokyo (Ueno/Asakusa base), (2) 3 nights Kyoto near Karasuma, (3) 3 nights Osaka Namba. JR Pass math depends on intercity legs—consider regional passes if cost-effective. Daily costs: transit $25–35/day total with IC cards; food $60–100 with kid-friendly options; attractions $40–70. Book timed entries early."
PC007,3,user,"What about luggage and strollers?"
PC007,4,assistant,"Use luggage delivery (takkyubin) between cities to simplify train travel; lightweight stroller is okay but stations may have stairs—prefer baby carriers for crowded spots."
PC007,5,user,"Can you suggest a day‑by‑day plan?"
PC007,6,assistant,"Days 1–4 Tokyo: Ueno Park, Asakusa/Senso‑ji, teamLab Planets (timed), Odaiba, and a kid‑friendly sushi train. Day 5–7 Kyoto: Fushimi Inari (early), Arashiyama monkey park, Nijo Castle; taco rice or curry houses for picky eaters. Day 8–10 Osaka: Aquarium Kaiyukan, Dotonbori, day trip to Nara deer park."
PC007,7,user,"What’s the best pass?"
PC007,8,assistant,"If doing only Tokyo‑Kyoto‑Osaka round trip, compare JR nationwide vs. regional passes. Sometimes IC cards + single shinkansen tickets are cheaper for 10 days. Use Jorudan/Hyperdia estimates."
PC007,9,user,"Budget per day?"
PC007,10,assistant,"Transit $25–35/day total with IC (more on long travel days), food $70–110 for family if mixing konbini and family restaurants, attractions $40–80 depending on tickets."
PC007,11,user,"Any food ideas for picky eaters?"
PC007,12,assistant,"Family restaurants (Saizeriya, Gusto), curry houses, ramen shops that can make plain bowls, onigiri and fruit from konbini, and department store food halls."
PC007,13,user,"Hotel suggestions?"
PC007,14,assistant,"Tokyo: Ueno/Asakusa for transit + parks; Kyoto: near Karasuma or Kyoto Station; Osaka: Namba. Look for coin laundry and breakfast included to simplify mornings."
PC007,15,user,"Can you summarize a packing list?"
PC007,16,assistant,"Light stroller, carrier, two pairs of comfortable shoes per person, layers, power adapters, meds, wet wipes, small first‑aid kit, and a daypack."
PC007,17,user,"We’ll book this weekend. Anything else?"
PC007,18,assistant,"Book timed entries (teamLab, aquarium), reserve shinkansen seats for long hops, and set a shared itinerary doc with daily budget and must‑dos."

PC008,1,user,"I’m a freelance illustrator and my client is 30 days late on a $2,400 invoice. I want to keep the relationship but need payment ASAP. How should I approach this?"
PC008,2,assistant,"Send a polite, time-bound reminder referencing the signed agreement: 'Per our agreement, Net-30 on Invoice #1042 (due Aug 15) is now overdue. Could you confirm payment status? If helpful, I can resend the invoice and W-9. To avoid project delays, I’d appreciate payment by Friday.' Offer ACH/card options and late fee per contract if applicable."
PC008,3,user,"They say AP is slow and will pay 'soon.'"
PC008,4,assistant,"Ask for a specific date and consider a partial payment now. Offer to add ACH details or set up an AP portal entry. If delays persist, pause new work per your contract until payment is received."
PC008,5,user,"They offered 50% now and 50% in two weeks."
PC008,6,assistant,"Accept with a written schedule and late fee waiver only if they meet the plan. Send an updated invoice reflecting the payment plan and confirm AP contact."
PC008,7,user,"What if the second payment slips again?"
PC008,8,assistant,"Include a clause: work pauses automatically until paid; a reinstatement fee may apply. Keep communication polite but firm."
PC008,9,user,"I don’t want to damage the relationship."
PC008,10,assistant,"Frame it as protecting both sides: you’ll deliver on time once payment is reliable. Offer a smaller monthly package going forward to reduce AP friction."
PC008,11,user,"They asked for a W‑9 and ACH form."
PC008,12,assistant,"Provide securely; do not email forms unencrypted if possible. Request confirmation once added to AP."
PC008,13,user,"They paid the first 50% today."
PC008,14,assistant,"Great. Send a receipt and remind them of the second installment date. Schedule a friendly check‑in two days before the deadline."
PC008,15,user,"Thanks. I’ll update the invoice and pause new work until the second payment clears."
PC008,16,assistant,"That’s a sound plan. Track all dates and communications for your records."

PC009,1,user,"I’m newly diagnosed with celiac disease and overwhelmed about cross-contamination. What should I change at home and how do I eat out safely?"
PC009,2,assistant,"At home: separate toaster/cutting boards; label condiments; clean surfaces; dedicated cookware if possible. Eating out: call ahead; ask about dedicated fryers; avoid ambiguous sauces; carry a card in the local language when traveling. Work with a dietitian for nutrition balance."
PC009,3,user,"How do I set up my kitchen?"
PC009,4,assistant,"Create a gluten‑free zone; color‑code utensils; buy a separate toaster; store flours on the lowest shelf to reduce airborne cross‑contact."
PC009,5,user,"What about packed lunches for work?"
PC009,6,assistant,"Safe staples: rice bowls, quinoa salads, tuna/bean salads, hard‑boiled eggs, and fruit. Use clearly labeled containers to avoid fridge mix‑ups."
PC009,7,user,"I’m traveling next month."
PC009,8,assistant,"Print an allergy card in the local language; research dedicated GF restaurants; pack snacks (nuts, bars), and plan airport meals."
PC009,9,user,"Can you summarize a checklist?"
PC009,10,assistant,"Home: separate toaster/boards, labeled condiments, color‑coded tools. Eating out: call ahead, ask about fryers/sauces. Travel: allergy cards, snacks, restaurant list. Diet balance: consider a dietitian."

PC010,1,user,"My startup is evaluating whether to pivot from B2C to B2B after poor retention. We have 8 months runway. How should we run a structured validation in 4 weeks?"
PC010,2,assistant,"Plan: (1) define 2–3 B2B ICPs and top jobs-to-be-done; (2) 20–30 discovery calls with decision-makers; (3) problem/solution fit tests (lo-fi prototypes), (4) pricing smoke tests; (5) identify a design partner with paid pilot. Use a weekly operating cadence and a single metric for learning velocity."
PC010,3,user,"Which ICPs should we start with?"
PC010,4,assistant,"Pick segments where you have an unfair advantage (existing users or domain expertise). Define a narrow job‑to‑be‑done and a measurable pain."
PC010,5,user,"How do we run pricing tests fast?"
PC010,6,assistant,"Use a value prop page with three packaging options; recruit from discovery calls; ask for a letter of intent or pilot fee to validate willingness to pay."
PC010,7,user,"What’s a good weekly cadence?"
PC010,8,assistant,"Mon: plan experiments; Tue–Thu: discovery/demos; Fri: synthesis; update a one‑pager on learning velocity and next bets."
PC010,9,user,"When do we commit to the pivot?"
PC010,10,assistant,"If within 4 weeks you secure 1–2 paid design partners and see consistent problem/solution fit signals, commit. If not, iterate ICPs or consider sunsetting."
PC010,11,user,"Can you list the artifacts we should maintain?"
PC010,12,assistant,"ICP one‑pagers, discovery notes (coded themes), experiment backlog, funnel metrics, pilot SOWs, and a risk register."
PC010,13,user,"Thanks. We’ll kick off calls this week and set the cadence."
PC010,14,assistant,"Great. Share a weekly summary to keep alignment and momentum."

PC011,1,user,"I’m caring for a senior cat with chronic kidney disease. Vet recommended subcutaneous fluids twice a week, phosphate binder, and renal diet, but I’m nervous. Any tips?"
PC011,2,assistant,"Work with your vet to practice fluid administration; warm fluids slightly, use new needles, and create a calm routine. Track hydration, appetite, weight, and litter box. Introduce renal diet gradually; check for medication interactions. Join a CKD caregiver group for support."
PC011,3,user,"How do I set up a fluids station at home so it’s not chaotic?"
PC011,4,assistant,"Pick a quiet spot. Hang the fluid bag above shoulder height, lay a towel on a table, keep needles, IV line, and alcohol swabs in a small bin. Prime the line, remove air, and keep a sharps container nearby."
PC011,5,user,"She wiggles a lot—any positioning tips?"
PC011,6,assistant,"Try a towel ‘purrito’ with front paws out, or place her on a non‑slip mat. Offer a lick mat with renal‑safe treats. Have a helper hold gently under the chest."
PC011,7,user,"What needle size should I use?"
PC011,8,assistant,"Ask your vet, but many use 18–20 gauge. 18g flows faster but may be less comfortable; 20g is gentler but slower. Always use a new sterile needle each session."
PC011,9,user,"How do I know I’ve given enough fluids?"
PC011,10,assistant,"Use the bag’s markings to measure volume. You’ll see a small ‘camel hump’ at the shoulders that absorbs over a few hours. Track date, volume, and her behavior."
PC011,11,user,"She’s picky with the renal diet."
PC011,12,assistant,"Transition slowly (10–20% new food added every 2–3 days). Warm food slightly, try different textures (pâté vs chunks), and ask about appetite stimulants if intake drops."
PC011,13,user,"Any signs we’re overdoing or underdoing fluids?"
PC011,14,assistant,"Too much: lethargy, coughing, or puffiness—call your vet. Too little: lethargy, constipation, poor appetite. Follow the prescribed schedule and recheck labs as advised."
PC011,15,user,"What about phosphate binders timing?"
PC011,16,assistant,"Give with meals as directed so they bind phosphorus in food. Separate from some meds per vet advice. Track stools; constipation can occur."
PC011,17,user,"Costs are adding up—how do I manage?"
PC011,18,assistant,"Ask your vet about generics, buy fluids/lines in bulk if appropriate, and compare pharmacies. Keep a monthly budget and a supply tracker to avoid rush fees."
PC011,19,user,"Can you summarize a weekly routine?"
PC011,20,assistant,"Mon/Thu: fluids; daily: meals with binder, hydration monitoring, and weight once/week. Log energy, appetite, litter box, and call vet for changes."
PC012,1,user,"I’m returning to work after parental leave and worried about childcare scheduling and pumping at the office. How do I set expectations with my manager and team?"
PC012,2,assistant,"Schedule a 1:1 to align on priorities and a phased workload. Share your core hours, pumping schedule (protected by law in many regions), and coverage plans. Propose async updates and clear SLAs. Ask HR about lactation rooms and storage."
PC012,3,user,"What should I actually say in the 1:1?"
PC012,4,assistant,"Example: ‘For the first 4–6 weeks I’ll be ramping back: mornings are best for deep work; I’ll need two 20‑minute pumping breaks at 10:30 and 2:30. I’ll keep deliverables on a weekly plan and flag risks early.’"
PC012,5,user,"How do I manage calendar overload?"
PC012,6,assistant,"Block pumping, commute buffers, and a daily focus block. Decline optional meetings with a short update in the invite comments."
PC012,7,user,"Childcare is a mix of daycare + a sitter. Any tips to avoid last‑minute scrambles?"
PC012,8,assistant,"Create a weekly childcare plan with hand‑offs, backup contacts, and a ‘rain plan’ for sickness. Share it with your partner/sitter in a shared doc."
PC012,9,user,"I’m anxious about performance perception."
PC012,10,assistant,"Align on 2–3 concrete outcomes for the first month (e.g., ship X, close Y). Send a Friday recap of progress/next week to keep visibility high."
PC012,11,user,"Pumping logistics at the office?"
PC012,12,assistant,"Confirm room access, fridge policy, and cleaning supplies. Consider a portable pump and a compact cooler bag. Build 10‑minute buffers for setup/cleanup."
PC012,13,user,"What if a meeting overlaps a pumping block?"
PC012,14,assistant,"Ask to move it; if not possible, use audio‑only with camera off and pump discreetly if comfortable, or reschedule one of the day’s sessions."
PC012,15,user,"Any self‑care guardrails?"
PC012,16,assistant,"Protect sleep, keep snacks/water at your desk, and set a hard stop. Plan one small win each day to rebuild confidence."
PC012,17,user,"Summarize my 4‑week ramp plan."
PC012,18,assistant,"Week 1: calendar hygiene + outcomes; Week 2: demo first milestone; Week 3: stabilize routines; Week 4: review with manager and adjust."
PC012,3,user,"What if deadlines slip due to caretaking emergencies?"
PC012,4,assistant,"Define a backup plan: identify a delegate, keep a ‘runbook’ for urgent tasks, and communicate early when constraints arise. Track outcomes to demonstrate sustained performance over time."

PC013,1,user,"I need to have a difficult conversation with my roommate about cleanliness and unpaid utilities without escalating. Any scripts?"
PC013,2,assistant,"Use non-accusatory framing and specifics: 'I feel stressed when the sink piles up and the April utilities ($124) remain unpaid. Can we agree on a cleaning rotation and auto-pay by the 5th each month?' Offer choices and a written plan."
PC013,3,user,"What if they get defensive?"
PC013,4,assistant,"Acknowledge and reflect: ‘I hear you’re busy—can we try a smaller rotation and auto‑pay to remove the mental load?’ Keep voice calm and focus on solutions."
PC013,5,user,"We’ve tried and it slips."
PC013,6,assistant,"Add accountability: a shared chore board with deadlines, mid‑week check‑in, and a small consequence (e.g., swap tasks) if missed."
PC013,7,user,"How do we split costs fairly?"
PC013,8,assistant,"If rooms differ, split by room size/amenities. Otherwise, equal split. Use one bills account with auto‑pay; each contributes weekly."
PC013,9,user,"Guests are another friction point."
PC013,10,assistant,"Set a cap (e.g., 2 overnights per guest/week), quiet hours, and 24‑hour notice. Document in a one‑page pact and revisit monthly."
PC013,11,user,"Summarize the script and plan."
PC013,12,assistant,"Script: ‘I feel X when Y; can we agree on Z?’ Plan: rotation + auto‑pay + guest policy + shared board + monthly check‑ins."

PC014,1,user,"My father wants to start weight training at 68 but has hypertension. What’s a safe way to begin?"
PC014,2,assistant,"Encourage a doctor clearance first. Start with light resistance 2–3x/week, focus on form, include warm-up/cool-down and balance work, monitor BP, and progress gradually. A trainer experienced with older adults can tailor safely."
PC014,3,user,"What exercises are best to start?"
PC014,4,assistant,"Chair squats, wall push‑ups, band rows, step‑ups, and farmer’s carries with light weights. Balance: tandem stance and heel‑to‑toe walks."
PC014,5,user,"How should we monitor blood pressure?"
PC014,6,assistant,"Measure before and after sessions the first few weeks; pause if readings exceed clinician thresholds or if dizziness occurs."
PC014,7,user,"Weekly plan?"
PC014,8,assistant,"Mon/Thu: strength 25–35 minutes; Tue/Sat: walks. Start 1–2 sets of 8–10 reps, RPE 5–6/10, add reps then load gradually."
PC014,9,user,"Any red flags?"
PC014,10,assistant,"Chest pain, unusual shortness of breath, or severe dizziness—stop and seek care."
PC014,11,user,"Summarize a starter month."
PC014,12,assistant,"Month 1: learn movement patterns, track BP, build consistency. Month 2: add small loads and balance challenges."

PC015,1,user,"I’m planning a backyard native plant garden in a small space (zone 7a) to support pollinators. Any layout and plant suggestions?"
PC015,2,assistant,"Design layers: groundcovers (creeping thyme), perennials (echinacea, milkweed, black-eyed Susan), shrubs (inkberry holly). Include bloom succession spring–fall, a water source, and avoid pesticides. Group by sun exposure and install mulch for moisture."
PC015,3,user,"How do I plan the layout?"
PC015,4,assistant,"Sketch a 10’×12’ bed with a curved border, taller shrubs in the back (north side), mids in the middle, and drifts of 3–5 perennials. Leave stepping stones for access."
PC015,5,user,"What about soil prep?"
PC015,6,assistant,"Do a basic soil test. Add compost, remove weeds, and consider sheet mulching to suppress grass."
PC015,7,user,"Watering plan?"
PC015,8,assistant,"Set up a simple soaker hose on a timer; deep water weekly during establishment, then taper."
PC015,9,user,"Winter care?"
PC015,10,assistant,"Leave stems/leaves over winter for overwintering insects; clean up lightly in spring."
PC015,11,user,"Summarize a plant list and weekend plan."
PC015,12,assistant,"Shrubs: inkberry holly (2). Perennials: echinacea (6), milkweed (6), black‑eyed Susan (6), bee balm (5). Groundcover: creeping thyme (flat). Weekend: soil prep, edging, plant, and mulch."

PC016,1,user,"My teen spends 6+ hours/day gaming and grades are slipping. How do we set boundaries without constant fights?"
PC016,2,assistant,"Collaboratively set goals and limits: define screen-free times, tie privileges to responsibilities, and offer alternative activities. Use parental controls as a backstop, not punishment. Check for underlying stressors and consider counseling if conflict persists."
PC017,1,user,"I’m switching to a Mediterranean diet but work long hours. Can you help me create a 5‑day meal plan that’s quick, affordable, and kid-friendly?"
PC017,2,assistant,"Plan outline: batch-cook grains/legumes Sunday; dinners: sheet-pan salmon/veggies, chicken souvlaki bowls, lentil tomato pasta, tuna white-bean salad, veggie frittata. Snacks: hummus/veg, fruit, yogurt. Grocery list grouped by produce/protein/pantry."

PC018,1,user,"My landlord hasn’t fixed a persistent leak for 6 weeks despite multiple emails. Ceiling is moldy. What steps can I take?"
PC018,2,assistant,"Document with photos and dated notices; send a certified letter citing local habitability laws and deadlines; request repair or rent credit; contact local housing inspection; consider tenant legal aid. Avoid withholding rent without legal guidance."

PC019,1,user,"We’re planning a small wedding (50 ppl) in 4 months. Budget $12k, want outdoor ceremony and simple reception. Where do we start?"
PC019,2,assistant,"Timeline: secure venue/permit, officiant, and photographer first; prioritize weather backup; allocate budget: venue 30%, food 35%, attire 10%, decor 10%, photo 10%, misc 5%; send save‑the‑dates now."

PC020,1,user,"I want to take my side project (habit tracker app) to market. What’s a 4‑week plan to test demand?"
PC020,2,assistant,"Week 1: landing page with waitlist and positioning tests; Week 2: MVP with core habit logging + reminders; Week 3: cohort onboarding and activation loops; Week 4: pricing tests and churn interviews. Track conversion/activation/retention."

PC021,1,user,"I’m exploring ADHD evaluation as an adult. What’s the process and how do I prepare?"
PC021,2,assistant,"Process: intake with primary care/mental health, validated questionnaires, history gathering, collateral input, differential diagnosis. Prepare notes on symptoms since childhood, impairment areas, and co‑occurring conditions; ask about therapy, coaching, and workplace accommodations."
PC022,1,user,"I’m organizing a community fundraiser  in two weeks for a neighbor’s medical bills. We need permits, budget, and volunteer roles fast. Where do I start?"
PC022,2,assistant,"Checklist: venue/permit, insurance/risk assessment, donations/payment processing, marketing plan, volunteer shifts (setup, registration, food, cleanup), and a simple run‑of‑show. Draft a budget by line items and set a minimum goal."

PC023,1,user,"I’m burned out as a new manager. My 1:1s feel unstructured and I’m behind on feedback. How do I reset?"
PC023,2,assistant,"Create a 4‑week reset: agenda template (wins/blocks/growth), feedback cadence (real‑time + weekly), team goals review, and a manager’s time audit. Communicate openly and set expectations for responsiveness."

PC024,1,user,"Our family is moving internationally with a dog. I’m worried about airline requirements, quarantine, and housing."
PC024,2,assistant,"Steps: microchip and vaccinations per destination; export health certificate; airline crate and embargo rules; pet‑friendly temporary housing; check quarantine/inspection appointments; gather vet records and insurance."

PC025,1,user,"I want to declutter my home but get overwhelmed deciding what to keep. Any framework?"
PC025,2,assistant,"Use the 'four-box' method (keep/donate/recycle/trash) with 30‑minute sprints; start with easy rooms; set criteria (use frequency, condition, sentiment); take photos for sentimental items; plan donation pickups."

PC026,1,user,"I’m struggling to make friends in a new city. Any practical steps?"
PC026,2,assistant,"Set a weekly schedule: join interest groups/classes, volunteer, attend recurring meetups, and set 'coffee chat' goals. Follow up with 2–3 people weekly; be consistent for 8–12 weeks."
PC027,1,user,"I’m learning to budget as a recent grad. I make $58k and have $24k student loans. How should I prioritize savings vs. debt vs. fun money?"
PC027,2,assistant,"Simple plan: allocate 50/30/20 baseline, build a $1.5–2k emergency fund first, pay minimums on loans, then direct extra to highest‑interest debt. Automate transfers; schedule a quarterly review to increase savings rate as income grows."

PC028,1,user,"My partner and I disagree about getting a dog. I’m pro, they’re worried about time and costs. How do we decide fairly?"
PC028,2,assistant,"List responsibilities (training, walks, vet, grooming) and estimate costs; test with pet‑sitting for friends; set a 60‑day trial plan with explicit roles and a decision point."

PC029,1,user,"I want to start learning piano as an adult. Any effective self‑study routine?"
PC029,2,assistant,"Routine: daily 20–30 min with structured plan: scales, chords, sight‑reading, and one piece. Use graded method books and a metronome; record sessions weekly to track progress; consider monthly teacher check‑ins."

PC030,1,user,"I’m preparing for my first half‑marathon in 12 weeks. Beginner runner. Suggestions?"
PC030,2,assistant,"Plan: 3 runs/week (easy, tempo, long), 2 cross‑training days, 2 rest days; build long run gradually; strength and mobility twice weekly; prioritize sleep and fueling; pick a race‑day pacing strategy."

PC031,1,user,"My parents are pressuring me to switch majors. I like design, they want CS. How do I navigate this?"
PC031,2,assistant,"Clarify goals and strengths; gather data on career paths and outcomes; propose a minor or double‑major path; set a trial semester with measurable milestones; involve an academic advisor in the discussion."
PC032,1,user,"I want to start a neighborhood running club but don’t know how to attract people safely and consistently."
PC032,2,assistant,"Create a weekly schedule with beginner/intermediate paces, published routes, safety rules (lights, reflective gear), and a code of conduct. Cross-post to local groups; keep consistent times; celebrate milestones."

PC033,1,user,"I’m planning to switch to a standing desk. Any ergonomic tips to avoid pain?"
PC033,2,assistant,"Alternate sitting/standing; 20‑8‑2 microbreaks; monitor at eye level; neutral wrists; anti-fatigue mat; supportive shoes; gradual ramp-up; stretch calves/hip flexors."

PC034,1,user,"I’m dealing with grief after losing a grandparent and feel numb. How do I cope day to day?"
PC034,2,assistant,"Focus on small routines: sleep, hydration, walks; connect with family/friends; consider a grief support group; give yourself permission to feel; memorialize with a simple ritual. Seek professional help if symptoms persist or worsen."

PC035,1,user,"I’m afraid of flying but need to take a cross‑country trip. Any strategies?"
PC035,2,assistant,"Education-based exposure (how turbulence works), breathing techniques (box breathing), distraction kits (music/books), aisle seat near wing, and pre‑boarding disclosure to crew if helpful. Therapy (CBT) can assist longer-term."

PC036,1,user,"I’ve been offered a promotion to team lead but worry about losing IC focus. How do I evaluate?"
PC036,2,assistant,"List role expectations, time split (management vs. IC), career trajectory, and compensation; pilot a 60‑day trial leading a project; get mentorship; decide with data on fit and energy."
PC037,1,user,"I’m preparing to ask for a rent reduction at lease renewal due to building issues (elevator outages, noise). Any tips?"
PC037,2,assistant,"Collect evidence (dates, notices), comparable rents, and draft a calm email requesting a fair adjustment or credits. Offer to renew for a longer term."

PC038,1,user,"I want to start journaling but never stick with it. How can I keep it simple?"
PC038,2,assistant,"Use a 3‑line format: what happened, how I felt, one next step. Tie journaling to an existing routine (bedtime/coffee). Keep a tiny streak goal (5 minutes)."

PC039,1,user,"I’m recovering from an ankle sprain and want to return to hiking. What’s a safe progression?"
PC039,2,assistant,"After medical clearance: start with range‑of‑motion and band work, then treadmill incline, then easy trails with trekking poles; progress distance/grade gradually; use supportive footwear and monitor swelling/pain."

PC040,1,user,"My sibling and I disagree about selling our late parent’s house. I want to keep it; they want to sell now. How do we approach this?"
PC040,2,assistant,"List financial/maintenance realities, market comps, and alternatives (buyout, partial rental). Set a timeline, consider a mediator, and consult an estate attorney for implications."

PC041,1,user,"I’m overwhelmed by news and social media. How do I stay informed without constant stress?"
PC041,2,assistant,"Pick limited, high‑quality sources; schedule brief check‑ins (e.g., 15 min twice daily); avoid doomscrolling; mute triggers; add a non‑news morning routine; consider a weekly digest."
PC042,1,user,"I want to build a morning routine that sticks. I have 30 minutes max."
PC042,2,assistant,"Keep it simple: 5 min hydrate/stretch, 10 min focused task (reading/journaling), 10 min movement (walk/bodyweight), 5 min plan the day. Anchor to the same time and prep the night before."

PC043,1,user,"We’re expecting a baby and trying to set a simple household budget. What categories should we plan for?"
PC043,2,assistant,"Core categories: housing, utilities, food, transportation, medical, childcare/diapers, savings/emergency fund, and discretionary. Add a buffer for surprises; review monthly."

PC044,1,user,"I’m thinking about deleting social media but worry about losing contacts. How to do it gradually?"
PC044,2,assistant,"Export contacts, post a migration note, set a 30‑day ‘wind‑down’ with reduced usage, and move chats to privacy‑respecting apps. Keep a minimal account for essential groups if needed."

PC045,1,user,"My small team is fully remote and meetings drag. How do we make them tighter?"
PC045,2,assistant,"Agenda with time boxes and owner per item; pre‑reads; start with decisions needed; parking lot for off‑topic; end with action items and owners; consider async status updates."

PC046,1,user,"I’m trying to learn public speaking for work. Any quick practice routine?"
PC046,2,assistant,"Daily 10‑minute drills: record a 2‑minute talk, review filler words and pacing, practice a clear call‑to‑action, and join a weekly speaking club for reps and feedback."
PC047,1,user,"I’m moving to a new apartment and want a minimalist setup without overbuying. Can you help build a room‑by‑room checklist and budget?"
PC047,2,assistant,"Start with essentials: bedroom (mattress, frame, 2 pillows, bedding), living (sofa/chair, lamp), kitchen (2 pans, chef knife, cutting board, plates/bowls/cups for 2), bath (towels, shower curtain), cleaning (broom, multipurpose cleaner). Set a total budget and allocate by room."
PC047,3,user,"What’s a reasonable budget?"
PC047,4,assistant,"For a studio/1‑BR: $1.2–$2.5k depending on quality and second‑hand options. Prioritize mattress and chair. Use buy‑nothing groups and refurbished sources for savings."
PC047,5,user,"I work from home twice a week."
PC047,6,assistant,"Add a desk, ergonomic chair, task light, and laptop stand with external keyboard/mouse. Keep cable management simple (clips, a power strip)."
PC047,7,user,"Can you give me a phased plan?"
PC047,8,assistant,"Phase 1 (week 1): bed, basic kitchen, lamp, cleaning kit. Phase 2 (week 2–3): desk setup, sofa/chair, rug. Phase 3 (week 4): decor and storage bins. Reassess wants vs. needs after 2 weeks of living."
PC047,9,user,"Summarize items and a target budget per room."
PC047,10,assistant,"Bedroom $600–$1000; Living $300–$700; Kitchen $150–$300; Office $250–$600; Bath/Cleaning $100–$200. Track purchases in a sheet and pause before non‑essentials."
PC047,11,user,"How do I measure the space so I don’t buy furniture that doesn’t fit?"
PC047,12,assistant,"Measure wall lengths, window/door clearances, and outlets. Use painter’s tape to mark sofa/desk footprints on the floor. Leave 30–36"" walkways."
PC047,13,user,"Any delivery and returns tips?"
PC047,14,assistant,"Check elevator dimensions and delivery windows; choose vendors with free returns or low restocking fees. Keep boxes until you confirm fit."
PC047,15,user,"I’m sensitive to noise."
PC047,16,assistant,"Add a rug and door sweeps, use felt pads, and consider a white‑noise machine. Heavy curtains help with street noise and light."
PC047,17,user,"Storage is tight."
PC047,18,assistant,"Use under‑bed bins, a vertical shelf with baskets, and over‑the‑door hooks. Choose a bed frame with drawers if budget allows."
PC047,19,user,"Do I really need decor?"
PC047,20,assistant,"Keep it minimal: one plant, two prints, and a small rug can warm the space. Buy decor last after you settle routines."
PC047,21,user,"What about renter’s insurance?"
PC047,22,assistant,"Price a basic policy ($10–$20/mo). Photograph valuables and keep a list for claims."
PC047,23,user,"Any moving‑day checklist?"
PC047,24,assistant,"Toolkit (screwdriver, tape measure), surge protector, trash bags, snacks, and a first‑night kit (toiletries, bedding)."

PC048,1,user,"I’m planning to switch careers from marketing to data analytics within 6 months. How should I structure learning and projects while working full‑time?"
PC048,2,assistant,"Outline: Month 1–2: Python, SQL, spreadsheets; Month 3: data viz (Tableau/Power BI), stats basics; Month 4: two portfolio projects; Month 5: domain project + storytelling; Month 6: interviews."
PC048,3,user,"What counts as a good portfolio project?"
PC048,4,assistant,"Pick a dataset tied to a real question (e.g., marketing funnel drop‑offs). Deliver: cleaned dataset, SQL queries, a dashboard, and a 1‑page narrative with insights and actions."
PC048,5,user,"How many hours per week?"
PC048,6,assistant,"Aim for 8–10 hrs: 3 evenings + one longer weekend block. Protect time on your calendar and set weekly deliverables."
PC048,7,user,"How do I make my resume credible?"
PC048,8,assistant,"Quantify outcomes in marketing roles (lift, CAC, retention), link projects, list skills with proficiency, and add a brief case study."
PC048,9,user,"Mock interview plan?"
PC048,10,assistant,"Weekly SQL/analytics questions; a 10‑minute business case with charts; practice explaining assumptions and tradeoffs."
PC048,11,user,"How do I network without being awkward?"
PC048,12,assistant,"Message alumni and past colleagues with a specific question, share a brief project link, and ask for 15 minutes. Always follow up with thanks and one actionable takeaway."
PC048,13,user,"Should I get certifications?"
PC048,14,assistant,"Optional. If your target roles request them, pick one (e.g., DA‑100) but prioritize real projects and SQL fluency."
PC048,15,user,"How do I tailor resumes to ATS?"
PC048,16,assistant,"Mirror keywords from the job description, keep clean formatting, quantify outcomes, and link a portfolio site with case studies."
PC048,17,user,"Can you map a real job post to skills to study this week?"
PC048,18,assistant,"If the role needs SQL joins/window functions and Tableau, focus on CTEs, ranking functions, and build a small dashboard on funnel conversion."
PC048,19,user,"I’m worried about burnout."
PC048,20,assistant,"Set a sustainable pace (two evenings + one weekend session), block rest nights, and use a weekly review to adjust goals."
PC048,21,user,"What’s a good end‑to‑end portfolio story?"
PC048,22,assistant,"Problem → Data → Method (SQL/Python) → Visualization → Insight → Action. Keep code clean and write a 1‑page narrative."
PC048,23,user,"Okay, I’ll start with SQL and a dashboard this week."
PC048,24,assistant,"Great. Share a link for feedback and note one lesson learned per project."

PC049,1,user,"I want to start weight training at home with only dumbbells. Can you build an 8‑week plan?"
PC049,2,assistant,"Structure: 3 days/week full‑body (squat/hinge/push/pull/core). Week 1–2: learn form; Week 3–6: progressive overload; Week 7–8: deload + intensity waves. Track reps, RPE, rest 60–90s."
PC049,3,user,"What exercises?"
PC049,4,assistant,"Goblet squat, RDL, split squat, floor press, one‑arm row, overhead press, lateral raise, plank/side plank, suitcase carry."
PC049,5,user,"I’m concerned about my lower back."
PC049,6,assistant,"Emphasize form cues, hip hinge patterning, glute bridges, bird dogs, and anti‑rotation core work. Stop at pain; consult a clinician if symptoms persist."
PC049,7,user,"How do I progress?"
PC049,8,assistant,"Add 2.5–5 lbs when you hit top reps with good form for two sessions. If stuck, add a set or slow tempo."
PC049,9,user,"Can you summarize a weekly template?"
PC049,10,assistant,"Mon: full body A; Wed: full body B; Fri: full body A (swap next week). 45–60 minutes per session; warm‑up 5–8 minutes; cool‑down 5 minutes."
PC049,11,user,"What does a good warm‑up look like?"
PC049,12,assistant,"3–5 minutes brisk walk or jump rope, then dynamic moves: hip hinges, arm circles, bodyweight squats, and a light set of the first exercise."
PC049,13,user,"Do I need special nutrition?"
PC049,14,assistant,"Aim for 0.7–1.0 g protein/lb bodyweight, adequate carbs for training days, and hydrate. Keep calories consistent; prioritize sleep 7–8 hours."
PC049,15,user,"Travel will disrupt me."
PC049,16,assistant,"If traveling, run two sessions that week with higher intensity, or do a minimalist hotel routine (goblet squat, push‑ups, rows, carry)."
PC049,17,user,"What if my elbow starts hurting on rows?"
PC049,18,assistant,"Reduce load, check wrist/elbow alignment, vary grip, and swap to chest‑supported rows. If pain persists, consult a clinician."
PC049,19,user,"How do I know I’m progressing well?"
PC049,20,assistant,"You should add small weight or reps most weeks and feel more stable on core lifts. Deload week: reduce volume 30–40% to recover."
PC049,21,user,"Summarize the next steps."
PC049,22,assistant,"Set up a log, film key lifts for form checks, and plan week 1 sessions now. Adjust loads based on RPE and keep consistency the priority."

PC050,1,user,"Our toddler’s sleep has regressed after travel. We need a plan to reset nights."
PC050,2,assistant,"Baseline: consistent bedtime window, calming routine, dark/cool room, white noise. Re‑establish anchors: same wake time for 5–7 days, naps capped per age, and gradual shift to target schedule."
PC050,3,user,"Night wakings are frequent."
PC050,4,assistant,"Choose a response plan (timed check‑ins, pick up/put down, or chair method). Apply consistently for 3–5 nights; avoid starting new sleep associations."
PC050,5,user,"Any travel‑specific tips?"
PC050,6,assistant,"On trips: recreate sleep cues (pjs, book, sound), keep naps flexible but protect total sleep, and avoid overtiredness on travel days."
PC050,7,user,"What about nutrition?"
PC050,8,assistant,"Offer dinner earlier, limit sugar late, provide a small protein/fat snack if needed."
PC050,9,user,"How do we measure progress?"
PC050,10,assistant,"Track bedtime, night wakings, total sleep, and parental interventions in a simple log; evaluate trends after 7 days and iterate."
PC050,11,user,"Can you suggest a sample schedule?"
PC050,12,assistant,"Example (age‑dependent): Wake 7:00, nap 12:30–2:00, bedtime routine 7:00, asleep 7:30. Adjust 15 minutes every 2–3 days to target."
PC050,13,user,"What’s a solid bedtime routine?"
PC050,14,assistant,"Bath, PJs, book, lights dim, sound machine on, brief cuddle, into crib/bed drowsy but awake. Keep it 20–30 minutes."
PC050,15,user,"Daycare disrupts naps."
PC050,16,assistant,"Coordinate with daycare on max nap length and latest nap cutoff. Offer an earlier bedtime on heavy daycare days."
PC050,17,user,"Teething or sickness?"
PC050,18,assistant,"Prioritize comfort, keep routines as close as possible, and reset gradually afterward. Avoid adding new sleep associations you’ll need to undo."
PC050,19,user,"Any tips for jet lag recovery?"
PC050,20,assistant,"Anchor to local time with daylight and meals; cap naps; keep bedtime cues consistent; allow a 3–4 day adjustment window."
PC050,21,user,"Thanks—this gives us a plan."
PC050,22,assistant,"You’ve got this. Review the sleep log after a week and adjust gradually; consistency wins."

PC051,1,user,"I’m anxious about presenting a quarterly update to execs next week. Can you help me structure a 10‑minute talk?"
PC051,2,assistant,"Structure: (1) Objective; (2) 3 KPIs with trends and actions; (3) 2 risks with mitigations; (4) 1 ask (resources/decision). Use one slide per section, big fonts, few numbers."
PC051,3,user,"What should I avoid?"
PC051,4,assistant,"Dense slides, jargon, and diving into details without a clear narrative. Keep a 2‑minute appendix for likely questions."
PC051,5,user,"How do I handle questions?"
PC051,6,assistant,"Repeat the question, answer briefly, defer deep dives to follow‑up if needed, and confirm next steps. Timebox Q&A to 2–3 minutes."
PC051,7,user,"Any rehearsal tips?"
PC051,8,assistant,"Record a dry run, check timing (8 minutes talk + 2 minutes Q&A), and practice the first and last sentence until they’re automatic."
PC051,9,user,"Can you help with slide design?"
PC051,10,assistant,"Use large fonts (>=24pt), one message per slide, and simple charts (line for trends, bar for comparisons). Highlight the takeaway in the title."
PC051,11,user,"Should I send materials ahead?"
PC051,12,assistant,"If culture permits, share a 1‑pager with KPIs and asks 24 hours prior. It improves questions and reduces slide reading."
PC051,13,user,"How do I avoid over‑explaining?"
PC051,14,assistant,"Stick to the story arc: Objective → Results → Risks → Ask. Time checkpoints at 3, 6, and 9 minutes. Leave details for appendix."
PC051,15,user,"What if someone derails the meeting?"
PC051,16,assistant,"Acknowledge, propose an offline follow‑up, and return to the agenda: ‘That’s important—let’s park it and I’ll follow up after.’"
PC051,17,user,"Any tech checks?"
PC051,18,assistant,"Arrive early, test HDMI/audio, window management, and presenter view. Keep a PDF backup and printed 1‑pager."
PC051,19,user,"How should I follow up?"
PC051,20,assistant,"Send a recap email: outcomes, decisions, risks, owners/dates, and the deck/1‑pager attached. Ask if more data is needed for the next checkpoint."
PC052,1,user,"My company asked me to relocate from Toronto to Berlin in 4 months. I need a plan for visas, housing, banking, and schools for a 6‑year‑old. Where do I start?"
PC052,2,assistant,"Create a relocation workback: (1) visa/Blue Card eligibility and documents; (2) temporary housing for 30–60 days; (3) daycare/school waitlists; (4) banking/health insurance setup; (5) movers and customs inventory."
PC052,3,user,"I qualify for the EU Blue Card."
PC052,4,assistant,"Great. Collect apostilled degree, employment contract, insurance proof, and marriage/birth certificates if applicable. Book consulate appointments early and pre‑register residence (Anmeldung) planning."
PC052,5,user,"What about housing?"
PC052,6,assistant,"Start with a serviced apartment for 6–8 weeks. Meanwhile, search long‑term via ImmoScout/WG‑Gesucht, prepare a SCHUFA workaround (landlord letter + employer letter), and budget 2–3 months deposit + broker fee where applicable."
PC052,7,user,"Banking without SCHUFA?"
PC052,8,assistant,"Open an online bank with passport/remote identification (e.g., N26). After Anmeldung, convert to full account and set up salary/SEPA."
PC052,9,user,"School options?"
PC052,10,assistant,"Public Grundschule placement is by district after Anmeldung; explore bilingual or private options with waitlists. Prepare vaccination and prior records."
PC052,11,user,"Moving logistics?"
PC052,12,assistant,"Decide air vs. sea freight; list restricted items; photograph inventory; insure valuables. Ship essentials in advance; rent furnished temporary housing to bridge."
PC052,13,user,"Taxes?"
PC052,14,assistant,"Consult cross‑border tax advisor on residency start date, social security, and pension implications. Clarify whether you’ll be on a German contract."
PC052,15,user,"Timeline please."
PC052,16,assistant,"T‑16 weeks: visa docs; T‑14: consulate booking; T‑12: movers quotes; T‑10: school outreach; T‑8: temporary housing; T‑6: banking pre‑setup; T‑4: ship goods; T‑2: insurance; T‑0: Anmeldung."
PC052,17,user,"Any pitfalls to avoid?"
PC052,18,assistant,"Late Anmeldung blocks many services; school holidays delay replies; bring extra certified copies; keep a shared checklist with owners/dates."
PC052,19,user,"Summarize my next steps."
PC052,20,assistant,"Next: book visa slot, secure temp housing, start school waitlists, gather apostilles, and get 3 moving quotes."
PC053,1,user,"I make $82k and have $18k credit card debt at ~22% APR. I want a 12‑month payoff plan without killing all fun spending."
PC053,2,assistant,"Snapshot: list balances/APRs/min payments. Strategy: avalanche (highest APR first) while keeping a modest fun budget (e.g., $150/mo) to sustain."
PC053,3,user,"Balances: $8k @ 24%, $6k @ 21%, $4k @ 19%."
PC053,4,assistant,"Minimums ~$400/mo total? Build a $1k emergency fund first, then target $8k with $900–$1,100 extra monthly, roll repayments as each zeroes out."
PC053,5,user,"Where do I find $1k/month?"
PC053,6,assistant,"Trim variable costs (subscriptions, dining), refinance car insurance, negotiate internet, and consider a weekend side hustle for 3–6 months. Automate pay‑yourself‑first on payday."
PC053,7,user,"Balance transfer card?"
PC053,8,assistant,"A 0% intro APR for 12–18 months can help if fees are low and you avoid new spending. Move the $8k chunk and auto‑pay to finish before promo ends."
PC053,9,user,"What about retirement?"
PC053,10,assistant,"If your 401(k) match exists, keep just the match; redirect the rest to debt payoff for 12 months, then ramp contributions."
PC053,11,user,"I’m worried about backsliding."
PC053,12,assistant,"Use a weekly money review, freeze cards for 30 days, and keep a small fun fund to avoid rebound. Track debt balance visibly."
PC053,13,user,"Can you build a month‑by‑month plan?"
PC053,14,assistant,"Months 1–3: $1k emergency fund + transfer setup; Months 4–9: $1k/mo to highest APR; Months 10–12: roll to next balances. Update if income/expenses change."
PC053,15,user,"What if a surprise expense hits?"
PC053,16,assistant,"Use the $1k buffer, then temporarily drop extra payments for 1–2 months, resume avalanche after."
PC053,17,user,"Okay, I’ll start this weekend."
PC053,18,assistant,"Good. Schedule automation and calendar reminders now; future you will thank you."
PC054,1,user,"I’m applying to a Human‑Computer Interaction master’s program. Can you help outline my Statement of Purpose and recommenders strategy?"
PC054,2,assistant,"SOP arc: (1) origin story; (2) academic/pro work highlights; (3) research/interests fit with the program; (4) goals; (5) why this school and faculty."
PC054,3,user,"Who should I ask for recommendations?"
PC054,4,assistant,"Pick 2–3 who can speak to your design research, collaboration, and rigor: a professor, a manager, and a project lead. Provide them a highlight sheet and deadlines."
PC054,5,user,"What belongs in the portfolio?"
PC054,6,assistant,"3–4 end‑to‑end case studies: problem, users, research methods, design iterations, usability results, and impact. Keep it scannable with artifacts and reflections."
PC054,7,user,"How long should the SOP be?"
PC054,8,assistant,"Typically 1–2 pages. Prioritize clarity over prose. Every paragraph should advance fit and readiness."
PC054,9,user,"Any common mistakes?"
PC054,10,assistant,"Vague interests, listing tools instead of outcomes, and not naming specific labs/faculty. End with concrete goals (e.g., health tech UX for older adults)."
PC054,11,user,"Timeline please."
PC054,12,assistant,"Week 1: outline; Week 2: draft; Week 3: reviews; Week 4: final SOP/portfolio polish; Week 5: submit recommenders; Week 6: finalize application."
PC054,13,user,"Thanks—this makes it feel doable."
PC054,14,assistant,"You’ve got a plan. Share your outline and list of faculty you’d like to work with for quick feedback."
PC055,1,user,"Our home Wi‑Fi is patchy. ISP 500 Mbps down, but bedrooms get <20 Mbps. We have one old router by the modem."
PC055,2,assistant,"Upgrade to a Wi‑Fi 6 mesh (2–3 nodes). Place the main node at the center of the home, not in a closet. Connect backhaul via Ethernet if possible."
PC055,3,user,"I can run one Ethernet to the living room."
PC055,4,assistant,"Great—use wired backhaul for the living room node, and place the third node halfway to the bedrooms. Avoid near microwaves/metal."
PC055,5,user,"What about channels?"
PC055,6,assistant,"Use auto‑channel with DFS enabled; split 2.4/5 GHz SSIDs only if legacy devices misbehave. Turn off the ISP gateway Wi‑Fi and use bridge mode."
PC055,7,user,"Security?"
PC055,8,assistant,"Use WPA3 if available, strong unique password, and disable WPS. Separate a guest network for visitors and IoT devices."
PC055,9,user,"How do I test improvements?"
PC055,10,assistant,"Run speed tests in each room, then iPerf between a wired host and Wi‑Fi client. Aim for >100 Mbps in bedrooms given your plan."
PC055,11,user,"Any QoS settings?"
PC055,12,assistant,"Enable device priority for calls during work hours; otherwise let the mesh auto‑optimize."
PC055,13,user,"Okay, I’ll order a 3‑pack and run the cable this weekend."
PC055,14,assistant,"Perfect. Label your nodes, map outlets, and take photos for future troubleshooting."
PC056,1,user,"We’re planning a 120‑person wedding in 7 months. Budget $25k. We need a vendor plan, timeline, and family expectations management."
PC056,2,assistant,"Priorities: venue/date, photographer, catering, and music first. Draft a budget: venue 35%, food/drink 40%, photo 10%, attire 5%, decor 5%, misc 5%."
PC056,3,user,"We have a venue short‑list."
PC056,4,assistant,"Confirm capacity, rain plan, noise curfew, preferred vendors, and load‑in rules. Hold 2–3 dates and check photographer availability."
PC056,5,user,"Family wants a long ceremony; we want short."
PC056,6,assistant,"Set expectations early: outline a 20‑minute ceremony with a meaningful reading; offer a family blessing at the reception to honor their wishes."
PC056,7,user,"How do we manage RSVPs and seating?"
PC056,8,assistant,"Use a wedding website + Google Sheet for RSVPs/dietary needs. Group by relationship circles; place elderly near exits and away from speakers."
PC056,9,user,"Any timeline template?"
PC056,10,assistant,"T‑28 weeks: venue/photographer; T‑24: catering/music; T‑20: invites draft; T‑16: dress/suit; T‑12: tastings; T‑8: finalize decor; T‑6: send invites; T‑4: seating; T‑2: final counts; T‑0: rehearsal."
PC056,11,user,"What about contracts?"
PC056,12,assistant,"Watch cancellation clauses, delivery times, vendor meals, and overtime rates. Keep copies in a shared folder."
PC056,13,user,"We want to keep costs down."
PC056,14,assistant,"Focus spend on food, photo, and music; simplify decor; consider a weekday or off‑season date; negotiate package rates."
PC056,15,user,"Can you summarize next steps?"
PC056,16,assistant,"This week: lock venue holds, contact top photographer, sketch the budget, and message families about ceremony length and blessing plan."
PC057,1,user,"I’m buying my first home in the next 8–10 months. I make $115k, have $40k for down payment, and my credit score is ~740. How do I build a step‑by‑step plan?"
PC057,2,assistant,"Plan: (1) budget and target price; (2) lender shopping and pre‑approval; (3) agent selection; (4) neighborhoods + comps; (5) touring checklist; (6) offer strategy; (7) inspection/appraisal; (8) closing tasks."
PC057,3,user,"What price range fits me? I don’t want to be house‑poor."
PC057,4,assistant,"Start with a payment you’re comfortable with (PITI ≤ 28–30% of gross). Factor taxes/insurance/HOA and a 1–2% annual maintenance reserve. Build a spreadsheet with conservative rates."
PC057,5,user,"How many lenders should I contact?"
PC057,6,assistant,"At least 3–5 within a 2‑week window to minimize score impact. Compare APR, points, lender fees, and rate locks. Get a fully underwritten pre‑approval if possible."
PC057,7,user,"Down payment strategy?"
PC057,8,assistant,"Budget for 3–5% closing costs plus an emergency fund post‑close. If you do <20% down, model PMI and consider lender‑paid PMI vs. borrower‑paid. Check first‑time buyer programs."
PC057,9,user,"What should I look for when touring?"
PC057,10,assistant,"Major systems: roof age, HVAC, electrical panel, windows, moisture signs, foundation cracks. Noise, light, parking, cell signal, commute time. Take photos and note pros/cons."
PC057,11,user,"Offer tactics in a competitive market?"
PC057,12,assistant,"Pre‑approval letter, strong earnest money, clean contingencies (but don’t waive inspection lightly), flexible closing timeline, escalation clause if appropriate."
PC057,13,user,"Inspection comes back with minor issues."
PC057,14,assistant,"Ask for a credit or repairs for safety/major items; accept cosmetic fixes as your future projects. Keep emotion out—use quotes if needed."
PC057,15,user,"What could delay closing?"
PC057,16,assistant,"Appraisal shortfalls, title issues, underwriting conditions, or condo docs. Respond quickly to lender requests, avoid new debt, and keep funds seasoned."
PC057,17,user,"Any post‑close checklist?"
PC057,18,assistant,"Change locks, set up utilities, make a 90‑day buffer fund, enroll in autopay, and schedule a maintenance calendar (filters, gutters, seasonal checks)."
PC057,19,user,"Summarize my next steps."
PC057,20,assistant,"This month: finalize budget, gather lender docs, get 3–5 quotes, and select an agent. Next: refine neighborhoods and start touring with a clear checklist."
PC058,1,user,"I want to lose ~15 lbs in 5–6 months without extreme dieting. Desk job, 2 kids, limited time. Can you design a realistic plan?"
PC058,2,assistant,"Targets: ~0.5 lb/week. Plan: modest calorie deficit (200–300/day), 3 strength sessions + 2 short cardio per week, 8k steps/day, and sleep 7h. Track weekly averages, not daily perfection."
PC058,3,user,"How do I build meals?"
PC058,4,assistant,"Meal template: protein + veg + smart carbs + fats. Use a short list of repeatable meals. Batch‑cook protein, frozen veggies, and pre‑portioned snacks."
PC058,5,user,"Time is tight mid‑week."
PC058,6,assistant,"Two 30‑minute lifts at home and one weekend session; two 15‑minute interval walks or bike rides. Stack workouts after an existing habit."
PC058,7,user,"What about weekends and social meals?"
PC058,8,assistant,"Use a ‘maintenance’ day (no deficit) for one social meal. Aim for protein/veg first, slow down, and skip sugary drinks."
PC058,9,user,"How do I track without obsession?"
PC058,10,assistant,"Weigh 3x/week in the morning; log weekly averages. Use a loose calorie estimate or hand‑portion method. Track steps and workouts, not every bite."
PC058,11,user,"Plateaus?"
PC058,12,assistant,"Hold steady for 2 weeks; if no change, add a 10–15 minute walk daily or reduce portions slightly."
PC058,13,user,"Travel will happen."
PC058,14,assistant,"Travel playbook: protein at each meal, a 20‑minute hotel circuit, aim for steps, and resume plan immediately after."
PC058,15,user,"Summarize the plan."
PC058,16,assistant,"3 lifts + 2 short cardio, 8k steps, small daily deficit, batch meals, weekly averages, and a maintenance day for flexibility."
PC059,1,user,"I want to start a neighborhood volunteer group for monthly clean‑ups and a small community garden. How do I get this off the ground?"
PC059,2,assistant,"Pilot: pick a date, a small area, and 10–15 volunteers. Create a simple charter (scope, safety, and respectful conduct). Register with the city if required."
PC059,3,user,"How do I recruit?"
PC059,4,assistant,"Use local groups, a flyer with QR signup, and a shared calendar. Offer a clear 2‑hour commitment and family‑friendly tasks."
PC059,5,user,"Garden logistics?"
PC059,6,assistant,"Secure a plot, water access, and soil testing. Start with 4–6 raised beds, a shed, and a shared tool list. Assign plot captains and a watering schedule."
PC059,7,user,"Budget and funding?"
PC059,8,assistant,"Micro‑grants from the city, local sponsors (hardware/grocery), and small member dues. Track funds in a shared sheet and publish spends monthly."
PC059,9,user,"What about liability?"
PC059,10,assistant,"Have a basic waiver, safety briefing (gloves, sharps, lifting), and child supervision policy. Keep first‑aid kits."
PC059,11,user,"Kickoff plan?"
PC059,12,assistant,"Event 1: 30‑minute brief, 60‑minute clean‑up, 20‑minute garden setup, 10‑minute recap. Take photos and share results to build momentum."
PC059,13,user,"How do we keep it going?"
PC059,14,assistant,"Rotate roles monthly, keep a simple newsletter, celebrate milestones, and run seasonal events (seed swap, harvest day)."
PC060,1,user,"I was diagnosed with an autoimmune condition. I need to manage flares while keeping my job performance strong. Help me design a work plan."
PC060,2,assistant,"Work plan: (1) accommodations; (2) pacing and buffers; (3) flare protocols; (4) communication; (5) health routines."
PC060,3,user,"What accommodations should I ask for?"
PC060,4,assistant,"Flexible hours or remote days, ergonomic setup, predictable meeting blocks, and heads‑down time. Use HR/ADA channels with a clinician note if needed."
PC060,5,user,"How do I pace work?"
PC060,6,assistant,"Time‑box tasks, stack high‑focus work in your best hours, and include a daily buffer block. Pre‑write handoff notes for partial days."
PC060,7,user,"Flare protocol?"
PC060,8,assistant,"Tier 1 (mild): reschedule low‑priority meetings; Tier 2: delegate tasks and notify your manager; Tier 3: sick day and OOO. Keep a checklist and a prepared status update."
PC060,9,user,"Any communication tips?"
PC060,10,assistant,"Agree on signals with your manager (Slack status/quick note), focus on outcomes, and request project calendars 2–3 weeks ahead."
PC060,11,user,"Health routines?"
PC060,12,assistant,"Consistent sleep, nutrition, gentle movement, and stress management (box breathing, short walks). Avoid over‑promising on ‘good’ days."
PC060,13,user,"Summarize the plan."
PC060,14,assistant,"List accommodations, schedule templates, flare tiers, and a communications pact. Implement this week and review in 2 weeks."
PC061,1,user,"I want conversational fluency in Spanish in 6 months. I can do 45 minutes/day. Build me a plan that actually works."
PC061,2,assistant,"Daily split: 15 min vocab/SRS, 15 min input (podcast/YouTube with subs), 15 min speaking (tutor or language exchange). Track streaks and weekly goals."
PC061,3,user,"Which materials?"
PC061,4,assistant,"Use a graded deck for high‑frequency words, Dreaming Spanish or Español con Juan for input, and iTalki tutors 2–3x/week."
PC061,5,user,"How do I practice speaking if I’m shy?"
PC061,6,assistant,"Start with shadowing easy dialogues, then 5‑minute voice notes with a tutor who gives structured prompts. Add a weekly language meetup after month 2."
PC061,7,user,"Grammar overwhelms me."
PC061,8,assistant,"Learn just‑in‑time: present, past (pretérito/imperfecto), and future periphrastic first. Use mini‑lessons tied to your speaking topics."
PC061,9,user,"Measure progress?"
PC061,10,assistant,"Record a 1‑minute monologue weekly. Monthly: retell a story for 3 minutes and compare to last month’s. Track WPM, filler words, and errors reduced."
PC061,11,user,"Travel coming in month 5."
PC061,12,assistant,"Switch input to travel scenarios, memorize key phrases, and book 30‑minute daily tutor chats during the trip."
PC061,13,user,"Plateau plan?"
PC061,14,assistant,"Change one variable: harder input, new tutor, or topic challenges (debates, stories). Review 100 most‑missed cards and prune."
PC061,15,user,"Summarize the 6‑month roadmap."
PC061,16,assistant,"Months 1–2: foundation + daily speaking; 3–4: longer input and dialogues; 5: travel prep and immersion; 6: polish with topic drills. Keep daily 45‑minute cadence."
PC062,1,user,"I was in a minor car accident (no injuries). Other driver’s insurer contacted me. What steps should I take to protect myself and get the car repaired?"
PC062,2,assistant,"Document everything: police/supplemental report number, photos (damage, intersection), witness info, dashcam if any. Notify your insurer even if the other party is at fault."
PC062,3,user,"Their insurer wants a recorded statement."
PC062,4,assistant,"Politely decline a recorded statement for now. Provide basic facts in writing. Coordinate with your own insurer for communications guidance."
PC062,5,user,"Should I go through my insurer or theirs for repairs?"
PC062,6,assistant,"Your insurer can streamline repairs and subrogate from the other carrier later; or you can work directly with their insurer. Compare repair timelines, rental coverage, and deductibles."
PC062,7,user,"I need a rental car."
PC062,8,assistant,"Check your policy for rental coverage; if they accept liability, request rental authorization from their adjuster. Confirm daily caps and duration."
PC062,9,user,"Shop or insurer‑preferred shop?"
PC062,10,assistant,"You can choose any licensed shop. Preferred shops may speed approvals; ensure OEM parts if required by your policy/state and ask for a written estimate."
PC062,11,user,"What about diminished value?"
PC062,12,assistant,"If not at fault, you may claim diminished value depending on state. Collect pre‑/post‑repair comps and repair invoices; consider an appraisal letter."
PC062,13,user,"Medical check recommended even without symptoms?"
PC062,14,assistant,"Document a precautionary check within a few days. Soft‑tissue symptoms can appear later; keep receipts and records, but prioritize health."
PC062,15,user,"Timeline?"
PC062,16,assistant,"Week 0: notify insurers, photos, estimate; Week 1: approval + rental; Week 2–3: repairs; Week 4: diminished value claim (if applicable)."
PC062,17,user,"Anything I should not sign?"
PC062,18,assistant,"Avoid broad releases until repairs and any medical evaluations are complete. Have your insurer or counsel review settlement documents."
PC062,19,user,"Summarize my next steps."
PC062,20,assistant,"Notify your insurer, send written facts to the other carrier, get two estimates, select shop, confirm rental/OEM parts, and hold off on any release until you’re fully satisfied."
PC063,1,user,"We’re adopting a 10‑week‑old puppy. I need a realistic training plan for crate, potty, basic cues, and socialization while we both work."
PC063,2,assistant,"Plan pillars: predictable schedule, short positive sessions, supervised freedom, and safe socialization. Expect multiple potty breaks/day and night in the first weeks."
PC063,3,user,"Crate training?"
PC063,4,assistant,"Make the crate inviting (bedding, chew), feed meals nearby, start with 1–2 minute sessions with treats, gradually increase duration, and never use the crate as punishment."
PC063,5,user,"Potty schedule?"
PC063,6,assistant,"Out after sleep, play, meals—about every 1–2 hours initially. Go to the same spot, reward immediately after success. Clean accidents with enzymatic cleaner."
PC063,7,user,"Daytime while we work?"
PC063,8,assistant,"Use a playpen with crate access; arrange midday breaks (walker, neighbor, or remote breaks). Enrichment toys (Kongs, snuffle mats) reduce boredom."
PC063,9,user,"Basic cues?"
PC063,10,assistant,"Start with name response, sit, down, leave‑it, drop‑it, come. 3–5 minute sessions, 2–3x/day. Lure → mark → treat; fade lures over time."
PC063,11,user,"Socialization windows?"
PC063,12,assistant,"Weeks 8–16 are critical. Controlled exposure to surfaces, sounds, people (masked, hats), gentle dogs, car rides. Pair with treats. Avoid dog parks until vaccinations complete."
PC063,13,user,"Biting and chewing."
PC063,14,assistant,"Redirect to toys, end play briefly if biting escalates, rotate chew options, and puppy‑proof cords/shoes."
PC063,15,user,"Night routine?"
PC063,16,assistant,"Keep last potty break, calm crate time, and a dark quiet room. Expect 1–2 nighttime breaks at first; reduce as capacity grows."
PC063,17,user,"How to measure progress?"
PC063,18,assistant,"Log accidents, crate duration, and cue success rates. Aim for 80% success before increasing difficulty."
PC063,19,user,"Summarize the first 4 weeks."
PC063,20,assistant,"Week 1: crate acclimation + schedule; Week 2: basic cues + short alone time; Week 3: socialization outings; Week 4: extend crate duration and consolidate potty routine."
PC064,1,user,"I was offered an unfunded master’s program. I need to figure out funding (TA/RA, scholarships, part‑time work) and a realistic budget."
PC064,2,assistant,"Budget: tuition/fees, rent/utilities, food/transport, insurance, books, buffer. Funding: departmental TA/RA, external scholarships, campus jobs, and employer tuition benefits (if applicable)."
PC064,3,user,"How do I get a TA/RA?"
PC064,4,assistant,"Email faculty with aligned interests + 1‑page pitch, showcase skills (data, coding, writing), and ask about funded roles. Apply via department portal and attend orientation fairs."
PC064,5,user,"Scholarships timeline?"
PC064,6,assistant,"Build a tracker: deadlines 2–4 months out, required essays, references. Prioritize program‑specific and regional awards, then national ones."
PC064,7,user,"Can I work part‑time?"
PC064,8,assistant,"Check visa/work restrictions if international. Aim for 10–15 hours/week on‑campus roles with predictable schedules (library, labs)."
PC064,9,user,"Books and equipment savings?"
PC064,10,assistant,"Use library reserves, older editions if allowed, and student discounts for software. Buy/sell back textbooks; share with cohort."
PC064,11,user,"Emergency fund?"
PC064,12,assistant,"Maintain 1–2 months’ expenses. If impossible up front, build gradually from campus job income and scholarships."
PC064,13,user,"Summarize my action plan for the next month."
PC064,14,assistant,"Email 5 faculty, apply for 3 scholarships, draft a lean budget, tour on‑campus jobs, and confirm visa restrictions (if applicable)."
PC065,1,user,"We keep overspending on variable costs (food, delivery, random Amazon buys). Can you help set up a practical envelope budget system that we’ll actually follow?"
PC065,2,assistant,"Pick 4–6 envelopes: groceries, dining/coffee, fun, household, transit. Fund weekly on payday. Use a simple app or shared sheet; when an envelope is empty, pause or trade from another envelope intentionally."
PC065,3,user,"How do we set amounts?"
PC065,4,assistant,"Start with last 3 months’ averages, then reduce each by 5–10% to create a buffer. Keep fixed bills auto‑paid from a separate ‘bills’ account."
PC065,5,user,"What about one‑off expenses?"
PC065,6,assistant,"Create sinking funds (annual fees, gifts, travel). Contribute small amounts weekly."
PC065,7,user,"Shared accountability?"
PC065,8,assistant,"Weekly 15‑minute money sync: review envelopes, adjust, and celebrate wins. Set notifications for low balances."
PC065,9,user,"Impulse buys are our downfall."
PC065,10,assistant,"Add a 24‑hour rule and a ‘wish list’—buy only after the next weekly check‑in. Use store pickup to avoid browsing."
PC065,11,user,"Summarize the starter setup."
PC065,12,assistant,"Separate bills account, 4–6 envelopes funded weekly, sinking funds, 24‑hour rule, and a weekly sync. Iterate after two cycles."
PC066,1,user,"I want to transition to a vegetarian diet without feeling tired or missing protein. Build me a 6‑week plan with meals and grocery staples."
PC066,2,assistant,"Plan: Week 1–2: swap 3 meals/week with plant proteins; Week 3–4: 5–6 meals/week; Week 5–6: full vegetarian on weekdays. Focus on legumes, tofu/tempeh, eggs/dairy (if allowed), whole grains, nuts/seeds."
PC066,3,user,"Protein targets?"
PC066,4,assistant,"Aim for 0.6–0.8 g/lb bodyweight. Distribute across meals: Greek yogurt/oats; lentil bowls; tofu stir‑fry; bean chili; eggs/veggies."
PC066,5,user,"Grocery staples?"
PC066,6,assistant,"Dry/lentils, chickpeas, black beans; tofu/tempeh; grains (quinoa, brown rice); veg (spinach, broccoli, peppers); nuts/seeds; olive oil; spices; fortified plant milk."
PC066,7,user,"I’m worried about iron and B12."
PC066,8,assistant,"Combine iron sources with vitamin C (spinach + citrus). Consider a B12 supplement if reducing animal products; discuss with a clinician."
PC066,9,user,"Meal ideas?"
PC066,10,assistant,"Mon: lentil bolognese; Tue: tofu stir‑fry; Wed: chickpea curry; Thu: veggie tacos; Fri: egg/veg frittata; Weekend: bean chili + quinoa bowls."
PC066,11,user,"Eating out?"
PC066,12,assistant,"Choose cuisines with strong vegetarian options (Indian, Mediterranean, Thai). Order protein‑forward dishes and add extra veg."
PC066,13,user,"Summarize week‑by‑week."
PC066,14,assistant,"Weeks 1–2: 3 meatless meals; Weeks 3–4: 5–6; Weeks 5–6: weekdays veg. Batch cook legumes, keep snacks (nuts, yogurt), and review energy levels weekly."
PC067,1,user,"I was laid off last week. I need a structured remote job search plan that won’t burn me out. Where do I begin?"
PC067,2,assistant,"First 48 hours: update resume/LinkedIn, write a 3‑line pitch, and list 20 target companies. Set a daily 3‑hour job block + 1‑hour networking, with hard stop times."
PC067,3,user,"What does the daily block look like?"
PC067,4,assistant,"90 minutes tailored applications (2–3 max), 30 minutes portfolio or skills, 30 minutes follow‑ups, 30 minutes prospecting. Protect weekends."
PC067,5,user,"How do I tailor effectively?"
PC067,6,assistant,"Mirror keywords, quantify 3 outcomes, and add a 4‑sentence cover email hitting pain points. Attach a relevant work sample if possible."
PC067,7,user,"Networking feels awkward."
PC067,8,assistant,"Send a brief note: who you are, what you did, what you’re seeking, and one specific ask (15‑minute chat). Offer something in return (share an insight or resource)."
PC067,9,user,"What about recruiters?"
PC067,10,assistant,"Create a one‑pager for recruiters: roles, locations, salary range, notice period, and key achievements. Keep updates weekly to stay top‑of‑mind."
PC067,11,user,"How do I track everything?"
PC067,12,assistant,"Simple CRM: columns for role, date applied, status, contact, follow‑up date, and notes. Color‑code interviews."
PC067,13,user,"Interview prep?"
PC067,14,assistant,"Create a story bank (STAR) with 8–10 examples: impact, conflict, failure, leadership. Mock interviews twice weekly; record and review."
PC067,15,user,"What if nothing hits for 3 weeks?"
PC067,16,assistant,"Expand the funnel (agencies, contracting), revisit keywords, ask for referrals, and ship one public project to refresh your profile."
PC067,17,user,"Any mental health guardrails?"
PC067,18,assistant,"Set a hard stop, daily walk, and social check‑ins. Track weekly wins (responses, intros) to keep momentum visible."
PC067,19,user,"Summarize my plan for week 1."
PC067,20,assistant,"Update materials, send 10 targeted intros, apply to 8–10 roles, finish story bank, and schedule two mock interviews."
PC068,1,user,"We just had our first child and want to save for college without jeopardizing retirement. Can you help us decide amounts and accounts?"
PC068,2,assistant,"Principle: prioritize retirement match first, then college. Use a 529 plan for tax benefits and invest in age‑based portfolios."
PC068,3,user,"How much per month?"
PC068,4,assistant,"Back‑solve from a target: e.g., cover 50% of in‑state tuition. If that’s $25k in today’s dollars, contribute ~$150–$250/month starting now (adjust for raises)."
PC068,5,user,"What if grandparents want to contribute?"
PC068,6,assistant,"Set up a gift link to the 529; coordinate amounts to avoid gift tax thresholds. Consider owner impacts on financial aid; parent‑owned 529s are usually better."
PC068,7,user,"Roth IRA for college?"
PC068,8,assistant,"Roth contributions can be withdrawn penalty‑free but keep Roth primarily for retirement. 529 remains the first choice for college savings."
PC068,9,user,"Market risk worries me."
PC068,10,assistant,"Use age‑based glide paths; rebalance automatically. Stay the course—time in market beats timing the market for long horizons."
PC068,11,user,"Other expenses are creeping up."
PC068,12,assistant,"Add a small ‘baby buffer’ envelope (diapers, childcare surprises) and an emergency fund target of 3–6 months."
PC068,13,user,"Summarize our setup."
PC068,14,assistant,"Max employer match, start 529 at $200/mo (adjust annually), invite relatives to gift to the 529, and maintain a 3–6 month emergency fund."
PC069,1,user,"I want to learn guitar from scratch in 6 months. I can practice 30 minutes/day. Build a plan with milestones."
PC069,2,assistant,"Months 1–2: chords (G, C, D, Em, Am), strumming patterns, and 2 songs. Months 3–4: barre chords, rhythm accuracy, and 3–4 songs. Months 5–6: simple fingerstyle and a performance recording."
PC069,3,user,"How do I structure practice?"
PC069,4,assistant,"Warm‑up 5 min (finger exercises), 10 min chords/changes, 10 min song work, 5 min metronome. Record weekly to track tempo and cleanliness."
PC069,5,user,"My fingers hurt."
PC069,6,assistant,"Shorten early sessions, use lighter strings, proper thumb placement, and relax grip. Build calluses gradually—consistency beats intensity."
PC069,7,user,"Do I need theory?"
PC069,8,assistant,"Basic theory helps: I‑IV‑V progressions, key signatures, and timing. Learn just‑in‑time tied to your current songs."
PC069,9,user,"How do I pick songs?"
PC069,10,assistant,"Choose 3 favorites with beginner arrangements in the same key. Add one stretch song per month to push skills."
PC069,11,user,"When do I know I’m ready to perform?"
PC069,12,assistant,"When you can play a set of 3 songs at target tempo with stable rhythm and minimal pauses. Do a low‑stakes home recording or an open mic."
PC069,13,user,"Plateau plan?"
PC069,14,assistant,"Change one variable: new genre, fingerstyle pattern, or metronome speed. Take one lesson for feedback."
PC069,15,user,"Summarize the next two weeks."
PC069,16,assistant,"Daily 30 minutes: chord switches G↔C↔D, strum down‑down‑up‑up‑down‑up, two verse‑chorus cycles at 70 BPM, and a weekly phone recording."
PC070,1,user,"My roommates and I keep clashing over noise, dishes, and guests. Can you help us design a house agreement we’ll follow?"
PC070,2,assistant,"Create a 1‑page pact: quiet hours, cleaning rotation, shared items, guest policy, and conflict process. Keep it specific and sign it."
PC070,3,user,"Quiet hours?"
PC070,4,assistant,"10pm–7am weekdays, 11pm–8am weekends. Headphones for media; notify for exceptions in the group chat."
PC070,5,user,"Dishes and trash?"
PC070,6,assistant,"Dishes same day, no overnight unless soaking; trash/recycling schedule rotating weekly with photos on pickup day."
PC070,7,user,"Guests?"
PC070,8,assistant,"Max 2 overnights per guest per week; notify 24 hours ahead; no back‑to‑back party nights; shared spaces quiet by quiet hours."
PC070,9,user,"Shared items?"
PC070,10,assistant,"Split basics (soap, paper, staples) with a monthly pot; track receipts; replace when below 25%."
PC070,11,user,"Conflicts?"
PC070,12,assistant,"Use a 24‑hour cool‑off, then a 15‑minute talk using ‘I’ statements. If unresolved, a house vote or mediator friend."
PC070,13,user,"What about rent/utilities fairness?"
PC070,14,assistant,"Split by room size/amenities if uneven; utilities evenly or by room occupancy. Document in the pact."
PC070,15,user,"How to keep it alive?"
PC070,16,assistant,"Monthly 20‑minute house check‑in to adjust policies. Pin the pact in chat; revisit after 2 months."
PC070,17,user,"Summarize the agreement."
PC070,18,assistant,"Quiet hours, dish/trash rules, guest limits, shared pot, conflict steps, and monthly check‑ins. Sign and date it."
PC071,1,user,"Our team is launching an MVP in 10 weeks. We need a scope, a no‑surprises plan, and clear success metrics."
PC071,2,assistant,"Define a thin slice: one core job‑to‑be‑done with 3 must‑have features. Create a weekly demo cadence, a risk register, and a ‘no stealth work’ rule."
PC071,3,user,"Scope risks?"
PC071,4,assistant,"Dependencies on third‑party APIs, auth flows, and billing. Add mocks/fakes, a fallback login path, and manual billing if integration slips."
PC071,5,user,"Metrics?"
PC071,6,assistant,"Activation (A→B action within 7 days), week‑4 retention, and a single success KPI (e.g., completed tasks/user). Track errors and latency SLOs."
PC071,7,user,"How do we prevent scope creep?"
PC071,8,assistant,"Use an ICE/RICE score; anything below the cut goes to a parked list. Changes require a 10‑minute review in the weekly demo."
PC071,9,user,"Testing plan?"
PC071,10,assistant,"Unit and contract tests on the happy path, a manual test matrix for key devices, and a 2‑day bug bash in week 9."
PC071,11,user,"Release process?"
PC071,12,assistant,"Feature flags, canary to 5% internal users, and a rollback plan. Log experiment IDs and compare cohorts."
PC071,13,user,"What does week 1 look like?"
PC071,14,assistant,"Agree on success KPI, finalize scope, stub APIs, set dashboards, and pick demo time. Create a visible board with risks/owners."
PC071,15,user,"Stakeholder management?"
PC071,16,assistant,"Send a weekly email: demo link, KPI snapshot, risks, and asks. Keep decision logs in a shared doc."
PC071,17,user,"Summarize our MVP plan."
PC071,18,assistant,"Thin slice with 3 must‑haves, weekly demos, risk register, activation/retention/KPI metrics, test matrix, feature flags, and clear stakeholder updates."
PC072,1,user,"I want to start an educational YouTube channel about personal finance basics. Small budget, iPhone camera, limited time (nights/weekends). How do I design a repeatable plan?"
PC072,2,assistant,"Pick a focused niche (e.g., budgeting for recent grads). Define a 12‑week season with one video/week, 6–8 minute explainers. Create a simple pipeline: script → record → edit → thumbnail → publish → iterate."
PC072,3,user,"What gear do I need?"
PC072,4,assistant,"Start with phone + tripod, a clip‑on lav mic, and a single softbox or ring light. Record near a window for soft light; treat echo with rugs/blankets."
PC072,5,user,"How do I pick topics?"
PC072,6,assistant,"Use a content matrix: Budgeting, Debt, Saving, Credit, Investing. Draft 20 titles using search terms (e.g., ‘50/30/20 rule explained’). Prioritize 12 based on search volume + your experience."
PC072,7,user,"Scripting tips?"
PC072,8,assistant,"Hook in 5–10 seconds, outline 3 points with examples, add a simple framework, recap, and one CTA (subscribe/guide). Aim for 800–1,000 words."
PC072,9,user,"Editing on a budget?"
PC072,10,assistant,"Use CapCut or DaVinci Resolve. Keep cuts tight, add simple text overlays, and maintain brand colors. Reuse a template to speed up."
PC072,11,user,"Thumbnails and titles?"
PC072,12,assistant,"High‑contrast thumbnail with 3–5 words and your face; title with a clear promise + keyword. A/B test two versions if possible."
PC072,13,user,"Analytics?"
PC072,14,assistant,"Track CTR, average view duration, and retention dips. Iterate hooks and pacing. Collect comments for future topics."
PC072,15,user,"Promotion without being spammy?"
PC072,16,assistant,"Share on one community (Reddit/Discord) where allowed, write a companion post on LinkedIn, and repurpose 30–45 second shorts."
PC072,17,user,"Schedule?"
PC072,18,assistant,"Weeknight: 60 minutes scripting; Saturday: record/edit; Sunday: thumbnail/publish. Keep a backlog of 3 scripts."
PC072,19,user,"Can you summarize my first month?"
PC072,20,assistant,"Week 1: channel setup + 2 scripts; Week 2: first video + shorts; Week 3: second video + analytics review; Week 4: two scripts + one collab outreach."
PC073,1,user,"I was just diagnosed with type 2 diabetes. I’ve got a remote job and want to build daily routines that help, without turning my life upside down."
PC073,2,assistant,"General lifestyle pillars (not medical advice): balanced meals, movement, sleep, and stress control. Coordinate with your clinician and dietitian for personalized guidance."
PC073,3,user,"Meal structure?"
PC073,4,assistant,"Aim for plate method: half non‑starchy veg, quarter protein, quarter smart carbs; include fiber and healthy fats. Plan 3 meals, minimize snacks."
PC073,5,user,"Breakfast ideas?"
PC073,6,assistant,"Greek yogurt + berries + nuts; veggie omelet + whole grain toast; overnight oats with chia and peanut butter."
PC073,7,user,"Movement with a desk job?"
PC073,8,assistant,"Short post‑meal walks (10–15 minutes), 2–3 strength sessions/week, and break up sitting every 30–60 minutes with 2–3 minute activity."
PC073,9,user,"Tracking?"
PC073,10,assistant,"Follow clinician guidance. If recommended, log meals, steps, and post‑meal walks; track energy, sleep, and stress. Review weekly trends."
PC073,11,user,"Grocery staples?"
PC073,12,assistant,"Leafy greens, colorful veg, beans/lentils, eggs, chicken/fish, tofu/tempeh, olive oil, nuts/seeds, whole grains, spices."
PC073,13,user,"Social eating?"
PC073,14,assistant,"Preview menus, choose protein/veg‑focused options, and slow down. If dessert, share or pick fruit‑forward."
PC073,15,user,"Daily schedule example?"
PC073,16,assistant,"Wake, 10‑minute walk; focused work blocks with micro‑breaks; 10–15 minute post‑lunch walk; strength after work (20–30 min) 2–3 days; consistent bedtime."
PC073,17,user,"Travel plan?"
PC073,18,assistant,"Pack snacks (nuts, jerky, fruit), choose balanced airport options, and stick to post‑meal walks."
PC073,19,user,"Summarize week 1."
PC073,20,assistant,"Batch‑cook basics, 10–15 minute post‑meal walks, 2 strength sessions, consistent sleep, and a weekly review with your care team as needed."
PC074,1,user,"I’m planning a 6‑month sabbatical to travel and do some remote consulting. Need a plan for visas, insurance, finances, and gear."
PC074,2,assistant,"Pick 4–6 hubs with 30–45 day stays. Check visa rules (Schengen, e‑visas), travel insurance with medical/evac, and backup finances (2–3 months expenses)."
PC074,3,user,"What about taxes?"
PC074,4,assistant,"Consult a tax professional for residency rules and foreign income. Track days per country; keep receipts; consider a business account for consulting."
PC074,5,user,"Remote work setup?"
PC074,6,assistant,"Light laptop, travel mouse, noise‑canceling headphones, compact stand, and a small webcam light. Prioritize rentals with desk + strong Wi‑Fi (speed test screenshots in listing)."
PC074,7,user,"Budgeting?"
PC074,8,assistant,"Set monthly caps by region, add 10–15% buffer, and track spend in a simple app. Use a travel card with no FX fees and virtual numbers."
PC074,9,user,"Health and safety?"
PC074,10,assistant,"Vaccinations, a concise med kit, local emergency numbers, and photocopies of documents. Register with your embassy for alerts."
PC074,11,user,"Visas logistics?"
PC074,12,assistant,"Stagger entries to respect limits (e.g., 90/180 Schengen). Keep onward tickets and proof of funds. Consider digital nomad visas if eligible."
PC074,13,user,"Packing list?"
PC074,14,assistant,"7–10 day clothing capsule, packable jacket, compact shoes (walk + dress), adapters, cable bag, and a foldable daypack."
PC074,15,user,"Client work cadence?"
PC074,16,assistant,"Set 2–3 client blocks/week, reserve one day for logistics, and avoid back‑to‑back travel days. Communicate time zones and SLAs upfront."
PC074,17,user,"Backup plan?"
PC074,18,assistant,"If a hub doesn’t work (noise, Wi‑Fi), move early; keep one refundable booking ahead and a shortlist of alternatives."
PC074,19,user,"Summarize month 1."
PC074,20,assistant,"Finalize route, insurance, tax consult, first two hubs booked, a gear test week at home, and a client cadence trial."
PC075,1,user,"I want to launch a weekly newsletter about developer productivity. Help me define a tight scope and a 12‑week launch plan."
PC075,2,assistant,"Scope: one actionable tip, a short case study, and one curated link each week. Target 3–5 minute reads."
PC075,3,user,"Audience growth?"
PC075,4,assistant,"Start with 20 ‘seed’ subscribers (colleagues, friends), share on one community, add a simple lead magnet (checklist). Avoid spammy tactics."
PC075,5,user,"Stack for sending?"
PC075,6,assistant,"Use Beehiiv/Substack/Buttondown. Draft in a doc, then paste. Keep a template with sections pre‑formatted."
PC075,7,user,"Cadence and ops?"
PC075,8,assistant,"Publish same day/time weekly. Keep a 3‑issue buffer; maintain a backlog doc. Track opens and replies, not vanity metrics."
PC075,9,user,"Monetization later?"
PC075,10,assistant,"After 12–16 issues, test a sponsor blurb (one per issue, clearly labeled) or a paid bonus issue. Keep editorial independence."
PC075,11,user,"What about topic generation?"
PC075,12,assistant,"Create a 50‑idea list now. Pull from your work: code review friction, incident drills, calendar discipline, and meeting cuts that worked."
PC075,13,user,"Launch checklist?"
PC075,14,assistant,"Landing page, lead magnet, first 3 issues drafted, a short welcome sequence, and a clear unsubscribe link."
PC075,15,user,"Summarize 12 weeks."
PC075,16,assistant,"Weeks 1–2: setup + 3 drafts; 3–8: publish weekly + grow seeds; 9–12: iterate topics, consider sponsor test, and survey readers."
PC076,1,user,"I have my citizenship interview in 9 weeks. I want a study schedule and document prep plan so I feel ready."
PC076,2,assistant,"Plan pillars: civics study, English practice, document packet, and mock interviews. Schedule 30–40 minutes/day."
PC076,3,user,"Civics study approach?"
PC076,4,assistant,"Use the official 100 questions; memorize in sets of 15 with spaced repetition. Write brief notes for tricky ones."
PC076,5,user,"English practice?"
PC076,6,assistant,"Daily reading of a short news article aloud, write one paragraph about your day, and practice common interview questions with a friend."
PC076,7,user,"Document packet?"
PC076,8,assistant,"Organize ID, green card, tax transcripts, marriage/divorce records, travel history, and any court documents. Tab sections with labels."
PC076,9,user,"Mock interview structure?"
PC076,10,assistant,"Warm‑up small talk; read/write test; civics Q&A; N‑400 review. Practice answering clearly and honestly; say if you don’t understand and ask to repeat."
PC076,11,user,"What about name changes?"
PC076,12,assistant,"If planning one, prepare the request form and be ready to discuss at the interview; timelines can vary by court jurisdiction."
PC076,13,user,"Timeline?"
PC076,14,assistant,"Weeks 1–2: civics 1–30; 3–4: 31–60; 5–6: 61–100; 7–8: full drills; 9: light review and rest. Two mock interviews/week in weeks 6–9."
PC076,15,user,"Day‑of tips?"
PC076,16,assistant,"Arrive early, bring the packet, answer briefly and truthfully, and keep calm breathing."
PC076,17,user,"Summarize my next steps."
PC076,18,assistant,"Print the 100 questions, set a daily 35‑minute block, build the document packet this week, and book two mock interviews for week 6."
PC077,1,user,"I signed up for a charity half‑marathon in 14 weeks. I’ve run 5Ks casually. I need a training plan and fundraising strategy without burning out."
PC077,2,assistant,"Training pillars: 3 runs/week (easy, speed, long), 2 strength/mobility sessions, and one full rest day. Fundraising: a simple story, donation tiers, and two touchpoints."
PC077,3,user,"What’s week 1 look like?"
PC077,4,assistant,"Mon rest; Tue easy 3 mi; Thu intervals (6×1 min hard/2 min easy); Sat long 4 mi; Wed/Fri 20‑minute strength; Sun mobility. Keep paces conversational except hard intervals."
PC077,5,user,"How do I prevent injury?"
PC077,6,assistant,"Add glute/hip strength (bridges, clamshells), calf raises, and core. Increase long run by ~10% per week, and rotate shoes."
PC077,7,user,"Fueling?"
PC077,8,assistant,"Pre‑run: light carbs; long runs >6 mi: small gel/chews every 30–40 minutes; hydrate with electrolytes in heat."
PC077,9,user,"What about fundraising?"
PC077,10,assistant,"Write a 3‑paragraph story (why, who benefits, your plan). Set donor tiers with small perks (shout‑outs, postcard). Launch next week and send one update at week 7."
PC077,11,user,"How do I share progress without spamming?"
PC077,12,assistant,"Weekly photo + 2–3 sentences, and a milestone post after your first 10‑miler. Keep it on one platform and an opt‑in email for donors."
PC077,13,user,"Taper plan?"
PC077,14,assistant,"Weeks 12–13 reduce volume 20–30%; week 14: two easy runs and the race. Practice race‑day breakfast and pacing."
PC077,15,user,"Travel race logistics?"
PC077,16,assistant,"Arrive a day early, pick up bib, lay out kit, set alarms, and plan corrals/parking."
PC077,17,user,"If I miss a week?"
PC077,18,assistant,"Resume where you left off without trying to ‘make up’ missed miles. Keep long‑run progression intact."
PC077,19,user,"Summarize next actions."
PC077,20,assistant,"Draft your story and tiers, schedule week‑1 runs/strength, and buy gels/electrolytes to test on long runs."
PC078,1,user,"We live in a quake‑prone area. I want a realistic family emergency plan and go‑bag setup for two adults and one toddler."
PC078,2,assistant,"Plan: communication tree, meet‑up points, utilities shutoff knowledge, and a 72‑hour kit. Practice a 10‑minute drill monthly."
PC078,3,user,"What goes in the kit?"
PC078,4,assistant,"Water (1 gal/person/day), shelf‑stable food, toddler snacks, meds for 7 days, first‑aid kit, flashlight/headlamps, batteries, power bank, radio, cash, copies of IDs, and comfort items."
PC078,5,user,"Toddler needs?"
PC078,6,assistant,"Diapers/wipes, small blanket, favorite toy/book, child pain/fever meds, and a soft carrier."
PC078,7,user,"Where do we meet if phones die?"
PC078,8,assistant,"Primary: nearby park; secondary: a relative’s house across town. Post printed addresses and a paper family card in each bag."
PC078,9,user,"Utilities?"
PC078,10,assistant,"Learn gas/water shutoff; store a wrench; know the breaker panel. Put labeled photos on the inside of a cabinet."
PC078,11,user,"Home prep?"
PC078,12,assistant,"Secure bookshelves/TVs, latch cabinets, and keep shoes/flashlight by the bed."
PC078,13,user,"Car kit?"
PC078,14,assistant,"Add water, snacks, blanket, flashlight, basic tools, and an extra phone cable/power bank."
PC078,15,user,"How often to rotate?"
PC078,16,assistant,"Every 6 months: check batteries/meds/food sizes, update clothes and toddler items."
PC078,17,user,"Drills?"
PC078,18,assistant,"Quarterly: 10‑minute evacuation drill and a ‘no‑power’ evening. Practice ‘Drop, Cover, Hold On’ with your toddler."
PC078,19,user,"Summarize next steps."
PC078,20,assistant,"Build two bags + a car kit, post meet‑up points, practice a drill next weekend, and schedule a 6‑month refresh."
PC079,1,user,"I want to start an Etsy shop selling soy candles. I need sourcing, pricing, branding, and shipping basics."
PC079,2,assistant,"Start with 3 scents and 2 sizes. Source soy wax, cotton wicks, fragrance oils, and jars from reputable suppliers; order small test quantities."
PC079,3,user,"Pricing?"
PC079,4,assistant,"Cost + margin: include wax, wick, oil, jar, label, packaging, platform fees, and labor. Benchmark competitors; aim for 60–70% gross margin."
PC079,5,user,"Branding and photos?"
PC079,6,assistant,"Pick a simple name and label style; shoot photos near a window with consistent backgrounds; add lifestyle and close‑up shots."
PC079,7,user,"Compliance?"
PC079,8,assistant,"Follow CLP/IFRA guidelines for fragrance use and labeling; include safety stickers. Test burn times and adhesion; keep batch logs."
PC079,9,user,"Shipping?"
PC079,10,assistant,"Use snug boxes with padding; test a drop; print labels at home; offer free shipping above a threshold. Consider regional shipping to start."
PC079,11,user,"Inventory and operations?"
PC079,12,assistant,"Make small batches weekly; track SKUs and raw materials in a sheet; reorder at par levels."
PC079,13,user,"Marketing?"
PC079,14,assistant,"Launch with 10 friends/family orders for reviews; post behind‑the‑scenes shorts; run a small promo for first 50 buyers."
PC079,15,user,"If orders spike?"
PC079,16,assistant,"Pause new orders temporarily, update ship times, and batch production. Keep suppliers for jars/wax as backups."
PC079,17,user,"Summarize my launch plan."
PC079,18,assistant,"This month: test 3 scents, cost/pricing sheet, photos + listings, soft launch, and ops sheet with reorder points."
PC080,1,user,"I got a $3,800 ER bill after insurance. I want to negotiate or get assistance. What’s the playbook?"
PC080,2,assistant,"Request an itemized bill and EOB; compare CPT codes to usual rates; check for duplicate/incorrect codes and out‑of‑network issues."
PC080,3,user,"Itemized bill requested. What next?"
PC080,4,assistant,"Call the billing office: ask about financial assistance policies, prompt‑pay discounts, and interest‑free payment plans. Document names/dates."
PC080,5,user,"They offered 20% if I pay in 30 days."
PC080,6,assistant,"Ask if assistance applies; if not, propose 40% citing fair‑price tools and your budget. If declined, accept a longer interest‑free plan."
PC080,7,user,"EOB shows an out‑of‑network physician I never chose."
PC080,8,assistant,"Appeal the balance‑billing citing surprise billing protections (if applicable in your region). Request the insurer reprocess at in‑network rates."
PC080,9,user,"How to avoid collections?"
PC080,10,assistant,"Stay in active negotiation with documented plans, make good‑faith payments if needed, and set reminders."
PC080,11,user,"Summarize steps."
PC080,12,assistant,"Get itemized bill/EOB, check codes, request assistance/discounts, negotiate, set a payment plan, and appeal surprise billing."
PC081,1,user,"I was just diagnosed with ADHD. I want to set up systems so I don’t miss deadlines and feel less overwhelmed at work."
PC081,2,assistant,"Systems: capture, plan, focus, and review. Use one trusted task app, time‑boxed blocks, and a Friday reset ritual."
PC081,3,user,"Capture flow?"
PC081,4,assistant,"Inbox zero isn’t required; capture tasks to one list (keyboard shortcut), categorize later. Use quick templates for recurring requests."
PC081,5,user,"Planning?"
PC081,6,assistant,"Daily: pick 3 priorities and define ‘done’. Weekly: backlog grooming and calendar blocks. Monthly: review wins and constraints."
PC081,7,user,"Focus tools?"
PC081,8,assistant,"Pomodoro 25/5, fullscreen apps, phone in another room, and noise‑canceling music. Use website blockers and batch notifications."
PC081,9,user,"Communication?"
PC081,10,assistant,"Share your working norms: you triage messages at set times; set SLAs; ask for summaries. Keep a ‘done’ log for visibility."
PC081,11,user,"Accommodations?"
PC081,12,assistant,"Ask for meeting‑light mornings, written action items, and clear deadlines. Discuss with HR if formal accommodations are helpful."
PC081,13,user,"Staying consistent is hard."
PC081,14,assistant,"Use habit stacking (plan after coffee), visible cues (desk card with the ‘big 3’), and weekly accountability with a peer."
PC081,15,user,"Summarize my 2‑week setup."
PC081,16,assistant,"Set one task app, define big‑3 daily ritual, 2 Pomodoro blocks/day, Friday review, and a ‘done’ log. Iterate after week 2."
PC082,1,user,"I’m buying a used EV in the next 4 weeks. Budget $22–$28k. I need a plan for battery health, incentives, home charging, and negotiation."
PC082,2,assistant,"Plan: shortlist 2–3 models, check battery warranty/health (SOH), run VIN history, confirm DC fast‑charge rates, price comps, and pre‑approve financing."
PC082,3,user,"Which models in that range?"
PC082,4,assistant,"Consider 2019–2021 Nissan LEAF Plus, Chevy Bolt, Hyundai Kona EV, or Kia Niro EV. Verify recall work (e.g., Bolt battery replacements)."
PC082,5,user,"Battery health check?"
PC082,6,assistant,"Use OEM diagnostics or reputable OBD2 apps for SOH; check rapid range drop, uneven cell voltages, and DC fast‑charge taper. Test drive at highway speed and a DCFC stop if possible."
PC082,7,user,"Home charging setup?"
PC082,8,assistant,"Assess panel capacity; install a 240V circuit (NEMA 14‑50) or hardwired Level 2 EVSE. Get 2–3 quotes; aim for 32–40A EVSE."
PC082,9,user,"Incentives?"
PC082,10,assistant,"Check used EV tax credits (income/price caps), utility rebates for chargers, and HOV perks. Confirm dealer eligibility for point‑of‑sale credits if available."
PC082,11,user,"Negotiation playbook?"
PC082,12,assistant,"Bring comps, inspection results, and your pre‑approval. Ask for an out‑the‑door price, point out reconditioning needs (tires, brakes), and be ready to walk."
PC082,13,user,"Private party vs dealer?"
PC082,14,assistant,"Private can be cheaper; dealer may offer limited warranty and title handling. Either way, require a clean title and lien release."
PC082,15,user,"What about insurance costs?"
PC082,16,assistant,"Get quotes by VIN before signing; ask about discounts for safety features and garaging."
PC082,17,user,"Summarize the next 2 weeks."
PC082,18,assistant,"Lock pre‑approval, shortlist models, schedule battery/inspection checks, get charger quotes, and line up comps for negotiation."
PC083,1,user,"My partner and I want to improve communication and reduce fights. Can you help us design a 6‑week plan with weekly rituals?"
PC083,2,assistant,"Pillars: weekly check‑in, daily micro‑ritual, conflict rules, and appreciation. Use ‘speaker/listener’ turns and specific asks."
PC083,3,user,"What’s a weekly check‑in?"
PC083,4,assistant,"30–40 minutes: highs/lows, appreciations, logistics, and one tough topic. Use a timer per speaker. End with 1–2 commitments."
PC083,5,user,"Daily ritual?"
PC083,6,assistant,"10‑minute connection (walk or tea), no phones, one open question each. Share one appreciation and one small ask."
PC083,7,user,"Conflict rules?"
PC083,8,assistant,"No name‑calling, no global statements (‘always’/‘never’), pause if flooded, reflect back what you heard, propose one concrete repair."
PC083,9,user,"We get stuck on chores."
PC083,10,assistant,"Make a chore board with owners and due days; renegotiate weekly; tie asks to outcomes (‘I feel less overwhelmed when…’)."
PC083,11,user,"What if one of us shuts down?"
PC083,12,assistant,"Agree on a 20‑minute break rule, schedule a resume time, and use a written note if live talk stalls."
PC083,13,user,"Measure progress?"
PC083,14,assistant,"Track weekly fights, repair attempts, appreciations, and follow‑through on commitments. Review at week 3 and 6."
PC083,15,user,"Can you outline 6 weeks?"
PC083,16,assistant,"Week 1–2: rituals and chore board; Week 3: conflict tools; Week 4: money talk; Week 5: intimacy check‑in; Week 6: consolidate wins and plan next quarter."
PC083,17,user,"We’ll try this starting Sunday."
PC083,18,assistant,"Great—schedule the check‑in, print a simple agenda, and pick two open questions to start."
PC084,1,user,"I was promoted to Engineering Manager. I need a 90‑day plan to set expectations, build trust, and deliver one visible win."
PC084,2,assistant,"90‑day phases: (1) Listen/learn; (2) Align/plan; (3) Deliver/iterate. Set weekly 1:1s, define team norms, and pick a 6‑week execution project."
PC084,3,user,"Week 1 priorities?"
PC084,4,assistant,"Meet 1:1 with each teammate (goals, blockers), map stakeholders, review on‑call/postmortems, and draft a team working agreement."
PC084,5,user,"How do I pick the ‘visible win’?"
PC084,6,assistant,"Choose a meaningful but bounded fix (e.g., flaky test suite, deploy latency, or top support issue). Define success metrics and a 6‑week plan with owners."
PC084,7,user,"What about performance expectations?"
PC084,8,assistant,"Write role clarity by level (impact, scope, comms), share growth paths, and align in 1:1s. Keep a notes system for feedback."
PC084,9,user,"Meetings are chaotic."
PC084,10,assistant,"Institute a weekly standup (asynchronous or 15 minutes), a planning hour, and a demo. Add notes and decisions to a shared doc."
PC084,11,user,"How do I avoid micromanaging?"
PC084,12,assistant,"Agree on checkpoints and outcomes, not tasks. Ask ‘what do you need from me?’ and remove blockers."
PC084,13,user,"Stakeholders push last‑minute scope."
PC084,14,assistant,"Adopt a simple change process: impact note, ICE score, and a weekly review. Park low scores."
PC084,15,user,"Summarize the 90‑day plan."
PC084,16,assistant,"Days 1–30: listen/learn; 31–60: norms and win project; 61–90: deliver, review metrics, and publish a 2‑page team plan."
PC085,1,user,"I’m planning a 3‑day backpacking trip in Yosemite in late August. We’re moderately experienced. Need permits, route, water, and bear safety."
PC085,2,assistant,"Pick a loop with water sources (e.g., Cathedral Lakes → Sunrise → Clouds Rest area). Reserve wilderness permit (rolling windows), read quotas."
PC085,3,user,"Water plan?"
PC085,4,assistant,"Carry 2–3L/person, filter from streams/lakes with a squeeze or pump filter, and add electrolyte tabs. Check recent trip reports for flow."
PC085,5,user,"Bear safety?"
PC085,6,assistant,"Bear canister required—store all smellables. Cook 100 feet from camp; never leave packs unattended. Use loud voice if a bear approaches; never run."
PC085,7,user,"Gear checklist?"
PC085,8,assistant,"Backpack ~50–65L, tent, 20–30°F bag, pad, stove/fuel, pot, headlamp, rain/warm layers, map/compass/GPS, first‑aid, repair kit, sunscreen/DEET, and a small trowel."
PC085,9,user,"Altitude and weather?"
PC085,10,assistant,"Acclimate a day in‑park; start early to avoid storms; pack a light puffy and rain shell. Watch the forecast and fire/smoke reports."
PC085,11,user,"Itinerary sketch?"
PC085,12,assistant,"Day 1 trailhead → Cathedral Lakes camp; Day 2 to Sunrise area; Day 3 exit via Clouds Rest spur (if safe) or alternate. Keep mileage 7–10/day."
PC085,13,user,"Leave No Trace reminders?"
PC085,14,assistant,"Camp 100 feet from water, pack out all trash/TP, stick to durable surfaces, and yield to uphill hikers."
PC085,15,user,"Summarize next steps."
PC085,16,assistant,"Secure permit, finalize route with water points, rent/buy a canister, and pack according to the checklist with a shakedown hike first."
PC086,1,user,"I’m going on parental leave in 7 weeks at a 40‑person startup. I need a coverage plan and a smooth return."
PC086,2,assistant,"Plan phases: pre‑leave handoff, leave check‑ins (optional), and return re‑onboarding. Document owners and SLAs for your responsibilities."
PC086,3,user,"What belongs in the handoff?"
PC086,4,assistant,"A one‑pager per project: status, next milestones, risks, dependencies, and contacts. Add a shared roadmap and decision log."
PC086,5,user,"Who covers my role?"
PC086,6,assistant,"Assign primary/secondary owners by project. Clarify decision boundaries and escalation paths."
PC086,7,user,"Should I be reachable?"
PC086,8,assistant,"Set expectations early: default no, with a single emergency channel if absolutely needed. Protect your leave."
PC086,9,user,"Return plan?"
PC086,10,assistant,"Two‑week ramp: week 1 shadow and catch‑up, week 2 own a bounded project. Schedule 1:1s and a team update session."
PC086,11,user,"What about knowledge loss?"
PC086,12,assistant,"Record 2–3 short Loom videos per project, update READMEs, and centralize docs."
PC086,13,user,"Any tips for managing anxiety?"
PC086,14,assistant,"Identify a buddy for non‑urgent questions, keep a shared ‘parking lot’ doc for post‑return items, and plan a hard stop time daily."
PC086,15,user,"Summarize my timeline."
PC086,16,assistant,"Weeks 1–2: draft handoff docs; Week 3: confirm owners; Week 4: record Looms; Week 5: calendar 1:1s; Week 6: finalize; Week 7: OOO begins."
PC087,1,user,"I want to build a tiny SaaS in 8 weeks while working full‑time. Goal: $100 MRR to validate. How do I structure this?"
PC087,2,assistant,"Adopt a strict weekly cadence: Week 1 problem interviews, 2 landing page + waitlist, 3 clickable prototype, 4–5 build core, 6 billing/onboarding, 7 polish + beta, 8 launch + iterate."
PC087,3,user,"Picking a problem is hard."
PC087,4,assistant,"Choose a niche you know (e.g., PRD feedback tracker for PMs). Criteria: painful, frequent, willingness to pay, existing spend, reachable audience."
PC087,5,user,"How many interviews?"
PC087,6,assistant,"Aim 10–12 in Week 1. Script: current workflow, pain intensity (1–10), workaround costs, and buying process. No pitching until the end."
PC087,7,user,"Landing page tips?"
PC087,8,assistant,"Single promise headline, 3 bullets, 1 CTA (waitlist). Add 1–2 screenshots of a mock. Collect email + role + company size."
PC087,9,user,"Tech stack?"
PC087,10,assistant,"Pick boring tech: Next.js + Supabase + Stripe. Avoid auth from scratch; use a hosted solution. Ship on Vercel."
PC087,11,user,"Scope?"
PC087,12,assistant,"One job‑to‑be‑done end‑to‑end: capture feedback → triage → export. Defer team, SSO, and analytics."
PC087,13,user,"Pricing?"
PC087,14,assistant,"$9–$19 starter; annual at 2 months free. Offer a 14‑day trial; require card on signup for beta if comfortable, or no‑card waitlist invites."
PC087,15,user,"How do I market with limited time?"
PC087,16,assistant,"Pick one channel (Twitter/LinkedIn). Share weekly build logs and a helpful tip thread. DM interviewees with beta access."
PC087,17,user,"What about support?"
PC087,18,assistant,"Start with email + a simple in‑app widget. Office hours 1 hour/week for early users. Document known gaps."
PC087,19,user,"Week 1 deliverables?"
PC087,20,assistant,"Schedule 10 interviews, define the narrow problem, draft the landing page copy, and collect at least 25 waitlist emails."
PC088,1,user,"My mom is being discharged after a hip replacement. I need to set up home care, PT, meds, and safety. Can you help me plan the first 4 weeks?"
PC088,2,assistant,"Core pillars: environment safety, pain/mobility plan, meds schedule, follow‑ups, and support roster."
PC088,3,user,"Home setup?"
PC088,4,assistant,"Clear paths, remove rugs, add night lights, elevate seating/toilet if needed, and place commonly used items at waist height."
PC088,5,user,"PT plan?"
PC088,6,assistant,"Confirm outpatient vs. home PT; schedule 2–3 sessions/week initially. Daily home exercises (per PT sheet) in 2–3 short blocks."
PC088,7,user,"Meds and pain?"
PC088,8,assistant,"Create a med chart with times/doses/side effects; set phone reminders; track pain scores AM/PM; keep ice packs ready."
PC088,9,user,"Follow‑ups?"
PC088,10,assistant,"Book surgeon 2‑week check and PCP review. Arrange transport. Keep incision care instructions printed on the fridge."
PC088,11,user,"Who helps when I’m at work?"
PC088,12,assistant,"Build a support roster (siblings/friends); consider a part‑time aide for bathing and mobility. Set up a shared care log (Google Doc)."
PC088,13,user,"Red flags?"
PC088,14,assistant,"Fever, calf swelling, sudden chest pain, worsening redness at incision—seek medical care."
PC088,15,user,"Week‑by‑week?"
PC088,16,assistant,"Week 1: safety + med routine; Week 2: progress PT + reduce pain meds; Week 3: increase walks; Week 4: reassess for cane/stairs goals."
PC088,17,user,"Any equipment?"
PC088,18,assistant,"Walker or cane per PT, shower chair, grabber tool, sock aid."
PC088,19,user,"Summarize the plan."
PC088,20,assistant,"Finalize PT & follow‑ups, set med chart and reminders, adjust home layout, arrange aide/roster, and post red flags on the fridge."
PC089,1,user,"We’re moving cross‑country with a cat and a sedan. Need a 7‑day route plan, lodging, budget, and packing."
PC089,2,assistant,"Route with 6–8 hour driving days, cat‑friendly motels, and a contingency day. Budget: gas, lodging, food, pet fees, and an emergency fund."
PC089,3,user,"Cat logistics?"
PC089,4,assistant,"Carrier training now; vet check and calming options; travel litter box; frequent breaks in safe areas; keep ID tag and microchip updated."
PC089,5,user,"Lodging?"
PC089,6,assistant,"Filter for pet‑friendly chains. Book refundable rates along the route; request ground floor near exits."
PC089,7,user,"Packing the car?"
PC089,8,assistant,"Heavy items low and forward; essentials in a ‘front seat’ kit (docs, meds, snacks, chargers, water). Keep the carrier seat‑belted."
PC089,9,user,"Budget?"
PC089,10,assistant,"Estimate fuel from MPG × miles; nightly $80–$130; pet fees $10–$30; food $30–$50/day. Add a 15% cushion."
PC089,11,user,"Route sketch?"
PC089,12,assistant,"Day 1–7 city list with distances and pet‑friendly stops; add a day 8 buffer. Share with a contact and set daily check‑ins."
PC089,13,user,"What if the car has issues?"
PC089,14,assistant,"Pre‑trip service, roadside assistance, and a basic tool kit. If problems arise, consider a 1‑way rental to finish."
PC089,15,user,"Summarize next steps."
PC089,16,assistant,"Schedule vet/service, book lodgings, assemble the car kit, and print the route with backup options."
PC090,1,user,"I want to pass AWS Solutions Architect Associate in 10 weeks. I can study 90 minutes/day. Build a plan that includes labs and practice tests."
PC090,2,assistant,"Use a 3‑phase plan: learn, lab, test. Weeks 1–6: services by domain; Weeks 7–8: labs; Weeks 9–10: practice exams + weak areas."
PC090,3,user,"Domains?"
PC090,4,assistant,"Compute (EC2/Lambda), Storage (S3/EFS), Databases (RDS/DynamoDB), Networking (VPC/CloudFront), Security (IAM/KMS), and Well‑Architected."
PC090,5,user,"Labs?"
PC090,6,assistant,"Hands‑on: build a 2‑tier app with ALB+ASG, S3 static site with CloudFront, RDS failover, DynamoDB GSI vs LSI, and a VPC with private/public subnets and NAT."
PC090,7,user,"Practice tests cadence?"
PC090,8,assistant,"One full exam each weekend in weeks 9–10; review all wrong answers and re‑lab those topics the next day."
PC090,9,user,"Study resources?"
PC090,10,assistant,"Official exam guide, a structured course, AWS docs, FAQs, and re:Invent talks. Keep notes concise; make a service comparison table."
PC090,11,user,"Scheduling?"
PC090,12,assistant,"Book exam for week 10 now; work backward. Use 5× 90‑minute weekday sessions + a 2‑hour weekend lab."
PC090,13,user,"Weak topics?"
PC090,14,assistant,"Mark them in a ‘revisit’ list. Convert to lab tasks (e.g., IAM policy boundary). Reteach topics aloud to test understanding."
PC090,15,user,"Summarize my first two weeks."
PC090,16,assistant,"Week 1: IAM, S3, EC2 basics + small lab; Week 2: RDS vs Dynamo, VPC basics + subnets/NAT lab."
PC091,1,user,"I need a new hybrid car for commuting. Budget $28–$35k. How do I negotiate OTD price, financing vs. cash, and trade‑in?"
PC091,2,assistant,"Get 3–5 dealer quotes by email with VINs, ask for OTD (price + taxes/fees), and secure credit union pre‑approval to benchmark dealer financing."
PC091,3,user,"When do I mention trade‑in?"
PC091,4,assistant,"After you have the OTD in writing. Then ask for a trade offer (KBB range + condition photos). Keep deals separate."
PC091,5,user,"Dealer add‑ons?"
PC091,6,assistant,"Decline paint, VIN etch, and nitrogen unless free. Consider extended warranty only if it’s a good value from manufacturer, not third‑party."
PC091,7,user,"Financing math?"
PC091,8,assistant,"Compare APR × term; calculate total interest. Sometimes a rebate + credit union APR beats a low‑APR dealer offer. Use a spreadsheet to compare."
PC091,9,user,"Timing?"
PC091,10,assistant,"Month‑end or quarter‑end can help. Be ready to walk; keep communication in email."
PC091,11,user,"Closing day tips?"
PC091,12,assistant,"Review the buyer’s order line‑by‑line, verify fees match the quote, inspect the car, and confirm any we‑owe items in writing."
PC091,13,user,"Insurance and registration?"
PC091,14,assistant,"Get an insurance quote and binder before pickup; ensure temp tags or same‑day registration is handled."
PC091,15,user,"Summarize my negotiation plan."
PC091,16,assistant,"Collect OTD quotes, compare financing, negotiate trade after price, decline add‑ons, and double‑check the buyer’s order on closing day."
PC092,1,user,"I want to build a simple home lab for backups and media streaming. Budget $800. Priorities: reliable NAS, offsite backup, and Jellyfin."
PC092,2,assistant,"Plan stack: a 4‑bay NAS (Synology/QNAP or Unraid on a mini‑PC), 2× or 3× 8TB drives to start (RAID1/SHR), Jellyfin in Docker, and a cloud backup (Backblaze B2)."
PC092,3,user,"Prebuilt NAS or DIY?"
PC092,4,assistant,"Prebuilt (DS224+/DS423+) is easy and power‑efficient; DIY (Unraid/TrueNAS Scale) is flexible. With $800, a DS224+ with 2×8TB is viable; add bays later."
PC092,5,user,"RAID choice?"
PC092,6,assistant,"Use SHR/RAID1 to start for simplicity. Remember RAID ≠ backup; schedule snapshots and a cloud sync for key shares."
PC092,7,user,"Network setup?"
PC092,8,assistant,"Wire the NAS to router/switch via gigabit; set static DHCP lease; enable SMB/NFS with per‑user permissions; create ‘backup’, ‘media’, and ‘archives’ shares."
PC092,9,user,"Backups?"
PC092,10,assistant,"3‑2‑1 rule: 3 copies, 2 media, 1 offsite. NAS volume snapshots + Hyper Backup to B2 nightly for Documents/Photos; cold archive to an external drive quarterly."
PC092,11,user,"Jellyfin install?"
PC092,12,assistant,"Run Jellyfin via Docker with media mapped read‑only; enable HW transcode if your NAS CPU supports it. Organize media folders (Movies/TV/Music) with proper naming."
PC092,13,user,"User access?"
PC092,14,assistant,"Create separate accounts; use strong passwords; disable admin over WAN; if remote access needed, use Tailscale/WireGuard instead of port forwards."
PC092,15,user,"Monitoring?"
PC092,16,assistant,"Enable SMART checks, email alerts, and a weekly scrub. Track backup job success. Keep UPS for graceful shutdowns."
PC092,17,user,"Summarize purchases and timeline."
PC092,18,assistant,"Week 1 buy DS224+ (or DIY), 2×8TB NAS drives, UPS; Week 2 set shares/snapshots/B2; Week 3 add Jellyfin Docker and import media; Week 4 test restores and remote access."
PC093,1,user,"I need to take a 6‑month career break to care for a parent but want to protect my future job prospects. What’s a plan?"
PC093,2,assistant,"Plan pillars: employer off‑ramp, finances, skills maintenance, and a return story. Aim for 5–8 hours/week of light professional activity."
PC093,3,user,"How do I talk to my manager?"
PC093,4,assistant,"Share the situation, propose a coverage plan and a target return window, and ask about unpaid leave/part‑time options. Document agreements in writing."
PC093,5,user,"Finances?"
PC093,6,assistant,"Build a 6–9 month runway, pause non‑essentials, and set auto‑pay. Review health insurance options (COBRA/marketplace). Create a care budget."
PC093,7,user,"Skills maintenance?"
PC093,8,assistant,"Keep a weekly slot for reading, a small open‑source contribution or a micro‑project, and one networking touchpoint."
PC093,9,user,"Resume gap?"
PC093,10,assistant,"Use a ‘Family Care Sabbatical’ entry with dates; highlight micro‑projects, courses, or volunteering; emphasize outcomes previously delivered."
PC093,11,user,"Networking without being awkward?"
PC093,12,assistant,"Quarterly updates to your network: brief note, what you’re learning, and your planned return timing. Offer help (feedback, small audits)."
PC093,13,user,"Interview story later?"
PC093,14,assistant,"Frame as values‑driven decision, how you planned and kept skills fresh, and why you’re excited to return. Keep it concise."
PC093,15,user,"What if the break extends?"
PC093,16,assistant,"Reassess finances quarterly, expand micro‑projects, and consider part‑time consulting to stay current."
PC093,17,user,"Summarize next steps."
PC093,18,assistant,"Meet manager with a coverage plan, set budget/insurance, schedule weekly learning, and draft a one‑paragraph return story."
PC094,1,user,"We joined a weekly CSA vegetable box and keep wasting produce. Can you help build a 7‑day meal planning system to use it all?"
PC094,2,assistant,"System: inventory on pickup day, 3 anchor meals, 2 flexible ‘use‑up’ meals, and a prep session. Store greens properly and label jars."
PC094,3,user,"Pickup is Friday night."
PC094,4,assistant,"Friday: inventory + wash/dry greens; Saturday: prep grains/beans and a sauce; Sunday: roast a tray of mixed veg. Plan meals that front‑load fragile items (greens, herbs)."
PC094,5,user,"Anchor meals?"
PC094,6,assistant,"Mon: stir‑fry (greens/peppers/tofu); Wed: sheet‑pan veg + protein; Sat: pasta primavera. Flexible: frittata and soup."
PC094,7,user,"Leftovers?"
PC094,8,assistant,"Batch into lunch boxes. Keep a ‘use‑first’ bin in the fridge. Label with pickup date."
PC094,9,user,"What about odd veggies (kohlrabi, fennel)?"
PC094,10,assistant,"Grate into slaw, roast with carrots, or slice thin for a quick pickle. Make a ‘mystery veg’ soup on Sunday if needed."
PC094,11,user,"Family hates waste."
PC094,12,assistant,"Create a weekly scoreboard: % used. Celebrate 80%+ weeks; adjust orders if you consistently underuse."
PC094,13,user,"Pantry staples to keep?"
PC094,14,assistant,"Grains (rice/quinoa), beans, eggs, canned tomatoes, broth, olive oil, garlic/onions, vinegars, and spices."
PC094,15,user,"Summarize the weekly flow."
PC094,16,assistant,"Fri: inventory; Sat: prep; Sun: roast; Mon/Wed/Sat anchors; two flexible meals; use‑first bin; label jars; scoreboard review."
PC095,1,user,"I’m joining a 48‑hour hackathon with 3 friends. We need a plan to scope, build, and demo something solid."
PC095,2,assistant,"Plan: 2‑hour problem discovery, 2‑hour prototype plan, 36‑hour build in sprints, and 4‑hour polish/demo prep. One captain, no stealth work."
PC095,3,user,"How do we pick a problem fast?"
PC095,4,assistant,"List 5 ideas and score on impact, feasibility, and demo‑ability. Choose one that shows well without complex integrations."
PC095,5,user,"Roles?"
PC095,6,assistant,"One FE, one BE, one data/automation, one PM/demo. Define a minimum demo slice and a ‘stretch’ list."
PC095,7,user,"Tech stack?"
PC095,8,assistant,"Pick familiar tools: Next.js/Express/SQLite; Tailwind for speed; a simple API; and a hosted demo (Vercel/Render)."
PC095,9,user,"Sprints?"
PC095,10,assistant,"6×6‑hour sprints with a 15‑minute sync. Freeze scope at hour 36. Keep a visible board with DONE/DOING/TODO."
PC095,11,user,"Data and content?"
PC095,12,assistant,"Prefer static or mock data. If live, choose one reliable API. Cache aggressively."
PC095,13,user,"Demo plan?"
PC095,14,assistant,"30‑second story of the problem, 2‑minute walkthrough of the happy path, 30‑second impact. Two backup videos in case Wi‑Fi fails."
PC095,15,user,"What about sleep and food?"
PC095,16,assistant,"Plan two 4–5 hour sleeps, rotate naps, hydrate, and avoid heavy meals. Keep snacks and coffee/tea ready."
PC095,17,user,"Judging criteria?"
PC095,18,assistant,"Check rules: innovation, usefulness, polish, and pitch clarity. Align features to criteria and highlight metrics."
PC095,19,user,"Summarize our day‑0 prep."
PC095,20,assistant,"Set roles, repo, boilerplate app, venue power plan, snacks, and a 3‑slide demo deck skeleton."
PC096,1,user,"I want to formalize my personal investing plan: automate contributions, pick funds, and avoid tinkering. Help me write a simple IPS."
PC096,2,assistant,"IPS outline: goals, time horizon, risk tolerance, asset allocation, contributions, rebalancing, and rules for changes. Keep it one page."
PC096,3,user,"Asset allocation?"
PC096,4,assistant,"For a broad long‑term plan: 80/20 stocks/bonds using low‑cost index funds (US total market, international, and US total bond). Adjust one notch safer if volatility worries you."
PC096,5,user,"Contributions and accounts?"
PC096,6,assistant,"Automate: payroll to 401(k) up to match, monthly IRA (if eligible), and taxable brokerage for overflow. Set fixed dates/amounts (DCA)."
PC096,7,user,"Rebalancing?"
PC096,8,assistant,"Quarterly check; rebalance only if bands exceed ±5%. Prefer new contributions to correct drift; avoid frequent trades."
PC096,9,user,"What about emergency fund and debt?"
PC096,10,assistant,"Keep 3–6 months expenses in high‑yield savings; pay high‑interest debt before increasing taxable investing."
PC096,11,user,"Changing the plan later?"
PC096,12,assistant,"Only for life events (job loss, marriage, kids) or after a cooling‑off period (e.g., 30 days). Document changes in the IPS with reasons."
PC096,13,user,"Tax efficiency?"
PC096,14,assistant,"Put bonds in tax‑advantaged accounts when possible; use broad index ETFs in taxable; harvest losses only with a clear rule to avoid wash sales."
PC096,15,user,"Summarize my IPS."
PC096,16,assistant,"One‑page IPS: goals, 80/20 allocation (US/international/bonds), automated contributions, ±5% rebalance bands, and change rules with a 30‑day cooling‑off."
PC097,1,user,"I’m a freelance web developer. A client wants a 6‑page marketing site in 6 weeks. I need to set boundaries, scope, contract terms, and a project plan to avoid scope creep."
PC097,2,assistant,"Start with a mini‑SOW: deliverables (6 pages), site map, 2 rounds of revisions/page, mobile‑responsive, accessibility basics (WCAG AA checklist), CMS choice, and analytics. Out of scope: branding, custom illustrations, advanced animations, and additional pages."
PC097,3,user,"They want a simple CMS so they can edit content."
PC097,4,assistant,"Propose a lightweight CMS (e.g., Netlify CMS/Headless WP). Specify editable fields per page and a content freeze date for each milestone."
PC097,5,user,"Pricing model?"
PC097,6,assistant,"Fixed fee with milestone payments: 40% deposit, 30% at design approval, 30% at launch/acceptance. Include a rate card for out‑of‑scope work at hourly/day rate."
PC097,7,user,"Timeline?"
PC097,8,assistant,"Week 1: discovery + wireframes; Week 2–3: design; Week 4–5: build + CMS; Week 6: QA, accessibility pass, performance, and launch. Weekly check‑ins."
PC097,9,user,"What about copy and images?"
PC097,10,assistant,"Client‑provided. Add a clause: placeholder content used if late; two stock photos per page included, extras billed. Provide a content checklist with deadlines."
PC097,11,user,"Revisions?"
PC097,12,assistant,"Two rounds/page, time‑boxed (e.g., 3 business days for feedback). Consolidated feedback only; additional rounds billed at the rate card."
PC097,13,user,"Tech stack?"
PC097,14,assistant,"Next.js + Tailwind, hosted on Vercel; CMS via Headless WP/Netlify CMS; analytics via Plausible/GA. Performance target: LCP < 2.5s on 4G."
PC097,15,user,"Contract clauses to include?"
PC097,16,assistant,"Payment schedule, late fees, kill fee (25% of remaining), IP transfer on final payment, portfolio rights, warranty (30 days bug fixes), and change request process."
PC097,17,user,"Handover package?"
PC097,18,assistant,"README (deploy, CMS usage), admin logins, component library docs, site map, and a 30‑minute walkthrough video. Offer a maintenance retainer."
PC097,19,user,"Summarize the SOW for me to send."
PC097,20,assistant,"Scope: 6 pages + CMS, 2 revision rounds/page, accessibility/performance targets, and analytics. Timeline: 6 weeks. Payment: 40/30/30. Out of scope listed, rate card for extras, and 30‑day warranty."
PC098,1,user,"I have recurring mid‑back pain working at a laptop 8+ hours/day. I want a practical plan for ergonomics, breaks, simple mobility work, and how to talk to my manager about flexibility."
PC098,2,assistant,"Non‑medical tips: set up neutral posture, frequent movement, and gentle mobility. Discuss flexible breaks and a sit/stand setup with your manager. Consult a clinician as needed."
PC098,3,user,"Ergonomics first?"
PC098,4,assistant,"Use an external keyboard/mouse and raise the screen to eye level. Chair: hips/knees ~90°, low‑back support, feet flat. Keep elbows close, wrists neutral."
PC098,5,user,"Break schedule?"
PC098,6,assistant,"Every 25–30 minutes, 2–3 minutes to stand, walk, or do a quick drill. One 10–15 minute walk after lunch. Set a timer or app."
PC098,7,user,"Mobility routine?"
PC098,8,assistant,"2×/day: 5–7 minutes—thoracic extensions over a rolled towel, open books, cat‑cow, and gentle pec stretches."
PC098,9,user,"Strength work?"
PC098,10,assistant,"3×/week short sets: rows/band pull‑aparts, face pulls, and dead bugs/bird‑dogs. Keep form easy and pain‑free."
PC098,11,user,"Manager conversation?"
PC098,12,assistant,"Propose a sit/stand desk or external setup, explain the break cadence for productivity, and agree on outcomes and availability windows."
PC098,13,user,"Travel days are the worst."
PC098,14,assistant,"Pack a lightweight stand, use airport stretches, avoid long laptop sessions on couches, and schedule short walks during layovers."
PC098,15,user,"Measure progress?"
PC098,16,assistant,"Track daily discomfort 1–10 and sit/stand time. Aim for trend improvement over weeks. If pain persists/worsens, see a clinician."
PC098,17,user,"Summarize my plan."
PC098,18,assistant,"External setup + sit/stand, 25/5 movement breaks, daily 5‑minute mobility twice, 3 weekly short strength sessions, and a manager pact on flexibility."
PC099,1,user,"We’re deciding whether to buy a second car or use rideshare+carshare for the next 2 years. Family of four in the suburbs. Help us compare costs and risks."
PC099,2,assistant,"List use cases: commute, school runs, errands, weekend trips. Gather annual miles, peak times, and parking costs."
PC099,3,user,"Rough numbers: 7k miles/year extra, parking $100/mo, rideshare surge at school hours."
PC099,4,assistant,"Two‑year TCO for a used car: purchase (or lease), taxes/fees, insurance, maintenance/tires, fuel, depreciation, and parking. Rideshare/carshare: per‑mile/minute costs + surges + memberships."
PC099,5,user,"How do we model it?"
PC099,6,assistant,"Build a spreadsheet with scenarios (low/med/high miles, surge). Add risk rows: breakdowns, availability gaps, snow days, and kid activity overlaps."
PC099,7,user,"Intangibles?"
PC099,8,assistant,"Convenience (car wins), cost predictability (carshare with caps), flexibility for emergencies (car wins), and sustainability (depends)."
PC099,9,user,"If we buy, what kind of car?"
PC099,10,assistant,"Reliable used compact/hybrid with low insurance. Budget for tires and an immediate fluid/inspection service."
PC099,11,user,"If we don’t buy?"
PC099,12,assistant,"Pre‑book carshare for peak needs, create a backup plan with neighbors/family, and keep a monthly rideshare cap."
PC099,13,user,"Decision rule?"
PC099,14,assistant,"If 2‑year TCO < rideshare/carshare by at least 10–15% and you value convenience, buy. Otherwise, delay purchase and revisit in 6 months."
PC099,15,user,"Summarize what to do this weekend."
PC099,16,assistant,"Gather quotes (insurance, carshare, typical rides), build the spreadsheet with scenarios, and test a ‘no second car’ week to see pain points."
PC100,1,user,"We live on the coast; hurricane season starts next month. Build us a realistic prep plan: supplies, home, cars, insurance docs, and go/no‑go decisions."
PC100,2,assistant,"Phases: 1) season prep; 2) 72‑hour kit; 3) home hardening; 4) evacuation plan. Use local guidance; register for alerts."
PC100,3,user,"Supplies?"
PC100,4,assistant,"Per person: 3 days water + shelf foods, meds, first‑aid, lights/batteries, USB power banks, sanitation, and copies of IDs/insurance. Include pet supplies."
PC100,5,user,"Home hardening?"
PC100,6,assistant,"Install shutters or pre‑cut plywood, clear gutters, trim trees, and secure outdoor items. Know how to shut off gas/water/electric."
PC100,7,user,"Cars?"
PC100,8,assistant,"Keep tanks ≥ half, check tires, wipers, and fluids; store a car kit (water/snacks, tools, jump pack, first‑aid)."
PC100,9,user,"Insurance docs?"
PC100,10,assistant,"Photo inventory of valuables, policy PDFs in cloud/USB, waterproof a paper copy. Know deductibles, flood coverage, and claim numbers."
PC100,11,user,"Go/no‑go decision?"
PC100,12,assistant,"Decide 48 hours pre‑landfall using forecast cone + local orders. If evacuating, pick inland routes, book pet‑friendly lodging, and leave early."
PC100,13,user,"If we shelter in place?"
PC100,14,assistant,"Move valuables upstairs, charge devices, fill tub for flushing, set a safe room. Stay inside until all clear."
PC100,15,user,"After the storm?"
PC100,16,assistant,"Beware downed lines and floodwater; document damage with photos; contact insurer; check neighbors."
PC100,17,user,"Summarize our prep this week."
PC100,18,assistant,"Assemble 72‑hour kits, organize documents, service cars, install/label shutters, and draft the evacuation route with two alternatives."


