conversation_id,turn_index,role,message
CD001,1,user,Create a simple Python function to calculate the area of a rectangle
CD001,2,assistant,"Here's a basic implementation:

```python
def calculate_area(length, width):
    return length * width
```

This provides the core functionality you requested. Would you like me to add any additional features?"
CD001,3,user,Add input validation to ensure length and width are positive numbers
CD001,4,assistant,"I've updated the code to include add input validation to ensure length and width are positive numbers:

```python
def calculate_area(length, width):
    if not isinstance(length, (int, float)) or not isinstance(width, (int, float)):
        raise TypeError(""Length and width must be numbers"")
    if length <= 0 or width <= 0:
        raise ValueError(""Length and width must be positive"")
    return length * width
```

The code now has enhanced functionality. Is there anything else you'd like me to add or modify?"
CD001,5,user,Add type hints and a docstring
CD001,6,assistant,"I've updated the code to include add type hints and a docstring:

```python
def calculate_area(length: float, width: float) -> float:
    """"""
    Calculate the area of a rectangle.
    
    Args:
        length (float): The length of the rectangle
        width (float): The width of the rectangle
    
    Returns:
        float: The area of the rectangle
    
    Raises:
        TypeError: If length or width are not numbers
        ValueError: If length or width are not positive
    """"""
    if not isinstance(length, (int, float)) or not isinstance(width, (int, float)):
        raise TypeError(""Length and width must be numbers"")
    if length <= 0 or width <= 0:
        raise ValueError(""Length and width must be positive"")
    return length * width
```

The code now has enhanced functionality. Is there anything else you'd like me to add or modify?"
CD002,1,user,"Create a basic calculator class with add, subtract, multiply, and divide methods"
CD002,2,assistant,"Here's a basic implementation:

```python
class Calculator:
    def add(self, a, b):
        return a + b
    
    def subtract(self, a, b):
        return a - b
    
    def multiply(self, a, b):
        return a * b
    
    def divide(self, a, b):
        return a / b
```

This provides the core functionality you requested. Would you like me to add any additional features?"
CD002,3,user,Add error handling for division by zero
CD002,4,assistant,"I've updated the code to include add error handling for division by zero:

```python
class Calculator:
    def add(self, a, b):
        return a + b
    
    def subtract(self, a, b):
        return a - b
    
    def multiply(self, a, b):
        return a * b
    
    def divide(self, a, b):
        if b == 0:
            raise ValueError(""Cannot divide by zero"")
        return a / b
```

The code now has enhanced functionality. Is there anything else you'd like me to add or modify?"
CD002,5,user,Add memory functionality to store and recall values
CD002,6,assistant,"I've updated the code to include add memory functionality to store and recall values:

```python
class Calculator:
    def __init__(self):
        self.memory = 0
    
    def add(self, a, b):
        return a + b
    
    def subtract(self, a, b):
        return a - b
    
    def multiply(self, a, b):
        return a * b
    
    def divide(self, a, b):
        if b == 0:
            raise ValueError(""Cannot divide by zero"")
        return a / b
    
    def memory_store(self, value):
        self.memory = value
    
    def memory_recall(self):
        return self.memory
    
    def memory_clear(self):
        self.memory = 0
```

The code now has enhanced functionality. Is there anything else you'd like me to add or modify?"
CD003,1,user,Create a simple to-do list class
CD003,2,assistant,"Here's a basic implementation:

```python
class TodoList:
    def __init__(self):
        self.tasks = []
    
    def add_task(self, task):
        self.tasks.append(task)
    
    def remove_task(self, task):
        if task in self.tasks:
            self.tasks.remove(task)
    
    def list_tasks(self):
        return self.tasks
```

This provides the core functionality you requested. Would you like me to add any additional features?"
CD003,3,user,Add task completion status
CD003,4,assistant,"I've updated the code to include add task completion status:

```python
class TodoList:
    def __init__(self):
        self.tasks = []
    
    def add_task(self, task):
        self.tasks.append({'task': task, 'completed': False})
    
    def complete_task(self, task_name):
        for task in self.tasks:
            if task['task'] == task_name:
                task['completed'] = True
                break
    
    def list_tasks(self, show_completed=True):
        if show_completed:
            return self.tasks
        return [task for task in self.tasks if not task['completed']]
```

The code now has enhanced functionality. Is there anything else you'd like me to add or modify?"
CD003,5,user,Add priority levels for tasks
CD003,6,assistant,"I've updated the code to include add priority levels for tasks:

```python
class TodoList:
    def __init__(self):
        self.tasks = []
    
    def add_task(self, task, priority='medium'):
        self.tasks.append({
            'task': task, 
            'completed': False, 
            'priority': priority
        })
    
    def complete_task(self, task_name):
        for task in self.tasks:
            if task['task'] == task_name:
                task['completed'] = True
                break
    
    def list_tasks(self, show_completed=True, priority=None):
        filtered_tasks = self.tasks
        
        if not show_completed:
            filtered_tasks = [task for task in filtered_tasks if not task['completed']]
        
        if priority:
            filtered_tasks = [task for task in filtered_tasks if task['priority'] == priority]
        
        return sorted(filtered_tasks, key=lambda x: {'high': 3, 'medium': 2, 'low': 1}[x['priority']], reverse=True)
```

The code now has enhanced functionality. Is there anything else you'd like me to add or modify?"
CD004,1,user,Create a simple to-do list class
CD004,2,assistant,"Here's a basic implementation:

```python
class TodoList:
    def __init__(self):
        self.tasks = []
    
    def add_task(self, task):
        self.tasks.append(task)
    
    def remove_task(self, task):
        if task in self.tasks:
            self.tasks.remove(task)
    
    def list_tasks(self):
        return self.tasks
```

This provides the core functionality you requested. Would you like me to add any additional features?"
CD004,3,user,Add task completion status
CD004,4,assistant,"I've updated the code to include add task completion status:

```python
class TodoList:
    def __init__(self):
        self.tasks = []
    
    def add_task(self, task):
        self.tasks.append({'task': task, 'completed': False})
    
    def complete_task(self, task_name):
        for task in self.tasks:
            if task['task'] == task_name:
                task['completed'] = True
                break
    
    def list_tasks(self, show_completed=True):
        if show_completed:
            return self.tasks
        return [task for task in self.tasks if not task['completed']]
```

The code now has enhanced functionality. Is there anything else you'd like me to add or modify?"
CD004,5,user,Add priority levels for tasks
CD004,6,assistant,"I've updated the code to include add priority levels for tasks:

```python
class TodoList:
    def __init__(self):
        self.tasks = []
    
    def add_task(self, task, priority='medium'):
        self.tasks.append({
            'task': task, 
            'completed': False, 
            'priority': priority
        })
    
    def complete_task(self, task_name):
        for task in self.tasks:
            if task['task'] == task_name:
                task['completed'] = True
                break
    
    def list_tasks(self, show_completed=True, priority=None):
        filtered_tasks = self.tasks
        
        if not show_completed:
            filtered_tasks = [task for task in filtered_tasks if not task['completed']]
        
        if priority:
            filtered_tasks = [task for task in filtered_tasks if task['priority'] == priority]
        
        return sorted(filtered_tasks, key=lambda x: {'high': 3, 'medium': 2, 'low': 1}[x['priority']], reverse=True)
```

The code now has enhanced functionality. Is there anything else you'd like me to add or modify?"
CD005,1,user,Create a simple to-do list class
CD005,2,assistant,"Here's a basic implementation:

```python
class TodoList:
    def __init__(self):
        self.tasks = []
    
    def add_task(self, task):
        self.tasks.append(task)
    
    def remove_task(self, task):
        if task in self.tasks:
            self.tasks.remove(task)
    
    def list_tasks(self):
        return self.tasks
```

This provides the core functionality you requested. Would you like me to add any additional features?"
CD005,3,user,Add task completion status
CD005,4,assistant,"I've updated the code to include add task completion status:

```python
class TodoList:
    def __init__(self):
        self.tasks = []
    
    def add_task(self, task):
        self.tasks.append({'task': task, 'completed': False})
    
    def complete_task(self, task_name):
        for task in self.tasks:
            if task['task'] == task_name:
                task['completed'] = True
                break
    
    def list_tasks(self, show_completed=True):
        if show_completed:
            return self.tasks
        return [task for task in self.tasks if not task['completed']]
```

The code now has enhanced functionality. Is there anything else you'd like me to add or modify?"
CD005,5,user,Add priority levels for tasks
CD005,6,assistant,"I've updated the code to include add priority levels for tasks:

```python
class TodoList:
    def __init__(self):
        self.tasks = []
    
    def add_task(self, task, priority='medium'):
        self.tasks.append({
            'task': task, 
            'completed': False, 
            'priority': priority
        })
    
    def complete_task(self, task_name):
        for task in self.tasks:
            if task['task'] == task_name:
                task['completed'] = True
                break
    
    def list_tasks(self, show_completed=True, priority=None):
        filtered_tasks = self.tasks
        
        if not show_completed:
            filtered_tasks = [task for task in filtered_tasks if not task['completed']]
        
        if priority:
            filtered_tasks = [task for task in filtered_tasks if task['priority'] == priority]
        
        return sorted(filtered_tasks, key=lambda x: {'high': 3, 'medium': 2, 'low': 1}[x['priority']], reverse=True)
```

The code now has enhanced functionality. Is there anything else you'd like me to add or modify?"
CD006,1,user,Create a simple to-do list class
CD006,2,assistant,"Here's a basic implementation:

```python
class TodoList:
    def __init__(self):
        self.tasks = []
    
    def add_task(self, task):
        self.tasks.append(task)
    
    def remove_task(self, task):
        if task in self.tasks:
            self.tasks.remove(task)
    
    def list_tasks(self):
        return self.tasks
```

This provides the core functionality you requested. Would you like me to add any additional features?"
CD006,3,user,Add task completion status
CD006,4,assistant,"I've updated the code to include add task completion status:

```python
class TodoList:
    def __init__(self):
        self.tasks = []
    
    def add_task(self, task):
        self.tasks.append({'task': task, 'completed': False})
    
    def complete_task(self, task_name):
        for task in self.tasks:
            if task['task'] == task_name:
                task['completed'] = True
                break
    
    def list_tasks(self, show_completed=True):
        if show_completed:
            return self.tasks
        return [task for task in self.tasks if not task['completed']]
```

The code now has enhanced functionality. Is there anything else you'd like me to add or modify?"
CD006,5,user,Add priority levels for tasks
CD006,6,assistant,"I've updated the code to include add priority levels for tasks:

```python
class TodoList:
    def __init__(self):
        self.tasks = []
    
    def add_task(self, task, priority='medium'):
        self.tasks.append({
            'task': task, 
            'completed': False, 
            'priority': priority
        })
    
    def complete_task(self, task_name):
        for task in self.tasks:
            if task['task'] == task_name:
                task['completed'] = True
                break
    
    def list_tasks(self, show_completed=True, priority=None):
        filtered_tasks = self.tasks
        
        if not show_completed:
            filtered_tasks = [task for task in filtered_tasks if not task['completed']]
        
        if priority:
            filtered_tasks = [task for task in filtered_tasks if task['priority'] == priority]
        
        return sorted(filtered_tasks, key=lambda x: {'high': 3, 'medium': 2, 'low': 1}[x['priority']], reverse=True)
```

The code now has enhanced functionality. Is there anything else you'd like me to add or modify?"
CD007,1,user,Create a simple to-do list class
CD007,2,assistant,"Here's a basic implementation:

```python
class TodoList:
    def __init__(self):
        self.tasks = []
    
    def add_task(self, task):
        self.tasks.append(task)
    
    def remove_task(self, task):
        if task in self.tasks:
            self.tasks.remove(task)
    
    def list_tasks(self):
        return self.tasks
```

This provides the core functionality you requested. Would you like me to add any additional features?"
CD007,3,user,Add task completion status
CD007,4,assistant,"I've updated the code to include add task completion status:

```python
class TodoList:
    def __init__(self):
        self.tasks = []
    
    def add_task(self, task):
        self.tasks.append({'task': task, 'completed': False})
    
    def complete_task(self, task_name):
        for task in self.tasks:
            if task['task'] == task_name:
                task['completed'] = True
                break
    
    def list_tasks(self, show_completed=True):
        if show_completed:
            return self.tasks
        return [task for task in self.tasks if not task['completed']]
```

The code now has enhanced functionality. Is there anything else you'd like me to add or modify?"
CD007,5,user,Add priority levels for tasks
CD007,6,assistant,"I've updated the code to include add priority levels for tasks:

```python
class TodoList:
    def __init__(self):
        self.tasks = []
    
    def add_task(self, task, priority='medium'):
        self.tasks.append({
            'task': task, 
            'completed': False, 
            'priority': priority
        })
    
    def complete_task(self, task_name):
        for task in self.tasks:
            if task['task'] == task_name:
                task['completed'] = True
                break
    
    def list_tasks(self, show_completed=True, priority=None):
        filtered_tasks = self.tasks
        
        if not show_completed:
            filtered_tasks = [task for task in filtered_tasks if not task['completed']]
        
        if priority:
            filtered_tasks = [task for task in filtered_tasks if task['priority'] == priority]
        
        return sorted(filtered_tasks, key=lambda x: {'high': 3, 'medium': 2, 'low': 1}[x['priority']], reverse=True)
```

The code now has enhanced functionality. Is there anything else you'd like me to add or modify?"
CD008,1,user,Create a simple to-do list class
CD008,2,assistant,"Here's a basic implementation:

```python
class TodoList:
    def __init__(self):
        self.tasks = []
    
    def add_task(self, task):
        self.tasks.append(task)
    
    def remove_task(self, task):
        if task in self.tasks:
            self.tasks.remove(task)
    
    def list_tasks(self):
        return self.tasks
```

This provides the core functionality you requested. Would you like me to add any additional features?"
CD008,3,user,Add task completion status
CD008,4,assistant,"I've updated the code to include add task completion status:

```python
class TodoList:
    def __init__(self):
        self.tasks = []
    
    def add_task(self, task):
        self.tasks.append({'task': task, 'completed': False})
    
    def complete_task(self, task_name):
        for task in self.tasks:
            if task['task'] == task_name:
                task['completed'] = True
                break
    
    def list_tasks(self, show_completed=True):
        if show_completed:
            return self.tasks
        return [task for task in self.tasks if not task['completed']]
```

The code now has enhanced functionality. Is there anything else you'd like me to add or modify?"
CD008,5,user,Add priority levels for tasks
CD008,6,assistant,"I've updated the code to include add priority levels for tasks:

```python
class TodoList:
    def __init__(self):
        self.tasks = []
    
    def add_task(self, task, priority='medium'):
        self.tasks.append({
            'task': task, 
            'completed': False, 
            'priority': priority
        })
    
    def complete_task(self, task_name):
        for task in self.tasks:
            if task['task'] == task_name:
                task['completed'] = True
                break
    
    def list_tasks(self, show_completed=True, priority=None):
        filtered_tasks = self.tasks
        
        if not show_completed:
            filtered_tasks = [task for task in filtered_tasks if not task['completed']]
        
        if priority:
            filtered_tasks = [task for task in filtered_tasks if task['priority'] == priority]
        
        return sorted(filtered_tasks, key=lambda x: {'high': 3, 'medium': 2, 'low': 1}[x['priority']], reverse=True)
```

The code now has enhanced functionality. Is there anything else you'd like me to add or modify?"
CD009,1,user,Create a simple to-do list class
CD009,2,assistant,"Here's a basic implementation:

```python
class TodoList:
    def __init__(self):
        self.tasks = []
    
    def add_task(self, task):
        self.tasks.append(task)
    
    def remove_task(self, task):
        if task in self.tasks:
            self.tasks.remove(task)
    
    def list_tasks(self):
        return self.tasks
```

This provides the core functionality you requested. Would you like me to add any additional features?"
CD009,3,user,Add task completion status
CD009,4,assistant,"I've updated the code to include add task completion status:

```python
class TodoList:
    def __init__(self):
        self.tasks = []
    
    def add_task(self, task):
        self.tasks.append({'task': task, 'completed': False})
    
    def complete_task(self, task_name):
        for task in self.tasks:
            if task['task'] == task_name:
                task['completed'] = True
                break
    
    def list_tasks(self, show_completed=True):
        if show_completed:
            return self.tasks
        return [task for task in self.tasks if not task['completed']]
```

The code now has enhanced functionality. Is there anything else you'd like me to add or modify?"
CD009,5,user,Add priority levels for tasks
CD009,6,assistant,"I've updated the code to include add priority levels for tasks:

```python
class TodoList:
    def __init__(self):
        self.tasks = []
    
    def add_task(self, task, priority='medium'):
        self.tasks.append({
            'task': task, 
            'completed': False, 
            'priority': priority
        })
    
    def complete_task(self, task_name):
        for task in self.tasks:
            if task['task'] == task_name:
                task['completed'] = True
                break
    
    def list_tasks(self, show_completed=True, priority=None):
        filtered_tasks = self.tasks
        
        if not show_completed:
            filtered_tasks = [task for task in filtered_tasks if not task['completed']]
        
        if priority:
            filtered_tasks = [task for task in filtered_tasks if task['priority'] == priority]
        
        return sorted(filtered_tasks, key=lambda x: {'high': 3, 'medium': 2, 'low': 1}[x['priority']], reverse=True)
```

The code now has enhanced functionality. Is there anything else you'd like me to add or modify?"
CD010,1,user,Create a simple to-do list class
CD010,2,assistant,"Here's a basic implementation:

```python
class TodoList:
    def __init__(self):
        self.tasks = []
    
    def add_task(self, task):
        self.tasks.append(task)
    
    def remove_task(self, task):
        if task in self.tasks:
            self.tasks.remove(task)
    
    def list_tasks(self):
        return self.tasks
```

This provides the core functionality you requested. Would you like me to add any additional features?"
CD010,3,user,Add task completion status
CD010,4,assistant,"I've updated the code to include add task completion status:

```python
class TodoList:
    def __init__(self):
        self.tasks = []
    
    def add_task(self, task):
        self.tasks.append({'task': task, 'completed': False})
    
    def complete_task(self, task_name):
        for task in self.tasks:
            if task['task'] == task_name:
                task['completed'] = True
                break
    
    def list_tasks(self, show_completed=True):
        if show_completed:
            return self.tasks
        return [task for task in self.tasks if not task['completed']]
```

The code now has enhanced functionality. Is there anything else you'd like me to add or modify?"
CD010,5,user,Add priority levels for tasks
CD010,6,assistant,"I've updated the code to include add priority levels for tasks:

```python
class TodoList:
    def __init__(self):
        self.tasks = []
    
    def add_task(self, task, priority='medium'):
        self.tasks.append({
            'task': task, 
            'completed': False, 
            'priority': priority
        })
    
    def complete_task(self, task_name):
        for task in self.tasks:
            if task['task'] == task_name:
                task['completed'] = True
                break
    
    def list_tasks(self, show_completed=True, priority=None):
        filtered_tasks = self.tasks
        
        if not show_completed:
            filtered_tasks = [task for task in filtered_tasks if not task['completed']]
        
        if priority:
            filtered_tasks = [task for task in filtered_tasks if task['priority'] == priority]
        
        return sorted(filtered_tasks, key=lambda x: {'high': 3, 'medium': 2, 'low': 1}[x['priority']], reverse=True)
```

The code now has enhanced functionality. Is there anything else you'd like me to add or modify?"
CD011,1,user,Create a simple to-do list class
CD011,2,assistant,"Here's a basic implementation:

```python
class TodoList:
    def __init__(self):
        self.tasks = []
    
    def add_task(self, task):
        self.tasks.append(task)
    
    def remove_task(self, task):
        if task in self.tasks:
            self.tasks.remove(task)
    
    def list_tasks(self):
        return self.tasks
```

This provides the core functionality you requested. Would you like me to add any additional features?"
CD011,3,user,Add task completion status
CD011,4,assistant,"I've updated the code to include add task completion status:

```python
class TodoList:
    def __init__(self):
        self.tasks = []
    
    def add_task(self, task):
        self.tasks.append({'task': task, 'completed': False})
    
    def complete_task(self, task_name):
        for task in self.tasks:
            if task['task'] == task_name:
                task['completed'] = True
                break
    
    def list_tasks(self, show_completed=True):
        if show_completed:
            return self.tasks
        return [task for task in self.tasks if not task['completed']]
```

The code now has enhanced functionality. Is there anything else you'd like me to add or modify?"
CD011,5,user,Add priority levels for tasks
CD011,6,assistant,"I've updated the code to include add priority levels for tasks:

```python
class TodoList:
    def __init__(self):
        self.tasks = []
    
    def add_task(self, task, priority='medium'):
        self.tasks.append({
            'task': task, 
            'completed': False, 
            'priority': priority
        })
    
    def complete_task(self, task_name):
        for task in self.tasks:
            if task['task'] == task_name:
                task['completed'] = True
                break
    
    def list_tasks(self, show_completed=True, priority=None):
        filtered_tasks = self.tasks
        
        if not show_completed:
            filtered_tasks = [task for task in filtered_tasks if not task['completed']]
        
        if priority:
            filtered_tasks = [task for task in filtered_tasks if task['priority'] == priority]
        
        return sorted(filtered_tasks, key=lambda x: {'high': 3, 'medium': 2, 'low': 1}[x['priority']], reverse=True)
```

The code now has enhanced functionality. Is there anything else you'd like me to add or modify?"
CD012,1,user,Create a simple weather data class
CD012,2,assistant,"Here's a basic implementation:

```python
class WeatherData:
    def __init__(self, temperature, humidity):
        self.temperature = temperature
        self.humidity = humidity
    
    def get_temperature(self):
        return self.temperature
    
    def get_humidity(self):
        return self.humidity
```

This provides the core functionality you requested. Would you like me to add any additional features?"
CD012,3,user,Add weather conditions and wind speed
CD012,4,assistant,"I've updated the code to include add weather conditions and wind speed:

```python
class WeatherData:
    def __init__(self, temperature, humidity, condition='clear', wind_speed=0):
        self.temperature = temperature
        self.humidity = humidity
        self.condition = condition
        self.wind_speed = wind_speed
    
    def get_temperature(self):
        return self.temperature
    
    def get_humidity(self):
        return self.humidity
    
    def get_condition(self):
        return self.condition
    
    def get_wind_speed(self):
        return self.wind_speed
    
    def get_summary(self):
        return f'Temperature: {self.temperature}°C, Humidity: {self.humidity}%, Condition: {self.condition}, Wind: {self.wind_speed} km/h'
```

The code now has enhanced functionality. Is there anything else you'd like me to add or modify?"
CD012,5,user,Add temperature conversion methods
CD012,6,assistant,"I've updated the code to include add temperature conversion methods:

```python
class WeatherData:
    def __init__(self, temperature, humidity, condition='clear', wind_speed=0, temp_unit='C'):
        self.temperature = temperature
        self.humidity = humidity
        self.condition = condition
        self.wind_speed = wind_speed
        self.temp_unit = temp_unit
    
    def get_temperature(self, unit=None):
        if unit is None:
            unit = self.temp_unit
        
        if self.temp_unit == 'C' and unit == 'F':
            return (self.temperature * 9/5) + 32
        elif self.temp_unit == 'F' and unit == 'C':
            return (self.temperature - 32) * 5/9
        else:
            return self.temperature
    
    def get_humidity(self):
        return self.humidity
    
    def get_condition(self):
        return self.condition
    
    def get_wind_speed(self):
        return self.wind_speed
    
    def get_summary(self, temp_unit=None):
        temp = self.get_temperature(temp_unit or self.temp_unit)
        unit_symbol = temp_unit or self.temp_unit
        return f'Temperature: {temp:.1f}°{unit_symbol}, Humidity: {self.humidity}%, Condition: {self.condition}, Wind: {self.wind_speed} km/h'
```

The code now has enhanced functionality. Is there anything else you'd like me to add or modify?"
CD013,1,user,Create a simple to-do list class
CD013,2,assistant,"Here's a basic implementation:

```python
class TodoList:
    def __init__(self):
        self.tasks = []
    
    def add_task(self, task):
        self.tasks.append(task)
    
    def remove_task(self, task):
        if task in self.tasks:
            self.tasks.remove(task)
    
    def list_tasks(self):
        return self.tasks
```

This provides the core functionality you requested. Would you like me to add any additional features?"
CD013,3,user,Add task completion status
CD013,4,assistant,"I've updated the code to include add task completion status:

```python
class TodoList:
    def __init__(self):
        self.tasks = []
    
    def add_task(self, task):
        self.tasks.append({'task': task, 'completed': False})
    
    def complete_task(self, task_name):
        for task in self.tasks:
            if task['task'] == task_name:
                task['completed'] = True
                break
    
    def list_tasks(self, show_completed=True):
        if show_completed:
            return self.tasks
        return [task for task in self.tasks if not task['completed']]
```

The code now has enhanced functionality. Is there anything else you'd like me to add or modify?"
CD013,5,user,Add priority levels for tasks
CD013,6,assistant,"I've updated the code to include add priority levels for tasks:

```python
class TodoList:
    def __init__(self):
        self.tasks = []
    
    def add_task(self, task, priority='medium'):
        self.tasks.append({
            'task': task, 
            'completed': False, 
            'priority': priority
        })
    
    def complete_task(self, task_name):
        for task in self.tasks:
            if task['task'] == task_name:
                task['completed'] = True
                break
    
    def list_tasks(self, show_completed=True, priority=None):
        filtered_tasks = self.tasks
        
        if not show_completed:
            filtered_tasks = [task for task in filtered_tasks if not task['completed']]
        
        if priority:
            filtered_tasks = [task for task in filtered_tasks if task['priority'] == priority]
        
        return sorted(filtered_tasks, key=lambda x: {'high': 3, 'medium': 2, 'low': 1}[x['priority']], reverse=True)
```

The code now has enhanced functionality. Is there anything else you'd like me to add or modify?"
CD014,1,user,Create a simple to-do list class
CD014,2,assistant,"Here's a basic implementation:

```python
class TodoList:
    def __init__(self):
        self.tasks = []
    
    def add_task(self, task):
        self.tasks.append(task)
    
    def remove_task(self, task):
        if task in self.tasks:
            self.tasks.remove(task)
    
    def list_tasks(self):
        return self.tasks
```

This provides the core functionality you requested. Would you like me to add any additional features?"
CD014,3,user,Add task completion status
CD014,4,assistant,"I've updated the code to include add task completion status:

```python
class TodoList:
    def __init__(self):
        self.tasks = []
    
    def add_task(self, task):
        self.tasks.append({'task': task, 'completed': False})
    
    def complete_task(self, task_name):
        for task in self.tasks:
            if task['task'] == task_name:
                task['completed'] = True
                break
    
    def list_tasks(self, show_completed=True):
        if show_completed:
            return self.tasks
        return [task for task in self.tasks if not task['completed']]
```

The code now has enhanced functionality. Is there anything else you'd like me to add or modify?"
CD014,5,user,Add priority levels for tasks
CD014,6,assistant,"I've updated the code to include add priority levels for tasks:

```python
class TodoList:
    def __init__(self):
        self.tasks = []
    
    def add_task(self, task, priority='medium'):
        self.tasks.append({
            'task': task, 
            'completed': False, 
            'priority': priority
        })
    
    def complete_task(self, task_name):
        for task in self.tasks:
            if task['task'] == task_name:
                task['completed'] = True
                break
    
    def list_tasks(self, show_completed=True, priority=None):
        filtered_tasks = self.tasks
        
        if not show_completed:
            filtered_tasks = [task for task in filtered_tasks if not task['completed']]
        
        if priority:
            filtered_tasks = [task for task in filtered_tasks if task['priority'] == priority]
        
        return sorted(filtered_tasks, key=lambda x: {'high': 3, 'medium': 2, 'low': 1}[x['priority']], reverse=True)
```

The code now has enhanced functionality. Is there anything else you'd like me to add or modify?"
CD015,1,user,Create a simple to-do list class
CD015,2,assistant,"Here's a basic implementation:

```python
class TodoList:
    def __init__(self):
        self.tasks = []
    
    def add_task(self, task):
        self.tasks.append(task)
    
    def remove_task(self, task):
        if task in self.tasks:
            self.tasks.remove(task)
    
    def list_tasks(self):
        return self.tasks
```

This provides the core functionality you requested. Would you like me to add any additional features?"
CD015,3,user,Add task completion status
CD015,4,assistant,"I've updated the code to include add task completion status:

```python
class TodoList:
    def __init__(self):
        self.tasks = []
    
    def add_task(self, task):
        self.tasks.append({'task': task, 'completed': False})
    
    def complete_task(self, task_name):
        for task in self.tasks:
            if task['task'] == task_name:
                task['completed'] = True
                break
    
    def list_tasks(self, show_completed=True):
        if show_completed:
            return self.tasks
        return [task for task in self.tasks if not task['completed']]
```

The code now has enhanced functionality. Is there anything else you'd like me to add or modify?"
CD015,5,user,Add priority levels for tasks
CD015,6,assistant,"I've updated the code to include add priority levels for tasks:

```python
class TodoList:
    def __init__(self):
        self.tasks = []
    
    def add_task(self, task, priority='medium'):
        self.tasks.append({
            'task': task, 
            'completed': False, 
            'priority': priority
        })
    
    def complete_task(self, task_name):
        for task in self.tasks:
            if task['task'] == task_name:
                task['completed'] = True
                break
    
    def list_tasks(self, show_completed=True, priority=None):
        filtered_tasks = self.tasks
        
        if not show_completed:
            filtered_tasks = [task for task in filtered_tasks if not task['completed']]
        
        if priority:
            filtered_tasks = [task for task in filtered_tasks if task['priority'] == priority]
        
        return sorted(filtered_tasks, key=lambda x: {'high': 3, 'medium': 2, 'low': 1}[x['priority']], reverse=True)
```

The code now has enhanced functionality. Is there anything else you'd like me to add or modify?"
CD016,1,user,Create a simple to-do list class
CD016,2,assistant,"Here's a basic implementation:

```python
class TodoList:
    def __init__(self):
        self.tasks = []
    
    def add_task(self, task):
        self.tasks.append(task)
    
    def remove_task(self, task):
        if task in self.tasks:
            self.tasks.remove(task)
    
    def list_tasks(self):
        return self.tasks
```

This provides the core functionality you requested. Would you like me to add any additional features?"
CD016,3,user,Add task completion status
CD016,4,assistant,"I've updated the code to include add task completion status:

```python
class TodoList:
    def __init__(self):
        self.tasks = []
    
    def add_task(self, task):
        self.tasks.append({'task': task, 'completed': False})
    
    def complete_task(self, task_name):
        for task in self.tasks:
            if task['task'] == task_name:
                task['completed'] = True
                break
    
    def list_tasks(self, show_completed=True):
        if show_completed:
            return self.tasks
        return [task for task in self.tasks if not task['completed']]
```

The code now has enhanced functionality. Is there anything else you'd like me to add or modify?"
CD016,5,user,Add priority levels for tasks
CD016,6,assistant,"I've updated the code to include add priority levels for tasks:

```python
class TodoList:
    def __init__(self):
        self.tasks = []
    
    def add_task(self, task, priority='medium'):
        self.tasks.append({
            'task': task, 
            'completed': False, 
            'priority': priority
        })
    
    def complete_task(self, task_name):
        for task in self.tasks:
            if task['task'] == task_name:
                task['completed'] = True
                break
    
    def list_tasks(self, show_completed=True, priority=None):
        filtered_tasks = self.tasks
        
        if not show_completed:
            filtered_tasks = [task for task in filtered_tasks if not task['completed']]
        
        if priority:
            filtered_tasks = [task for task in filtered_tasks if task['priority'] == priority]
        
        return sorted(filtered_tasks, key=lambda x: {'high': 3, 'medium': 2, 'low': 1}[x['priority']], reverse=True)
```

The code now has enhanced functionality. Is there anything else you'd like me to add or modify?"
CD017,1,user,Create a simple to-do list class
CD017,2,assistant,"Here's a basic implementation:

```python
class TodoList:
    def __init__(self):
        self.tasks = []
    
    def add_task(self, task):
        self.tasks.append(task)
    
    def remove_task(self, task):
        if task in self.tasks:
            self.tasks.remove(task)
    
    def list_tasks(self):
        return self.tasks
```

This provides the core functionality you requested. Would you like me to add any additional features?"
CD017,3,user,Add task completion status
CD017,4,assistant,"I've updated the code to include add task completion status:

```python
class TodoList:
    def __init__(self):
        self.tasks = []
    
    def add_task(self, task):
        self.tasks.append({'task': task, 'completed': False})
    
    def complete_task(self, task_name):
        for task in self.tasks:
            if task['task'] == task_name:
                task['completed'] = True
                break
    
    def list_tasks(self, show_completed=True):
        if show_completed:
            return self.tasks
        return [task for task in self.tasks if not task['completed']]
```

The code now has enhanced functionality. Is there anything else you'd like me to add or modify?"
CD017,5,user,Add priority levels for tasks
CD017,6,assistant,"I've updated the code to include add priority levels for tasks:

```python
class TodoList:
    def __init__(self):
        self.tasks = []
    
    def add_task(self, task, priority='medium'):
        self.tasks.append({
            'task': task, 
            'completed': False, 
            'priority': priority
        })
    
    def complete_task(self, task_name):
        for task in self.tasks:
            if task['task'] == task_name:
                task['completed'] = True
                break
    
    def list_tasks(self, show_completed=True, priority=None):
        filtered_tasks = self.tasks
        
        if not show_completed:
            filtered_tasks = [task for task in filtered_tasks if not task['completed']]
        
        if priority:
            filtered_tasks = [task for task in filtered_tasks if task['priority'] == priority]
        
        return sorted(filtered_tasks, key=lambda x: {'high': 3, 'medium': 2, 'low': 1}[x['priority']], reverse=True)
```

The code now has enhanced functionality. Is there anything else you'd like me to add or modify?"
CD018,1,user,Create a simple to-do list class
CD018,2,assistant,"Here's a basic implementation:

```python
class TodoList:
    def __init__(self):
        self.tasks = []
    
    def add_task(self, task):
        self.tasks.append(task)
    
    def remove_task(self, task):
        if task in self.tasks:
            self.tasks.remove(task)
    
    def list_tasks(self):
        return self.tasks
```

This provides the core functionality you requested. Would you like me to add any additional features?"
CD018,3,user,Add task completion status
CD018,4,assistant,"I've updated the code to include add task completion status:

```python
class TodoList:
    def __init__(self):
        self.tasks = []
    
    def add_task(self, task):
        self.tasks.append({'task': task, 'completed': False})
    
    def complete_task(self, task_name):
        for task in self.tasks:
            if task['task'] == task_name:
                task['completed'] = True
                break
    
    def list_tasks(self, show_completed=True):
        if show_completed:
            return self.tasks
        return [task for task in self.tasks if not task['completed']]
```

The code now has enhanced functionality. Is there anything else you'd like me to add or modify?"
CD018,5,user,Add priority levels for tasks
CD018,6,assistant,"I've updated the code to include add priority levels for tasks:

```python
class TodoList:
    def __init__(self):
        self.tasks = []
    
    def add_task(self, task, priority='medium'):
        self.tasks.append({
            'task': task, 
            'completed': False, 
            'priority': priority
        })
    
    def complete_task(self, task_name):
        for task in self.tasks:
            if task['task'] == task_name:
                task['completed'] = True
                break
    
    def list_tasks(self, show_completed=True, priority=None):
        filtered_tasks = self.tasks
        
        if not show_completed:
            filtered_tasks = [task for task in filtered_tasks if not task['completed']]
        
        if priority:
            filtered_tasks = [task for task in filtered_tasks if task['priority'] == priority]
        
        return sorted(filtered_tasks, key=lambda x: {'high': 3, 'medium': 2, 'low': 1}[x['priority']], reverse=True)
```

The code now has enhanced functionality. Is there anything else you'd like me to add or modify?"
CD019,1,user,Create a simple to-do list class
CD019,2,assistant,"Here's a basic implementation:

```python
class TodoList:
    def __init__(self):
        self.tasks = []
    
    def add_task(self, task):
        self.tasks.append(task)
    
    def remove_task(self, task):
        if task in self.tasks:
            self.tasks.remove(task)
    
    def list_tasks(self):
        return self.tasks
```

This provides the core functionality you requested. Would you like me to add any additional features?"
CD019,3,user,Add task completion status
CD019,4,assistant,"I've updated the code to include add task completion status:

```python
class TodoList:
    def __init__(self):
        self.tasks = []
    
    def add_task(self, task):
        self.tasks.append({'task': task, 'completed': False})
    
    def complete_task(self, task_name):
        for task in self.tasks:
            if task['task'] == task_name:
                task['completed'] = True
                break
    
    def list_tasks(self, show_completed=True):
        if show_completed:
            return self.tasks
        return [task for task in self.tasks if not task['completed']]
```

The code now has enhanced functionality. Is there anything else you'd like me to add or modify?"
CD019,5,user,Add priority levels for tasks
CD019,6,assistant,"I've updated the code to include add priority levels for tasks:

```python
class TodoList:
    def __init__(self):
        self.tasks = []
    
    def add_task(self, task, priority='medium'):
        self.tasks.append({
            'task': task, 
            'completed': False, 
            'priority': priority
        })
    
    def complete_task(self, task_name):
        for task in self.tasks:
            if task['task'] == task_name:
                task['completed'] = True
                break
    
    def list_tasks(self, show_completed=True, priority=None):
        filtered_tasks = self.tasks
        
        if not show_completed:
            filtered_tasks = [task for task in filtered_tasks if not task['completed']]
        
        if priority:
            filtered_tasks = [task for task in filtered_tasks if task['priority'] == priority]
        
        return sorted(filtered_tasks, key=lambda x: {'high': 3, 'medium': 2, 'low': 1}[x['priority']], reverse=True)
```

The code now has enhanced functionality. Is there anything else you'd like me to add or modify?"
CD020,1,user,Create a simple to-do list class
CD020,2,assistant,"Here's a basic implementation:

```python
class TodoList:
    def __init__(self):
        self.tasks = []
    
    def add_task(self, task):
        self.tasks.append(task)
    
    def remove_task(self, task):
        if task in self.tasks:
            self.tasks.remove(task)
    
    def list_tasks(self):
        return self.tasks
```

This provides the core functionality you requested. Would you like me to add any additional features?"
CD020,3,user,Add task completion status
CD020,4,assistant,"I've updated the code to include add task completion status:

```python
class TodoList:
    def __init__(self):
        self.tasks = []
    
    def add_task(self, task):
        self.tasks.append({'task': task, 'completed': False})
    
    def complete_task(self, task_name):
        for task in self.tasks:
            if task['task'] == task_name:
                task['completed'] = True
                break
    
    def list_tasks(self, show_completed=True):
        if show_completed:
            return self.tasks
        return [task for task in self.tasks if not task['completed']]
```

The code now has enhanced functionality. Is there anything else you'd like me to add or modify?"
CD020,5,user,Add priority levels for tasks
CD020,6,assistant,"I've updated the code to include add priority levels for tasks:

```python
class TodoList:
    def __init__(self):
        self.tasks = []
    
    def add_task(self, task, priority='medium'):
        self.tasks.append({
            'task': task, 
            'completed': False, 
            'priority': priority
        })
    
    def complete_task(self, task_name):
        for task in self.tasks:
            if task['task'] == task_name:
                task['completed'] = True
                break
    
    def list_tasks(self, show_completed=True, priority=None):
        filtered_tasks = self.tasks
        
        if not show_completed:
            filtered_tasks = [task for task in filtered_tasks if not task['completed']]
        
        if priority:
            filtered_tasks = [task for task in filtered_tasks if task['priority'] == priority]
        
        return sorted(filtered_tasks, key=lambda x: {'high': 3, 'medium': 2, 'low': 1}[x['priority']], reverse=True)
```

The code now has enhanced functionality. Is there anything else you'd like me to add or modify?"
CD021,1,user,Create a simple to-do list class
CD021,2,assistant,"Here's a basic implementation:

```python
class TodoList:
    def __init__(self):
        self.tasks = []
    
    def add_task(self, task):
        self.tasks.append(task)
    
    def remove_task(self, task):
        if task in self.tasks:
            self.tasks.remove(task)
    
    def list_tasks(self):
        return self.tasks
```

This provides the core functionality you requested. Would you like me to add any additional features?"
CD021,3,user,Add task completion status
CD021,4,assistant,"I've updated the code to include add task completion status:

```python
class TodoList:
    def __init__(self):
        self.tasks = []
    
    def add_task(self, task):
        self.tasks.append({'task': task, 'completed': False})
    
    def complete_task(self, task_name):
        for task in self.tasks:
            if task['task'] == task_name:
                task['completed'] = True
                break
    
    def list_tasks(self, show_completed=True):
        if show_completed:
            return self.tasks
        return [task for task in self.tasks if not task['completed']]
```

The code now has enhanced functionality. Is there anything else you'd like me to add or modify?"
CD021,5,user,Add priority levels for tasks
CD021,6,assistant,"I've updated the code to include add priority levels for tasks:

```python
class TodoList:
    def __init__(self):
        self.tasks = []
    
    def add_task(self, task, priority='medium'):
        self.tasks.append({
            'task': task, 
            'completed': False, 
            'priority': priority
        })
    
    def complete_task(self, task_name):
        for task in self.tasks:
            if task['task'] == task_name:
                task['completed'] = True
                break
    
    def list_tasks(self, show_completed=True, priority=None):
        filtered_tasks = self.tasks
        
        if not show_completed:
            filtered_tasks = [task for task in filtered_tasks if not task['completed']]
        
        if priority:
            filtered_tasks = [task for task in filtered_tasks if task['priority'] == priority]
        
        return sorted(filtered_tasks, key=lambda x: {'high': 3, 'medium': 2, 'low': 1}[x['priority']], reverse=True)
```

The code now has enhanced functionality. Is there anything else you'd like me to add or modify?"
CD022,1,user,Create a simple weather data class
CD022,2,assistant,"Here's a basic implementation:

```python
class WeatherData:
    def __init__(self, temperature, humidity):
        self.temperature = temperature
        self.humidity = humidity
    
    def get_temperature(self):
        return self.temperature
    
    def get_humidity(self):
        return self.humidity
```

This provides the core functionality you requested. Would you like me to add any additional features?"
CD022,3,user,Add weather conditions and wind speed
CD022,4,assistant,"I've updated the code to include add weather conditions and wind speed:

```python
class WeatherData:
    def __init__(self, temperature, humidity, condition='clear', wind_speed=0):
        self.temperature = temperature
        self.humidity = humidity
        self.condition = condition
        self.wind_speed = wind_speed
    
    def get_temperature(self):
        return self.temperature
    
    def get_humidity(self):
        return self.humidity
    
    def get_condition(self):
        return self.condition
    
    def get_wind_speed(self):
        return self.wind_speed
    
    def get_summary(self):
        return f'Temperature: {self.temperature}°C, Humidity: {self.humidity}%, Condition: {self.condition}, Wind: {self.wind_speed} km/h'
```

The code now has enhanced functionality. Is there anything else you'd like me to add or modify?"
CD022,5,user,Add temperature conversion methods
CD022,6,assistant,"I've updated the code to include add temperature conversion methods:

```python
class WeatherData:
    def __init__(self, temperature, humidity, condition='clear', wind_speed=0, temp_unit='C'):
        self.temperature = temperature
        self.humidity = humidity
        self.condition = condition
        self.wind_speed = wind_speed
        self.temp_unit = temp_unit
    
    def get_temperature(self, unit=None):
        if unit is None:
            unit = self.temp_unit
        
        if self.temp_unit == 'C' and unit == 'F':
            return (self.temperature * 9/5) + 32
        elif self.temp_unit == 'F' and unit == 'C':
            return (self.temperature - 32) * 5/9
        else:
            return self.temperature
    
    def get_humidity(self):
        return self.humidity
    
    def get_condition(self):
        return self.condition
    
    def get_wind_speed(self):
        return self.wind_speed
    
    def get_summary(self, temp_unit=None):
        temp = self.get_temperature(temp_unit or self.temp_unit)
        unit_symbol = temp_unit or self.temp_unit
        return f'Temperature: {temp:.1f}°{unit_symbol}, Humidity: {self.humidity}%, Condition: {self.condition}, Wind: {self.wind_speed} km/h'
```

The code now has enhanced functionality. Is there anything else you'd like me to add or modify?"
CD023,1,user,Create a simple to-do list class
CD023,2,assistant,"Here's a basic implementation:

```python
class TodoList:
    def __init__(self):
        self.tasks = []
    
    def add_task(self, task):
        self.tasks.append(task)
    
    def remove_task(self, task):
        if task in self.tasks:
            self.tasks.remove(task)
    
    def list_tasks(self):
        return self.tasks
```

This provides the core functionality you requested. Would you like me to add any additional features?"
CD023,3,user,Add task completion status
CD023,4,assistant,"I've updated the code to include add task completion status:

```python
class TodoList:
    def __init__(self):
        self.tasks = []
    
    def add_task(self, task):
        self.tasks.append({'task': task, 'completed': False})
    
    def complete_task(self, task_name):
        for task in self.tasks:
            if task['task'] == task_name:
                task['completed'] = True
                break
    
    def list_tasks(self, show_completed=True):
        if show_completed:
            return self.tasks
        return [task for task in self.tasks if not task['completed']]
```

The code now has enhanced functionality. Is there anything else you'd like me to add or modify?"
CD023,5,user,Add priority levels for tasks
CD023,6,assistant,"I've updated the code to include add priority levels for tasks:

```python
class TodoList:
    def __init__(self):
        self.tasks = []
    
    def add_task(self, task, priority='medium'):
        self.tasks.append({
            'task': task, 
            'completed': False, 
            'priority': priority
        })
    
    def complete_task(self, task_name):
        for task in self.tasks:
            if task['task'] == task_name:
                task['completed'] = True
                break
    
    def list_tasks(self, show_completed=True, priority=None):
        filtered_tasks = self.tasks
        
        if not show_completed:
            filtered_tasks = [task for task in filtered_tasks if not task['completed']]
        
        if priority:
            filtered_tasks = [task for task in filtered_tasks if task['priority'] == priority]
        
        return sorted(filtered_tasks, key=lambda x: {'high': 3, 'medium': 2, 'low': 1}[x['priority']], reverse=True)
```

The code now has enhanced functionality. Is there anything else you'd like me to add or modify?"
CD024,1,user,Create a simple to-do list class
CD024,2,assistant,"Here's a basic implementation:

```python
class TodoList:
    def __init__(self):
        self.tasks = []
    
    def add_task(self, task):
        self.tasks.append(task)
    
    def remove_task(self, task):
        if task in self.tasks:
            self.tasks.remove(task)
    
    def list_tasks(self):
        return self.tasks
```

This provides the core functionality you requested. Would you like me to add any additional features?"
CD024,3,user,Add task completion status
CD024,4,assistant,"I've updated the code to include add task completion status:

```python
class TodoList:
    def __init__(self):
        self.tasks = []
    
    def add_task(self, task):
        self.tasks.append({'task': task, 'completed': False})
    
    def complete_task(self, task_name):
        for task in self.tasks:
            if task['task'] == task_name:
                task['completed'] = True
                break
    
    def list_tasks(self, show_completed=True):
        if show_completed:
            return self.tasks
        return [task for task in self.tasks if not task['completed']]
```

The code now has enhanced functionality. Is there anything else you'd like me to add or modify?"
CD024,5,user,Add priority levels for tasks
CD024,6,assistant,"I've updated the code to include add priority levels for tasks:

```python
class TodoList:
    def __init__(self):
        self.tasks = []
    
    def add_task(self, task, priority='medium'):
        self.tasks.append({
            'task': task, 
            'completed': False, 
            'priority': priority
        })
    
    def complete_task(self, task_name):
        for task in self.tasks:
            if task['task'] == task_name:
                task['completed'] = True
                break
    
    def list_tasks(self, show_completed=True, priority=None):
        filtered_tasks = self.tasks
        
        if not show_completed:
            filtered_tasks = [task for task in filtered_tasks if not task['completed']]
        
        if priority:
            filtered_tasks = [task for task in filtered_tasks if task['priority'] == priority]
        
        return sorted(filtered_tasks, key=lambda x: {'high': 3, 'medium': 2, 'low': 1}[x['priority']], reverse=True)
```

The code now has enhanced functionality. Is there anything else you'd like me to add or modify?"
CD025,1,user,Create a simple to-do list class
CD025,2,assistant,"Here's a basic implementation:

```python
class TodoList:
    def __init__(self):
        self.tasks = []
    
    def add_task(self, task):
        self.tasks.append(task)
    
    def remove_task(self, task):
        if task in self.tasks:
            self.tasks.remove(task)
    
    def list_tasks(self):
        return self.tasks
```

This provides the core functionality you requested. Would you like me to add any additional features?"
CD025,3,user,Add task completion status
CD025,4,assistant,"I've updated the code to include add task completion status:

```python
class TodoList:
    def __init__(self):
        self.tasks = []
    
    def add_task(self, task):
        self.tasks.append({'task': task, 'completed': False})
    
    def complete_task(self, task_name):
        for task in self.tasks:
            if task['task'] == task_name:
                task['completed'] = True
                break
    
    def list_tasks(self, show_completed=True):
        if show_completed:
            return self.tasks
        return [task for task in self.tasks if not task['completed']]
```

The code now has enhanced functionality. Is there anything else you'd like me to add or modify?"
CD025,5,user,Add priority levels for tasks
CD025,6,assistant,"I've updated the code to include add priority levels for tasks:

```python
class TodoList:
    def __init__(self):
        self.tasks = []
    
    def add_task(self, task, priority='medium'):
        self.tasks.append({
            'task': task, 
            'completed': False, 
            'priority': priority
        })
    
    def complete_task(self, task_name):
        for task in self.tasks:
            if task['task'] == task_name:
                task['completed'] = True
                break
    
    def list_tasks(self, show_completed=True, priority=None):
        filtered_tasks = self.tasks
        
        if not show_completed:
            filtered_tasks = [task for task in filtered_tasks if not task['completed']]
        
        if priority:
            filtered_tasks = [task for task in filtered_tasks if task['priority'] == priority]
        
        return sorted(filtered_tasks, key=lambda x: {'high': 3, 'medium': 2, 'low': 1}[x['priority']], reverse=True)
```

The code now has enhanced functionality. Is there anything else you'd like me to add or modify?"
CD026,1,user,Create a simple to-do list class
CD026,2,assistant,"Here's a basic implementation:

```python
class TodoList:
    def __init__(self):
        self.tasks = []
    
    def add_task(self, task):
        self.tasks.append(task)
    
    def remove_task(self, task):
        if task in self.tasks:
            self.tasks.remove(task)
    
    def list_tasks(self):
        return self.tasks
```

This provides the core functionality you requested. Would you like me to add any additional features?"
CD026,3,user,Add task completion status
CD026,4,assistant,"I've updated the code to include add task completion status:

```python
class TodoList:
    def __init__(self):
        self.tasks = []
    
    def add_task(self, task):
        self.tasks.append({'task': task, 'completed': False})
    
    def complete_task(self, task_name):
        for task in self.tasks:
            if task['task'] == task_name:
                task['completed'] = True
                break
    
    def list_tasks(self, show_completed=True):
        if show_completed:
            return self.tasks
        return [task for task in self.tasks if not task['completed']]
```

The code now has enhanced functionality. Is there anything else you'd like me to add or modify?"
CD026,5,user,Add priority levels for tasks
CD026,6,assistant,"I've updated the code to include add priority levels for tasks:

```python
class TodoList:
    def __init__(self):
        self.tasks = []
    
    def add_task(self, task, priority='medium'):
        self.tasks.append({
            'task': task, 
            'completed': False, 
            'priority': priority
        })
    
    def complete_task(self, task_name):
        for task in self.tasks:
            if task['task'] == task_name:
                task['completed'] = True
                break
    
    def list_tasks(self, show_completed=True, priority=None):
        filtered_tasks = self.tasks
        
        if not show_completed:
            filtered_tasks = [task for task in filtered_tasks if not task['completed']]
        
        if priority:
            filtered_tasks = [task for task in filtered_tasks if task['priority'] == priority]
        
        return sorted(filtered_tasks, key=lambda x: {'high': 3, 'medium': 2, 'low': 1}[x['priority']], reverse=True)
```

The code now has enhanced functionality. Is there anything else you'd like me to add or modify?"
CD027,1,user,Create a simple to-do list class
CD027,2,assistant,"Here's a basic implementation:

```python
class TodoList:
    def __init__(self):
        self.tasks = []
    
    def add_task(self, task):
        self.tasks.append(task)
    
    def remove_task(self, task):
        if task in self.tasks:
            self.tasks.remove(task)
    
    def list_tasks(self):
        return self.tasks
```

This provides the core functionality you requested. Would you like me to add any additional features?"
CD027,3,user,Add task completion status
CD027,4,assistant,"I've updated the code to include add task completion status:

```python
class TodoList:
    def __init__(self):
        self.tasks = []
    
    def add_task(self, task):
        self.tasks.append({'task': task, 'completed': False})
    
    def complete_task(self, task_name):
        for task in self.tasks:
            if task['task'] == task_name:
                task['completed'] = True
                break
    
    def list_tasks(self, show_completed=True):
        if show_completed:
            return self.tasks
        return [task for task in self.tasks if not task['completed']]
```

The code now has enhanced functionality. Is there anything else you'd like me to add or modify?"
CD027,5,user,Add priority levels for tasks
CD027,6,assistant,"I've updated the code to include add priority levels for tasks:

```python
class TodoList:
    def __init__(self):
        self.tasks = []
    
    def add_task(self, task, priority='medium'):
        self.tasks.append({
            'task': task, 
            'completed': False, 
            'priority': priority
        })
    
    def complete_task(self, task_name):
        for task in self.tasks:
            if task['task'] == task_name:
                task['completed'] = True
                break
    
    def list_tasks(self, show_completed=True, priority=None):
        filtered_tasks = self.tasks
        
        if not show_completed:
            filtered_tasks = [task for task in filtered_tasks if not task['completed']]
        
        if priority:
            filtered_tasks = [task for task in filtered_tasks if task['priority'] == priority]
        
        return sorted(filtered_tasks, key=lambda x: {'high': 3, 'medium': 2, 'low': 1}[x['priority']], reverse=True)
```

The code now has enhanced functionality. Is there anything else you'd like me to add or modify?"
CD028,1,user,Create a simple to-do list class
CD028,2,assistant,"Here's a basic implementation:

```python
class TodoList:
    def __init__(self):
        self.tasks = []
    
    def add_task(self, task):
        self.tasks.append(task)
    
    def remove_task(self, task):
        if task in self.tasks:
            self.tasks.remove(task)
    
    def list_tasks(self):
        return self.tasks
```

This provides the core functionality you requested. Would you like me to add any additional features?"
CD028,3,user,Add task completion status
CD028,4,assistant,"I've updated the code to include add task completion status:

```python
class TodoList:
    def __init__(self):
        self.tasks = []
    
    def add_task(self, task):
        self.tasks.append({'task': task, 'completed': False})
    
    def complete_task(self, task_name):
        for task in self.tasks:
            if task['task'] == task_name:
                task['completed'] = True
                break
    
    def list_tasks(self, show_completed=True):
        if show_completed:
            return self.tasks
        return [task for task in self.tasks if not task['completed']]
```

The code now has enhanced functionality. Is there anything else you'd like me to add or modify?"
CD028,5,user,Add priority levels for tasks
CD028,6,assistant,"I've updated the code to include add priority levels for tasks:

```python
class TodoList:
    def __init__(self):
        self.tasks = []
    
    def add_task(self, task, priority='medium'):
        self.tasks.append({
            'task': task, 
            'completed': False, 
            'priority': priority
        })
    
    def complete_task(self, task_name):
        for task in self.tasks:
            if task['task'] == task_name:
                task['completed'] = True
                break
    
    def list_tasks(self, show_completed=True, priority=None):
        filtered_tasks = self.tasks
        
        if not show_completed:
            filtered_tasks = [task for task in filtered_tasks if not task['completed']]
        
        if priority:
            filtered_tasks = [task for task in filtered_tasks if task['priority'] == priority]
        
        return sorted(filtered_tasks, key=lambda x: {'high': 3, 'medium': 2, 'low': 1}[x['priority']], reverse=True)
```

The code now has enhanced functionality. Is there anything else you'd like me to add or modify?"
CD029,1,user,Create a simple to-do list class
CD029,2,assistant,"Here's a basic implementation:

```python
class TodoList:
    def __init__(self):
        self.tasks = []
    
    def add_task(self, task):
        self.tasks.append(task)
    
    def remove_task(self, task):
        if task in self.tasks:
            self.tasks.remove(task)
    
    def list_tasks(self):
        return self.tasks
```

This provides the core functionality you requested. Would you like me to add any additional features?"
CD029,3,user,Add task completion status
CD029,4,assistant,"I've updated the code to include add task completion status:

```python
class TodoList:
    def __init__(self):
        self.tasks = []
    
    def add_task(self, task):
        self.tasks.append({'task': task, 'completed': False})
    
    def complete_task(self, task_name):
        for task in self.tasks:
            if task['task'] == task_name:
                task['completed'] = True
                break
    
    def list_tasks(self, show_completed=True):
        if show_completed:
            return self.tasks
        return [task for task in self.tasks if not task['completed']]
```

The code now has enhanced functionality. Is there anything else you'd like me to add or modify?"
CD029,5,user,Add priority levels for tasks
CD029,6,assistant,"I've updated the code to include add priority levels for tasks:

```python
class TodoList:
    def __init__(self):
        self.tasks = []
    
    def add_task(self, task, priority='medium'):
        self.tasks.append({
            'task': task, 
            'completed': False, 
            'priority': priority
        })
    
    def complete_task(self, task_name):
        for task in self.tasks:
            if task['task'] == task_name:
                task['completed'] = True
                break
    
    def list_tasks(self, show_completed=True, priority=None):
        filtered_tasks = self.tasks
        
        if not show_completed:
            filtered_tasks = [task for task in filtered_tasks if not task['completed']]
        
        if priority:
            filtered_tasks = [task for task in filtered_tasks if task['priority'] == priority]
        
        return sorted(filtered_tasks, key=lambda x: {'high': 3, 'medium': 2, 'low': 1}[x['priority']], reverse=True)
```

The code now has enhanced functionality. Is there anything else you'd like me to add or modify?"
CD030,1,user,Create a simple to-do list class
CD030,2,assistant,"Here's a basic implementation:

```python
class TodoList:
    def __init__(self):
        self.tasks = []
    
    def add_task(self, task):
        self.tasks.append(task)
    
    def remove_task(self, task):
        if task in self.tasks:
            self.tasks.remove(task)
    
    def list_tasks(self):
        return self.tasks
```

This provides the core functionality you requested. Would you like me to add any additional features?"
CD030,3,user,Add task completion status
CD030,4,assistant,"I've updated the code to include add task completion status:

```python
class TodoList:
    def __init__(self):
        self.tasks = []
    
    def add_task(self, task):
        self.tasks.append({'task': task, 'completed': False})
    
    def complete_task(self, task_name):
        for task in self.tasks:
            if task['task'] == task_name:
                task['completed'] = True
                break
    
    def list_tasks(self, show_completed=True):
        if show_completed:
            return self.tasks
        return [task for task in self.tasks if not task['completed']]
```

The code now has enhanced functionality. Is there anything else you'd like me to add or modify?"
CD030,5,user,Add priority levels for tasks
CD030,6,assistant,"I've updated the code to include add priority levels for tasks:

```python
class TodoList:
    def __init__(self):
        self.tasks = []
    
    def add_task(self, task, priority='medium'):
        self.tasks.append({
            'task': task, 
            'completed': False, 
            'priority': priority
        })
    
    def complete_task(self, task_name):
        for task in self.tasks:
            if task['task'] == task_name:
                task['completed'] = True
                break
    
    def list_tasks(self, show_completed=True, priority=None):
        filtered_tasks = self.tasks
        
        if not show_completed:
            filtered_tasks = [task for task in filtered_tasks if not task['completed']]
        
        if priority:
            filtered_tasks = [task for task in filtered_tasks if task['priority'] == priority]
        
        return sorted(filtered_tasks, key=lambda x: {'high': 3, 'medium': 2, 'low': 1}[x['priority']], reverse=True)
```

The code now has enhanced functionality. Is there anything else you'd like me to add or modify?"
CD031,1,user,Create a simple to-do list class
CD031,2,assistant,"Here's a basic implementation:

```python
class TodoList:
    def __init__(self):
        self.tasks = []
    
    def add_task(self, task):
        self.tasks.append(task)
    
    def remove_task(self, task):
        if task in self.tasks:
            self.tasks.remove(task)
    
    def list_tasks(self):
        return self.tasks
```

This provides the core functionality you requested. Would you like me to add any additional features?"
CD031,3,user,Add task completion status
CD031,4,assistant,"I've updated the code to include add task completion status:

```python
class TodoList:
    def __init__(self):
        self.tasks = []
    
    def add_task(self, task):
        self.tasks.append({'task': task, 'completed': False})
    
    def complete_task(self, task_name):
        for task in self.tasks:
            if task['task'] == task_name:
                task['completed'] = True
                break
    
    def list_tasks(self, show_completed=True):
        if show_completed:
            return self.tasks
        return [task for task in self.tasks if not task['completed']]
```

The code now has enhanced functionality. Is there anything else you'd like me to add or modify?"
CD031,5,user,Add priority levels for tasks
CD031,6,assistant,"I've updated the code to include add priority levels for tasks:

```python
class TodoList:
    def __init__(self):
        self.tasks = []
    
    def add_task(self, task, priority='medium'):
        self.tasks.append({
            'task': task, 
            'completed': False, 
            'priority': priority
        })
    
    def complete_task(self, task_name):
        for task in self.tasks:
            if task['task'] == task_name:
                task['completed'] = True
                break
    
    def list_tasks(self, show_completed=True, priority=None):
        filtered_tasks = self.tasks
        
        if not show_completed:
            filtered_tasks = [task for task in filtered_tasks if not task['completed']]
        
        if priority:
            filtered_tasks = [task for task in filtered_tasks if task['priority'] == priority]
        
        return sorted(filtered_tasks, key=lambda x: {'high': 3, 'medium': 2, 'low': 1}[x['priority']], reverse=True)
```

The code now has enhanced functionality. Is there anything else you'd like me to add or modify?"
CD032,1,user,Create a simple weather data class
CD032,2,assistant,"Here's a basic implementation:

```python
class WeatherData:
    def __init__(self, temperature, humidity):
        self.temperature = temperature
        self.humidity = humidity
    
    def get_temperature(self):
        return self.temperature
    
    def get_humidity(self):
        return self.humidity
```

This provides the core functionality you requested. Would you like me to add any additional features?"
CD032,3,user,Add weather conditions and wind speed
CD032,4,assistant,"I've updated the code to include add weather conditions and wind speed:

```python
class WeatherData:
    def __init__(self, temperature, humidity, condition='clear', wind_speed=0):
        self.temperature = temperature
        self.humidity = humidity
        self.condition = condition
        self.wind_speed = wind_speed
    
    def get_temperature(self):
        return self.temperature
    
    def get_humidity(self):
        return self.humidity
    
    def get_condition(self):
        return self.condition
    
    def get_wind_speed(self):
        return self.wind_speed
    
    def get_summary(self):
        return f'Temperature: {self.temperature}°C, Humidity: {self.humidity}%, Condition: {self.condition}, Wind: {self.wind_speed} km/h'
```

The code now has enhanced functionality. Is there anything else you'd like me to add or modify?"
CD032,5,user,Add temperature conversion methods
CD032,6,assistant,"I've updated the code to include add temperature conversion methods:

```python
class WeatherData:
    def __init__(self, temperature, humidity, condition='clear', wind_speed=0, temp_unit='C'):
        self.temperature = temperature
        self.humidity = humidity
        self.condition = condition
        self.wind_speed = wind_speed
        self.temp_unit = temp_unit
    
    def get_temperature(self, unit=None):
        if unit is None:
            unit = self.temp_unit
        
        if self.temp_unit == 'C' and unit == 'F':
            return (self.temperature * 9/5) + 32
        elif self.temp_unit == 'F' and unit == 'C':
            return (self.temperature - 32) * 5/9
        else:
            return self.temperature
    
    def get_humidity(self):
        return self.humidity
    
    def get_condition(self):
        return self.condition
    
    def get_wind_speed(self):
        return self.wind_speed
    
    def get_summary(self, temp_unit=None):
        temp = self.get_temperature(temp_unit or self.temp_unit)
        unit_symbol = temp_unit or self.temp_unit
        return f'Temperature: {temp:.1f}°{unit_symbol}, Humidity: {self.humidity}%, Condition: {self.condition}, Wind: {self.wind_speed} km/h'
```

The code now has enhanced functionality. Is there anything else you'd like me to add or modify?"
CD033,1,user,Create a simple to-do list class
CD033,2,assistant,"Here's a basic implementation:

```python
class TodoList:
    def __init__(self):
        self.tasks = []
    
    def add_task(self, task):
        self.tasks.append(task)
    
    def remove_task(self, task):
        if task in self.tasks:
            self.tasks.remove(task)
    
    def list_tasks(self):
        return self.tasks
```

This provides the core functionality you requested. Would you like me to add any additional features?"
CD033,3,user,Add task completion status
CD033,4,assistant,"I've updated the code to include add task completion status:

```python
class TodoList:
    def __init__(self):
        self.tasks = []
    
    def add_task(self, task):
        self.tasks.append({'task': task, 'completed': False})
    
    def complete_task(self, task_name):
        for task in self.tasks:
            if task['task'] == task_name:
                task['completed'] = True
                break
    
    def list_tasks(self, show_completed=True):
        if show_completed:
            return self.tasks
        return [task for task in self.tasks if not task['completed']]
```

The code now has enhanced functionality. Is there anything else you'd like me to add or modify?"
CD033,5,user,Add priority levels for tasks
CD033,6,assistant,"I've updated the code to include add priority levels for tasks:

```python
class TodoList:
    def __init__(self):
        self.tasks = []
    
    def add_task(self, task, priority='medium'):
        self.tasks.append({
            'task': task, 
            'completed': False, 
            'priority': priority
        })
    
    def complete_task(self, task_name):
        for task in self.tasks:
            if task['task'] == task_name:
                task['completed'] = True
                break
    
    def list_tasks(self, show_completed=True, priority=None):
        filtered_tasks = self.tasks
        
        if not show_completed:
            filtered_tasks = [task for task in filtered_tasks if not task['completed']]
        
        if priority:
            filtered_tasks = [task for task in filtered_tasks if task['priority'] == priority]
        
        return sorted(filtered_tasks, key=lambda x: {'high': 3, 'medium': 2, 'low': 1}[x['priority']], reverse=True)
```

The code now has enhanced functionality. Is there anything else you'd like me to add or modify?"
CD034,1,user,Create a simple to-do list class
CD034,2,assistant,"Here's a basic implementation:

```python
class TodoList:
    def __init__(self):
        self.tasks = []
    
    def add_task(self, task):
        self.tasks.append(task)
    
    def remove_task(self, task):
        if task in self.tasks:
            self.tasks.remove(task)
    
    def list_tasks(self):
        return self.tasks
```

This provides the core functionality you requested. Would you like me to add any additional features?"
CD034,3,user,Add task completion status
CD034,4,assistant,"I've updated the code to include add task completion status:

```python
class TodoList:
    def __init__(self):
        self.tasks = []
    
    def add_task(self, task):
        self.tasks.append({'task': task, 'completed': False})
    
    def complete_task(self, task_name):
        for task in self.tasks:
            if task['task'] == task_name:
                task['completed'] = True
                break
    
    def list_tasks(self, show_completed=True):
        if show_completed:
            return self.tasks
        return [task for task in self.tasks if not task['completed']]
```

The code now has enhanced functionality. Is there anything else you'd like me to add or modify?"
CD034,5,user,Add priority levels for tasks
CD034,6,assistant,"I've updated the code to include add priority levels for tasks:

```python
class TodoList:
    def __init__(self):
        self.tasks = []
    
    def add_task(self, task, priority='medium'):
        self.tasks.append({
            'task': task, 
            'completed': False, 
            'priority': priority
        })
    
    def complete_task(self, task_name):
        for task in self.tasks:
            if task['task'] == task_name:
                task['completed'] = True
                break
    
    def list_tasks(self, show_completed=True, priority=None):
        filtered_tasks = self.tasks
        
        if not show_completed:
            filtered_tasks = [task for task in filtered_tasks if not task['completed']]
        
        if priority:
            filtered_tasks = [task for task in filtered_tasks if task['priority'] == priority]
        
        return sorted(filtered_tasks, key=lambda x: {'high': 3, 'medium': 2, 'low': 1}[x['priority']], reverse=True)
```

The code now has enhanced functionality. Is there anything else you'd like me to add or modify?"
CD035,1,user,Create a simple to-do list class
CD035,2,assistant,"Here's a basic implementation:

```python
class TodoList:
    def __init__(self):
        self.tasks = []
    
    def add_task(self, task):
        self.tasks.append(task)
    
    def remove_task(self, task):
        if task in self.tasks:
            self.tasks.remove(task)
    
    def list_tasks(self):
        return self.tasks
```

This provides the core functionality you requested. Would you like me to add any additional features?"
CD035,3,user,Add task completion status
CD035,4,assistant,"I've updated the code to include add task completion status:

```python
class TodoList:
    def __init__(self):
        self.tasks = []
    
    def add_task(self, task):
        self.tasks.append({'task': task, 'completed': False})
    
    def complete_task(self, task_name):
        for task in self.tasks:
            if task['task'] == task_name:
                task['completed'] = True
                break
    
    def list_tasks(self, show_completed=True):
        if show_completed:
            return self.tasks
        return [task for task in self.tasks if not task['completed']]
```

The code now has enhanced functionality. Is there anything else you'd like me to add or modify?"
CD035,5,user,Add priority levels for tasks
CD035,6,assistant,"I've updated the code to include add priority levels for tasks:

```python
class TodoList:
    def __init__(self):
        self.tasks = []
    
    def add_task(self, task, priority='medium'):
        self.tasks.append({
            'task': task, 
            'completed': False, 
            'priority': priority
        })
    
    def complete_task(self, task_name):
        for task in self.tasks:
            if task['task'] == task_name:
                task['completed'] = True
                break
    
    def list_tasks(self, show_completed=True, priority=None):
        filtered_tasks = self.tasks
        
        if not show_completed:
            filtered_tasks = [task for task in filtered_tasks if not task['completed']]
        
        if priority:
            filtered_tasks = [task for task in filtered_tasks if task['priority'] == priority]
        
        return sorted(filtered_tasks, key=lambda x: {'high': 3, 'medium': 2, 'low': 1}[x['priority']], reverse=True)
```

The code now has enhanced functionality. Is there anything else you'd like me to add or modify?"
CD036,1,user,Create a simple to-do list class
CD036,2,assistant,"Here's a basic implementation:

```python
class TodoList:
    def __init__(self):
        self.tasks = []
    
    def add_task(self, task):
        self.tasks.append(task)
    
    def remove_task(self, task):
        if task in self.tasks:
            self.tasks.remove(task)
    
    def list_tasks(self):
        return self.tasks
```

This provides the core functionality you requested. Would you like me to add any additional features?"
CD036,3,user,Add task completion status
CD036,4,assistant,"I've updated the code to include add task completion status:

```python
class TodoList:
    def __init__(self):
        self.tasks = []
    
    def add_task(self, task):
        self.tasks.append({'task': task, 'completed': False})
    
    def complete_task(self, task_name):
        for task in self.tasks:
            if task['task'] == task_name:
                task['completed'] = True
                break
    
    def list_tasks(self, show_completed=True):
        if show_completed:
            return self.tasks
        return [task for task in self.tasks if not task['completed']]
```

The code now has enhanced functionality. Is there anything else you'd like me to add or modify?"
CD036,5,user,Add priority levels for tasks
CD036,6,assistant,"I've updated the code to include add priority levels for tasks:

```python
class TodoList:
    def __init__(self):
        self.tasks = []
    
    def add_task(self, task, priority='medium'):
        self.tasks.append({
            'task': task, 
            'completed': False, 
            'priority': priority
        })
    
    def complete_task(self, task_name):
        for task in self.tasks:
            if task['task'] == task_name:
                task['completed'] = True
                break
    
    def list_tasks(self, show_completed=True, priority=None):
        filtered_tasks = self.tasks
        
        if not show_completed:
            filtered_tasks = [task for task in filtered_tasks if not task['completed']]
        
        if priority:
            filtered_tasks = [task for task in filtered_tasks if task['priority'] == priority]
        
        return sorted(filtered_tasks, key=lambda x: {'high': 3, 'medium': 2, 'low': 1}[x['priority']], reverse=True)
```

The code now has enhanced functionality. Is there anything else you'd like me to add or modify?"
CD037,1,user,Create a simple to-do list class
CD037,2,assistant,"Here's a basic implementation:

```python
class TodoList:
    def __init__(self):
        self.tasks = []
    
    def add_task(self, task):
        self.tasks.append(task)
    
    def remove_task(self, task):
        if task in self.tasks:
            self.tasks.remove(task)
    
    def list_tasks(self):
        return self.tasks
```

This provides the core functionality you requested. Would you like me to add any additional features?"
CD037,3,user,Add task completion status
CD037,4,assistant,"I've updated the code to include add task completion status:

```python
class TodoList:
    def __init__(self):
        self.tasks = []
    
    def add_task(self, task):
        self.tasks.append({'task': task, 'completed': False})
    
    def complete_task(self, task_name):
        for task in self.tasks:
            if task['task'] == task_name:
                task['completed'] = True
                break
    
    def list_tasks(self, show_completed=True):
        if show_completed:
            return self.tasks
        return [task for task in self.tasks if not task['completed']]
```

The code now has enhanced functionality. Is there anything else you'd like me to add or modify?"
CD037,5,user,Add priority levels for tasks
CD037,6,assistant,"I've updated the code to include add priority levels for tasks:

```python
class TodoList:
    def __init__(self):
        self.tasks = []
    
    def add_task(self, task, priority='medium'):
        self.tasks.append({
            'task': task, 
            'completed': False, 
            'priority': priority
        })
    
    def complete_task(self, task_name):
        for task in self.tasks:
            if task['task'] == task_name:
                task['completed'] = True
                break
    
    def list_tasks(self, show_completed=True, priority=None):
        filtered_tasks = self.tasks
        
        if not show_completed:
            filtered_tasks = [task for task in filtered_tasks if not task['completed']]
        
        if priority:
            filtered_tasks = [task for task in filtered_tasks if task['priority'] == priority]
        
        return sorted(filtered_tasks, key=lambda x: {'high': 3, 'medium': 2, 'low': 1}[x['priority']], reverse=True)
```

The code now has enhanced functionality. Is there anything else you'd like me to add or modify?"
CD038,1,user,Create a simple to-do list class
CD038,2,assistant,"Here's a basic implementation:

```python
class TodoList:
    def __init__(self):
        self.tasks = []
    
    def add_task(self, task):
        self.tasks.append(task)
    
    def remove_task(self, task):
        if task in self.tasks:
            self.tasks.remove(task)
    
    def list_tasks(self):
        return self.tasks
```

This provides the core functionality you requested. Would you like me to add any additional features?"
CD038,3,user,Add task completion status
CD038,4,assistant,"I've updated the code to include add task completion status:

```python
class TodoList:
    def __init__(self):
        self.tasks = []
    
    def add_task(self, task):
        self.tasks.append({'task': task, 'completed': False})
    
    def complete_task(self, task_name):
        for task in self.tasks:
            if task['task'] == task_name:
                task['completed'] = True
                break
    
    def list_tasks(self, show_completed=True):
        if show_completed:
            return self.tasks
        return [task for task in self.tasks if not task['completed']]
```

The code now has enhanced functionality. Is there anything else you'd like me to add or modify?"
CD038,5,user,Add priority levels for tasks
CD038,6,assistant,"I've updated the code to include add priority levels for tasks:

```python
class TodoList:
    def __init__(self):
        self.tasks = []
    
    def add_task(self, task, priority='medium'):
        self.tasks.append({
            'task': task, 
            'completed': False, 
            'priority': priority
        })
    
    def complete_task(self, task_name):
        for task in self.tasks:
            if task['task'] == task_name:
                task['completed'] = True
                break
    
    def list_tasks(self, show_completed=True, priority=None):
        filtered_tasks = self.tasks
        
        if not show_completed:
            filtered_tasks = [task for task in filtered_tasks if not task['completed']]
        
        if priority:
            filtered_tasks = [task for task in filtered_tasks if task['priority'] == priority]
        
        return sorted(filtered_tasks, key=lambda x: {'high': 3, 'medium': 2, 'low': 1}[x['priority']], reverse=True)
```

The code now has enhanced functionality. Is there anything else you'd like me to add or modify?"
CD039,1,user,Create a simple to-do list class
CD039,2,assistant,"Here's a basic implementation:

```python
class TodoList:
    def __init__(self):
        self.tasks = []
    
    def add_task(self, task):
        self.tasks.append(task)
    
    def remove_task(self, task):
        if task in self.tasks:
            self.tasks.remove(task)
    
    def list_tasks(self):
        return self.tasks
```

This provides the core functionality you requested. Would you like me to add any additional features?"
CD039,3,user,Add task completion status
CD039,4,assistant,"I've updated the code to include add task completion status:

```python
class TodoList:
    def __init__(self):
        self.tasks = []
    
    def add_task(self, task):
        self.tasks.append({'task': task, 'completed': False})
    
    def complete_task(self, task_name):
        for task in self.tasks:
            if task['task'] == task_name:
                task['completed'] = True
                break
    
    def list_tasks(self, show_completed=True):
        if show_completed:
            return self.tasks
        return [task for task in self.tasks if not task['completed']]
```

The code now has enhanced functionality. Is there anything else you'd like me to add or modify?"
CD039,5,user,Add priority levels for tasks
CD039,6,assistant,"I've updated the code to include add priority levels for tasks:

```python
class TodoList:
    def __init__(self):
        self.tasks = []
    
    def add_task(self, task, priority='medium'):
        self.tasks.append({
            'task': task, 
            'completed': False, 
            'priority': priority
        })
    
    def complete_task(self, task_name):
        for task in self.tasks:
            if task['task'] == task_name:
                task['completed'] = True
                break
    
    def list_tasks(self, show_completed=True, priority=None):
        filtered_tasks = self.tasks
        
        if not show_completed:
            filtered_tasks = [task for task in filtered_tasks if not task['completed']]
        
        if priority:
            filtered_tasks = [task for task in filtered_tasks if task['priority'] == priority]
        
        return sorted(filtered_tasks, key=lambda x: {'high': 3, 'medium': 2, 'low': 1}[x['priority']], reverse=True)
```

The code now has enhanced functionality. Is there anything else you'd like me to add or modify?"
CD040,1,user,Create a simple to-do list class
CD040,2,assistant,"Here's a basic implementation:

```python
class TodoList:
    def __init__(self):
        self.tasks = []
    
    def add_task(self, task):
        self.tasks.append(task)
    
    def remove_task(self, task):
        if task in self.tasks:
            self.tasks.remove(task)
    
    def list_tasks(self):
        return self.tasks
```

This provides the core functionality you requested. Would you like me to add any additional features?"
CD040,3,user,Add task completion status
CD040,4,assistant,"I've updated the code to include add task completion status:

```python
class TodoList:
    def __init__(self):
        self.tasks = []
    
    def add_task(self, task):
        self.tasks.append({'task': task, 'completed': False})
    
    def complete_task(self, task_name):
        for task in self.tasks:
            if task['task'] == task_name:
                task['completed'] = True
                break
    
    def list_tasks(self, show_completed=True):
        if show_completed:
            return self.tasks
        return [task for task in self.tasks if not task['completed']]
```

The code now has enhanced functionality. Is there anything else you'd like me to add or modify?"
CD040,5,user,Add priority levels for tasks
CD040,6,assistant,"I've updated the code to include add priority levels for tasks:

```python
class TodoList:
    def __init__(self):
        self.tasks = []
    
    def add_task(self, task, priority='medium'):
        self.tasks.append({
            'task': task, 
            'completed': False, 
            'priority': priority
        })
    
    def complete_task(self, task_name):
        for task in self.tasks:
            if task['task'] == task_name:
                task['completed'] = True
                break
    
    def list_tasks(self, show_completed=True, priority=None):
        filtered_tasks = self.tasks
        
        if not show_completed:
            filtered_tasks = [task for task in filtered_tasks if not task['completed']]
        
        if priority:
            filtered_tasks = [task for task in filtered_tasks if task['priority'] == priority]
        
        return sorted(filtered_tasks, key=lambda x: {'high': 3, 'medium': 2, 'low': 1}[x['priority']], reverse=True)
```

The code now has enhanced functionality. Is there anything else you'd like me to add or modify?"
CD041,1,user,Create a simple to-do list class
CD041,2,assistant,"Here's a basic implementation:

```python
class TodoList:
    def __init__(self):
        self.tasks = []
    
    def add_task(self, task):
        self.tasks.append(task)
    
    def remove_task(self, task):
        if task in self.tasks:
            self.tasks.remove(task)
    
    def list_tasks(self):
        return self.tasks
```

This provides the core functionality you requested. Would you like me to add any additional features?"
CD041,3,user,Add task completion status
CD041,4,assistant,"I've updated the code to include add task completion status:

```python
class TodoList:
    def __init__(self):
        self.tasks = []
    
    def add_task(self, task):
        self.tasks.append({'task': task, 'completed': False})
    
    def complete_task(self, task_name):
        for task in self.tasks:
            if task['task'] == task_name:
                task['completed'] = True
                break
    
    def list_tasks(self, show_completed=True):
        if show_completed:
            return self.tasks
        return [task for task in self.tasks if not task['completed']]
```

The code now has enhanced functionality. Is there anything else you'd like me to add or modify?"
CD041,5,user,Add priority levels for tasks
CD041,6,assistant,"I've updated the code to include add priority levels for tasks:

```python
class TodoList:
    def __init__(self):
        self.tasks = []
    
    def add_task(self, task, priority='medium'):
        self.tasks.append({
            'task': task, 
            'completed': False, 
            'priority': priority
        })
    
    def complete_task(self, task_name):
        for task in self.tasks:
            if task['task'] == task_name:
                task['completed'] = True
                break
    
    def list_tasks(self, show_completed=True, priority=None):
        filtered_tasks = self.tasks
        
        if not show_completed:
            filtered_tasks = [task for task in filtered_tasks if not task['completed']]
        
        if priority:
            filtered_tasks = [task for task in filtered_tasks if task['priority'] == priority]
        
        return sorted(filtered_tasks, key=lambda x: {'high': 3, 'medium': 2, 'low': 1}[x['priority']], reverse=True)
```

The code now has enhanced functionality. Is there anything else you'd like me to add or modify?"
CD042,1,user,Create a simple weather data class
CD042,2,assistant,"Here's a basic implementation:

```python
class WeatherData:
    def __init__(self, temperature, humidity):
        self.temperature = temperature
        self.humidity = humidity
    
    def get_temperature(self):
        return self.temperature
    
    def get_humidity(self):
        return self.humidity
```

This provides the core functionality you requested. Would you like me to add any additional features?"
CD042,3,user,Add weather conditions and wind speed
CD042,4,assistant,"I've updated the code to include add weather conditions and wind speed:

```python
class WeatherData:
    def __init__(self, temperature, humidity, condition='clear', wind_speed=0):
        self.temperature = temperature
        self.humidity = humidity
        self.condition = condition
        self.wind_speed = wind_speed
    
    def get_temperature(self):
        return self.temperature
    
    def get_humidity(self):
        return self.humidity
    
    def get_condition(self):
        return self.condition
    
    def get_wind_speed(self):
        return self.wind_speed
    
    def get_summary(self):
        return f'Temperature: {self.temperature}°C, Humidity: {self.humidity}%, Condition: {self.condition}, Wind: {self.wind_speed} km/h'
```

The code now has enhanced functionality. Is there anything else you'd like me to add or modify?"
CD042,5,user,Add temperature conversion methods
CD042,6,assistant,"I've updated the code to include add temperature conversion methods:

```python
class WeatherData:
    def __init__(self, temperature, humidity, condition='clear', wind_speed=0, temp_unit='C'):
        self.temperature = temperature
        self.humidity = humidity
        self.condition = condition
        self.wind_speed = wind_speed
        self.temp_unit = temp_unit
    
    def get_temperature(self, unit=None):
        if unit is None:
            unit = self.temp_unit
        
        if self.temp_unit == 'C' and unit == 'F':
            return (self.temperature * 9/5) + 32
        elif self.temp_unit == 'F' and unit == 'C':
            return (self.temperature - 32) * 5/9
        else:
            return self.temperature
    
    def get_humidity(self):
        return self.humidity
    
    def get_condition(self):
        return self.condition
    
    def get_wind_speed(self):
        return self.wind_speed
    
    def get_summary(self, temp_unit=None):
        temp = self.get_temperature(temp_unit or self.temp_unit)
        unit_symbol = temp_unit or self.temp_unit
        return f'Temperature: {temp:.1f}°{unit_symbol}, Humidity: {self.humidity}%, Condition: {self.condition}, Wind: {self.wind_speed} km/h'
```

The code now has enhanced functionality. Is there anything else you'd like me to add or modify?"
CD043,1,user,Create a simple to-do list class
CD043,2,assistant,"Here's a basic implementation:

```python
class TodoList:
    def __init__(self):
        self.tasks = []
    
    def add_task(self, task):
        self.tasks.append(task)
    
    def remove_task(self, task):
        if task in self.tasks:
            self.tasks.remove(task)
    
    def list_tasks(self):
        return self.tasks
```

This provides the core functionality you requested. Would you like me to add any additional features?"
CD043,3,user,Add task completion status
CD043,4,assistant,"I've updated the code to include add task completion status:

```python
class TodoList:
    def __init__(self):
        self.tasks = []
    
    def add_task(self, task):
        self.tasks.append({'task': task, 'completed': False})
    
    def complete_task(self, task_name):
        for task in self.tasks:
            if task['task'] == task_name:
                task['completed'] = True
                break
    
    def list_tasks(self, show_completed=True):
        if show_completed:
            return self.tasks
        return [task for task in self.tasks if not task['completed']]
```

The code now has enhanced functionality. Is there anything else you'd like me to add or modify?"
CD043,5,user,Add priority levels for tasks
CD043,6,assistant,"I've updated the code to include add priority levels for tasks:

```python
class TodoList:
    def __init__(self):
        self.tasks = []
    
    def add_task(self, task, priority='medium'):
        self.tasks.append({
            'task': task, 
            'completed': False, 
            'priority': priority
        })
    
    def complete_task(self, task_name):
        for task in self.tasks:
            if task['task'] == task_name:
                task['completed'] = True
                break
    
    def list_tasks(self, show_completed=True, priority=None):
        filtered_tasks = self.tasks
        
        if not show_completed:
            filtered_tasks = [task for task in filtered_tasks if not task['completed']]
        
        if priority:
            filtered_tasks = [task for task in filtered_tasks if task['priority'] == priority]
        
        return sorted(filtered_tasks, key=lambda x: {'high': 3, 'medium': 2, 'low': 1}[x['priority']], reverse=True)
```

The code now has enhanced functionality. Is there anything else you'd like me to add or modify?"
CD044,1,user,Create a simple to-do list class
CD044,2,assistant,"Here's a basic implementation:

```python
class TodoList:
    def __init__(self):
        self.tasks = []
    
    def add_task(self, task):
        self.tasks.append(task)
    
    def remove_task(self, task):
        if task in self.tasks:
            self.tasks.remove(task)
    
    def list_tasks(self):
        return self.tasks
```

This provides the core functionality you requested. Would you like me to add any additional features?"
CD044,3,user,Add task completion status
CD044,4,assistant,"I've updated the code to include add task completion status:

```python
class TodoList:
    def __init__(self):
        self.tasks = []
    
    def add_task(self, task):
        self.tasks.append({'task': task, 'completed': False})
    
    def complete_task(self, task_name):
        for task in self.tasks:
            if task['task'] == task_name:
                task['completed'] = True
                break
    
    def list_tasks(self, show_completed=True):
        if show_completed:
            return self.tasks
        return [task for task in self.tasks if not task['completed']]
```

The code now has enhanced functionality. Is there anything else you'd like me to add or modify?"
CD044,5,user,Add priority levels for tasks
CD044,6,assistant,"I've updated the code to include add priority levels for tasks:

```python
class TodoList:
    def __init__(self):
        self.tasks = []
    
    def add_task(self, task, priority='medium'):
        self.tasks.append({
            'task': task, 
            'completed': False, 
            'priority': priority
        })
    
    def complete_task(self, task_name):
        for task in self.tasks:
            if task['task'] == task_name:
                task['completed'] = True
                break
    
    def list_tasks(self, show_completed=True, priority=None):
        filtered_tasks = self.tasks
        
        if not show_completed:
            filtered_tasks = [task for task in filtered_tasks if not task['completed']]
        
        if priority:
            filtered_tasks = [task for task in filtered_tasks if task['priority'] == priority]
        
        return sorted(filtered_tasks, key=lambda x: {'high': 3, 'medium': 2, 'low': 1}[x['priority']], reverse=True)
```

The code now has enhanced functionality. Is there anything else you'd like me to add or modify?"
CD045,1,user,Create a simple to-do list class
CD045,2,assistant,"Here's a basic implementation:

```python
class TodoList:
    def __init__(self):
        self.tasks = []
    
    def add_task(self, task):
        self.tasks.append(task)
    
    def remove_task(self, task):
        if task in self.tasks:
            self.tasks.remove(task)
    
    def list_tasks(self):
        return self.tasks
```

This provides the core functionality you requested. Would you like me to add any additional features?"
CD045,3,user,Add task completion status
CD045,4,assistant,"I've updated the code to include add task completion status:

```python
class TodoList:
    def __init__(self):
        self.tasks = []
    
    def add_task(self, task):
        self.tasks.append({'task': task, 'completed': False})
    
    def complete_task(self, task_name):
        for task in self.tasks:
            if task['task'] == task_name:
                task['completed'] = True
                break
    
    def list_tasks(self, show_completed=True):
        if show_completed:
            return self.tasks
        return [task for task in self.tasks if not task['completed']]
```

The code now has enhanced functionality. Is there anything else you'd like me to add or modify?"
CD045,5,user,Add priority levels for tasks
CD045,6,assistant,"I've updated the code to include add priority levels for tasks:

```python
class TodoList:
    def __init__(self):
        self.tasks = []
    
    def add_task(self, task, priority='medium'):
        self.tasks.append({
            'task': task, 
            'completed': False, 
            'priority': priority
        })
    
    def complete_task(self, task_name):
        for task in self.tasks:
            if task['task'] == task_name:
                task['completed'] = True
                break
    
    def list_tasks(self, show_completed=True, priority=None):
        filtered_tasks = self.tasks
        
        if not show_completed:
            filtered_tasks = [task for task in filtered_tasks if not task['completed']]
        
        if priority:
            filtered_tasks = [task for task in filtered_tasks if task['priority'] == priority]
        
        return sorted(filtered_tasks, key=lambda x: {'high': 3, 'medium': 2, 'low': 1}[x['priority']], reverse=True)
```

The code now has enhanced functionality. Is there anything else you'd like me to add or modify?"
CD046,1,user,Create a simple to-do list class
CD046,2,assistant,"Here's a basic implementation:

```python
class TodoList:
    def __init__(self):
        self.tasks = []
    
    def add_task(self, task):
        self.tasks.append(task)
    
    def remove_task(self, task):
        if task in self.tasks:
            self.tasks.remove(task)
    
    def list_tasks(self):
        return self.tasks
```

This provides the core functionality you requested. Would you like me to add any additional features?"
CD046,3,user,Add task completion status
CD046,4,assistant,"I've updated the code to include add task completion status:

```python
class TodoList:
    def __init__(self):
        self.tasks = []
    
    def add_task(self, task):
        self.tasks.append({'task': task, 'completed': False})
    
    def complete_task(self, task_name):
        for task in self.tasks:
            if task['task'] == task_name:
                task['completed'] = True
                break
    
    def list_tasks(self, show_completed=True):
        if show_completed:
            return self.tasks
        return [task for task in self.tasks if not task['completed']]
```

The code now has enhanced functionality. Is there anything else you'd like me to add or modify?"
CD046,5,user,Add priority levels for tasks
CD046,6,assistant,"I've updated the code to include add priority levels for tasks:

```python
class TodoList:
    def __init__(self):
        self.tasks = []
    
    def add_task(self, task, priority='medium'):
        self.tasks.append({
            'task': task, 
            'completed': False, 
            'priority': priority
        })
    
    def complete_task(self, task_name):
        for task in self.tasks:
            if task['task'] == task_name:
                task['completed'] = True
                break
    
    def list_tasks(self, show_completed=True, priority=None):
        filtered_tasks = self.tasks
        
        if not show_completed:
            filtered_tasks = [task for task in filtered_tasks if not task['completed']]
        
        if priority:
            filtered_tasks = [task for task in filtered_tasks if task['priority'] == priority]
        
        return sorted(filtered_tasks, key=lambda x: {'high': 3, 'medium': 2, 'low': 1}[x['priority']], reverse=True)
```

The code now has enhanced functionality. Is there anything else you'd like me to add or modify?"
CD047,1,user,Create a simple to-do list class
CD047,2,assistant,"Here's a basic implementation:

```python
class TodoList:
    def __init__(self):
        self.tasks = []
    
    def add_task(self, task):
        self.tasks.append(task)
    
    def remove_task(self, task):
        if task in self.tasks:
            self.tasks.remove(task)
    
    def list_tasks(self):
        return self.tasks
```

This provides the core functionality you requested. Would you like me to add any additional features?"
CD047,3,user,Add task completion status
CD047,4,assistant,"I've updated the code to include add task completion status:

```python
class TodoList:
    def __init__(self):
        self.tasks = []
    
    def add_task(self, task):
        self.tasks.append({'task': task, 'completed': False})
    
    def complete_task(self, task_name):
        for task in self.tasks:
            if task['task'] == task_name:
                task['completed'] = True
                break
    
    def list_tasks(self, show_completed=True):
        if show_completed:
            return self.tasks
        return [task for task in self.tasks if not task['completed']]
```

The code now has enhanced functionality. Is there anything else you'd like me to add or modify?"
CD047,5,user,Add priority levels for tasks
CD047,6,assistant,"I've updated the code to include add priority levels for tasks:

```python
class TodoList:
    def __init__(self):
        self.tasks = []
    
    def add_task(self, task, priority='medium'):
        self.tasks.append({
            'task': task, 
            'completed': False, 
            'priority': priority
        })
    
    def complete_task(self, task_name):
        for task in self.tasks:
            if task['task'] == task_name:
                task['completed'] = True
                break
    
    def list_tasks(self, show_completed=True, priority=None):
        filtered_tasks = self.tasks
        
        if not show_completed:
            filtered_tasks = [task for task in filtered_tasks if not task['completed']]
        
        if priority:
            filtered_tasks = [task for task in filtered_tasks if task['priority'] == priority]
        
        return sorted(filtered_tasks, key=lambda x: {'high': 3, 'medium': 2, 'low': 1}[x['priority']], reverse=True)
```

The code now has enhanced functionality. Is there anything else you'd like me to add or modify?"
CD048,1,user,Create a simple to-do list class
CD048,2,assistant,"Here's a basic implementation:

```python
class TodoList:
    def __init__(self):
        self.tasks = []
    
    def add_task(self, task):
        self.tasks.append(task)
    
    def remove_task(self, task):
        if task in self.tasks:
            self.tasks.remove(task)
    
    def list_tasks(self):
        return self.tasks
```

This provides the core functionality you requested. Would you like me to add any additional features?"
CD048,3,user,Add task completion status
CD048,4,assistant,"I've updated the code to include add task completion status:

```python
class TodoList:
    def __init__(self):
        self.tasks = []
    
    def add_task(self, task):
        self.tasks.append({'task': task, 'completed': False})
    
    def complete_task(self, task_name):
        for task in self.tasks:
            if task['task'] == task_name:
                task['completed'] = True
                break
    
    def list_tasks(self, show_completed=True):
        if show_completed:
            return self.tasks
        return [task for task in self.tasks if not task['completed']]
```

The code now has enhanced functionality. Is there anything else you'd like me to add or modify?"
CD048,5,user,Add priority levels for tasks
CD048,6,assistant,"I've updated the code to include add priority levels for tasks:

```python
class TodoList:
    def __init__(self):
        self.tasks = []
    
    def add_task(self, task, priority='medium'):
        self.tasks.append({
            'task': task, 
            'completed': False, 
            'priority': priority
        })
    
    def complete_task(self, task_name):
        for task in self.tasks:
            if task['task'] == task_name:
                task['completed'] = True
                break
    
    def list_tasks(self, show_completed=True, priority=None):
        filtered_tasks = self.tasks
        
        if not show_completed:
            filtered_tasks = [task for task in filtered_tasks if not task['completed']]
        
        if priority:
            filtered_tasks = [task for task in filtered_tasks if task['priority'] == priority]
        
        return sorted(filtered_tasks, key=lambda x: {'high': 3, 'medium': 2, 'low': 1}[x['priority']], reverse=True)
```

The code now has enhanced functionality. Is there anything else you'd like me to add or modify?"
CD049,1,user,Create a simple to-do list class
CD049,2,assistant,"Here's a basic implementation:

```python
class TodoList:
    def __init__(self):
        self.tasks = []
    
    def add_task(self, task):
        self.tasks.append(task)
    
    def remove_task(self, task):
        if task in self.tasks:
            self.tasks.remove(task)
    
    def list_tasks(self):
        return self.tasks
```

This provides the core functionality you requested. Would you like me to add any additional features?"
CD049,3,user,Add task completion status
CD049,4,assistant,"I've updated the code to include add task completion status:

```python
class TodoList:
    def __init__(self):
        self.tasks = []
    
    def add_task(self, task):
        self.tasks.append({'task': task, 'completed': False})
    
    def complete_task(self, task_name):
        for task in self.tasks:
            if task['task'] == task_name:
                task['completed'] = True
                break
    
    def list_tasks(self, show_completed=True):
        if show_completed:
            return self.tasks
        return [task for task in self.tasks if not task['completed']]
```

The code now has enhanced functionality. Is there anything else you'd like me to add or modify?"
CD049,5,user,Add priority levels for tasks
CD049,6,assistant,"I've updated the code to include add priority levels for tasks:

```python
class TodoList:
    def __init__(self):
        self.tasks = []
    
    def add_task(self, task, priority='medium'):
        self.tasks.append({
            'task': task, 
            'completed': False, 
            'priority': priority
        })
    
    def complete_task(self, task_name):
        for task in self.tasks:
            if task['task'] == task_name:
                task['completed'] = True
                break
    
    def list_tasks(self, show_completed=True, priority=None):
        filtered_tasks = self.tasks
        
        if not show_completed:
            filtered_tasks = [task for task in filtered_tasks if not task['completed']]
        
        if priority:
            filtered_tasks = [task for task in filtered_tasks if task['priority'] == priority]
        
        return sorted(filtered_tasks, key=lambda x: {'high': 3, 'medium': 2, 'low': 1}[x['priority']], reverse=True)
```

The code now has enhanced functionality. Is there anything else you'd like me to add or modify?"
CD050,1,user,Create a simple to-do list class
CD050,2,assistant,"Here's a basic implementation:

```python
class TodoList:
    def __init__(self):
        self.tasks = []
    
    def add_task(self, task):
        self.tasks.append(task)
    
    def remove_task(self, task):
        if task in self.tasks:
            self.tasks.remove(task)
    
    def list_tasks(self):
        return self.tasks
```

This provides the core functionality you requested. Would you like me to add any additional features?"
CD050,3,user,Add task completion status
CD050,4,assistant,"I've updated the code to include add task completion status:

```python
class TodoList:
    def __init__(self):
        self.tasks = []
    
    def add_task(self, task):
        self.tasks.append({'task': task, 'completed': False})
    
    def complete_task(self, task_name):
        for task in self.tasks:
            if task['task'] == task_name:
                task['completed'] = True
                break
    
    def list_tasks(self, show_completed=True):
        if show_completed:
            return self.tasks
        return [task for task in self.tasks if not task['completed']]
```

The code now has enhanced functionality. Is there anything else you'd like me to add or modify?"
CD050,5,user,Add priority levels for tasks
CD050,6,assistant,"I've updated the code to include add priority levels for tasks:

```python
class TodoList:
    def __init__(self):
        self.tasks = []
    
    def add_task(self, task, priority='medium'):
        self.tasks.append({
            'task': task, 
            'completed': False, 
            'priority': priority
        })
    
    def complete_task(self, task_name):
        for task in self.tasks:
            if task['task'] == task_name:
                task['completed'] = True
                break
    
    def list_tasks(self, show_completed=True, priority=None):
        filtered_tasks = self.tasks
        
        if not show_completed:
            filtered_tasks = [task for task in filtered_tasks if not task['completed']]
        
        if priority:
            filtered_tasks = [task for task in filtered_tasks if task['priority'] == priority]
        
        return sorted(filtered_tasks, key=lambda x: {'high': 3, 'medium': 2, 'low': 1}[x['priority']], reverse=True)
```

The code now has enhanced functionality. Is there anything else you'd like me to add or modify?"
CD051,1,user,Create a simple to-do list class
CD051,2,assistant,"Here's a basic implementation:

```python
class TodoList:
    def __init__(self):
        self.tasks = []
    
    def add_task(self, task):
        self.tasks.append(task)
    
    def remove_task(self, task):
        if task in self.tasks:
            self.tasks.remove(task)
    
    def list_tasks(self):
        return self.tasks
```

This provides the core functionality you requested. Would you like me to add any additional features?"
CD051,3,user,Add task completion status
CD051,4,assistant,"I've updated the code to include add task completion status:

```python
class TodoList:
    def __init__(self):
        self.tasks = []
    
    def add_task(self, task):
        self.tasks.append({'task': task, 'completed': False})
    
    def complete_task(self, task_name):
        for task in self.tasks:
            if task['task'] == task_name:
                task['completed'] = True
                break
    
    def list_tasks(self, show_completed=True):
        if show_completed:
            return self.tasks
        return [task for task in self.tasks if not task['completed']]
```

The code now has enhanced functionality. Is there anything else you'd like me to add or modify?"
CD051,5,user,Add priority levels for tasks
CD051,6,assistant,"I've updated the code to include add priority levels for tasks:

```python
class TodoList:
    def __init__(self):
        self.tasks = []
    
    def add_task(self, task, priority='medium'):
        self.tasks.append({
            'task': task, 
            'completed': False, 
            'priority': priority
        })
    
    def complete_task(self, task_name):
        for task in self.tasks:
            if task['task'] == task_name:
                task['completed'] = True
                break
    
    def list_tasks(self, show_completed=True, priority=None):
        filtered_tasks = self.tasks
        
        if not show_completed:
            filtered_tasks = [task for task in filtered_tasks if not task['completed']]
        
        if priority:
            filtered_tasks = [task for task in filtered_tasks if task['priority'] == priority]
        
        return sorted(filtered_tasks, key=lambda x: {'high': 3, 'medium': 2, 'low': 1}[x['priority']], reverse=True)
```

The code now has enhanced functionality. Is there anything else you'd like me to add or modify?"
CD052,1,user,Create a simple weather data class
CD052,2,assistant,"Here's a basic implementation:

```python
class WeatherData:
    def __init__(self, temperature, humidity):
        self.temperature = temperature
        self.humidity = humidity
    
    def get_temperature(self):
        return self.temperature
    
    def get_humidity(self):
        return self.humidity
```

This provides the core functionality you requested. Would you like me to add any additional features?"
CD052,3,user,Add weather conditions and wind speed
CD052,4,assistant,"I've updated the code to include add weather conditions and wind speed:

```python
class WeatherData:
    def __init__(self, temperature, humidity, condition='clear', wind_speed=0):
        self.temperature = temperature
        self.humidity = humidity
        self.condition = condition
        self.wind_speed = wind_speed
    
    def get_temperature(self):
        return self.temperature
    
    def get_humidity(self):
        return self.humidity
    
    def get_condition(self):
        return self.condition
    
    def get_wind_speed(self):
        return self.wind_speed
    
    def get_summary(self):
        return f'Temperature: {self.temperature}°C, Humidity: {self.humidity}%, Condition: {self.condition}, Wind: {self.wind_speed} km/h'
```

The code now has enhanced functionality. Is there anything else you'd like me to add or modify?"
CD052,5,user,Add temperature conversion methods
CD052,6,assistant,"I've updated the code to include add temperature conversion methods:

```python
class WeatherData:
    def __init__(self, temperature, humidity, condition='clear', wind_speed=0, temp_unit='C'):
        self.temperature = temperature
        self.humidity = humidity
        self.condition = condition
        self.wind_speed = wind_speed
        self.temp_unit = temp_unit
    
    def get_temperature(self, unit=None):
        if unit is None:
            unit = self.temp_unit
        
        if self.temp_unit == 'C' and unit == 'F':
            return (self.temperature * 9/5) + 32
        elif self.temp_unit == 'F' and unit == 'C':
            return (self.temperature - 32) * 5/9
        else:
            return self.temperature
    
    def get_humidity(self):
        return self.humidity
    
    def get_condition(self):
        return self.condition
    
    def get_wind_speed(self):
        return self.wind_speed
    
    def get_summary(self, temp_unit=None):
        temp = self.get_temperature(temp_unit or self.temp_unit)
        unit_symbol = temp_unit or self.temp_unit
        return f'Temperature: {temp:.1f}°{unit_symbol}, Humidity: {self.humidity}%, Condition: {self.condition}, Wind: {self.wind_speed} km/h'
```

The code now has enhanced functionality. Is there anything else you'd like me to add or modify?"
CD053,1,user,Create a simple to-do list class
CD053,2,assistant,"Here's a basic implementation:

```python
class TodoList:
    def __init__(self):
        self.tasks = []
    
    def add_task(self, task):
        self.tasks.append(task)
    
    def remove_task(self, task):
        if task in self.tasks:
            self.tasks.remove(task)
    
    def list_tasks(self):
        return self.tasks
```

This provides the core functionality you requested. Would you like me to add any additional features?"
CD053,3,user,Add task completion status
CD053,4,assistant,"I've updated the code to include add task completion status:

```python
class TodoList:
    def __init__(self):
        self.tasks = []
    
    def add_task(self, task):
        self.tasks.append({'task': task, 'completed': False})
    
    def complete_task(self, task_name):
        for task in self.tasks:
            if task['task'] == task_name:
                task['completed'] = True
                break
    
    def list_tasks(self, show_completed=True):
        if show_completed:
            return self.tasks
        return [task for task in self.tasks if not task['completed']]
```

The code now has enhanced functionality. Is there anything else you'd like me to add or modify?"
CD053,5,user,Add priority levels for tasks
CD053,6,assistant,"I've updated the code to include add priority levels for tasks:

```python
class TodoList:
    def __init__(self):
        self.tasks = []
    
    def add_task(self, task, priority='medium'):
        self.tasks.append({
            'task': task, 
            'completed': False, 
            'priority': priority
        })
    
    def complete_task(self, task_name):
        for task in self.tasks:
            if task['task'] == task_name:
                task['completed'] = True
                break
    
    def list_tasks(self, show_completed=True, priority=None):
        filtered_tasks = self.tasks
        
        if not show_completed:
            filtered_tasks = [task for task in filtered_tasks if not task['completed']]
        
        if priority:
            filtered_tasks = [task for task in filtered_tasks if task['priority'] == priority]
        
        return sorted(filtered_tasks, key=lambda x: {'high': 3, 'medium': 2, 'low': 1}[x['priority']], reverse=True)
```

The code now has enhanced functionality. Is there anything else you'd like me to add or modify?"
CD054,1,user,Create a simple to-do list class
CD054,2,assistant,"Here's a basic implementation:

```python
class TodoList:
    def __init__(self):
        self.tasks = []
    
    def add_task(self, task):
        self.tasks.append(task)
    
    def remove_task(self, task):
        if task in self.tasks:
            self.tasks.remove(task)
    
    def list_tasks(self):
        return self.tasks
```

This provides the core functionality you requested. Would you like me to add any additional features?"
CD054,3,user,Add task completion status
CD054,4,assistant,"I've updated the code to include add task completion status:

```python
class TodoList:
    def __init__(self):
        self.tasks = []
    
    def add_task(self, task):
        self.tasks.append({'task': task, 'completed': False})
    
    def complete_task(self, task_name):
        for task in self.tasks:
            if task['task'] == task_name:
                task['completed'] = True
                break
    
    def list_tasks(self, show_completed=True):
        if show_completed:
            return self.tasks
        return [task for task in self.tasks if not task['completed']]
```

The code now has enhanced functionality. Is there anything else you'd like me to add or modify?"
CD054,5,user,Add priority levels for tasks
CD054,6,assistant,"I've updated the code to include add priority levels for tasks:

```python
class TodoList:
    def __init__(self):
        self.tasks = []
    
    def add_task(self, task, priority='medium'):
        self.tasks.append({
            'task': task, 
            'completed': False, 
            'priority': priority
        })
    
    def complete_task(self, task_name):
        for task in self.tasks:
            if task['task'] == task_name:
                task['completed'] = True
                break
    
    def list_tasks(self, show_completed=True, priority=None):
        filtered_tasks = self.tasks
        
        if not show_completed:
            filtered_tasks = [task for task in filtered_tasks if not task['completed']]
        
        if priority:
            filtered_tasks = [task for task in filtered_tasks if task['priority'] == priority]
        
        return sorted(filtered_tasks, key=lambda x: {'high': 3, 'medium': 2, 'low': 1}[x['priority']], reverse=True)
```

The code now has enhanced functionality. Is there anything else you'd like me to add or modify?"
CD055,1,user,Create a simple to-do list class
CD055,2,assistant,"Here's a basic implementation:

```python
class TodoList:
    def __init__(self):
        self.tasks = []
    
    def add_task(self, task):
        self.tasks.append(task)
    
    def remove_task(self, task):
        if task in self.tasks:
            self.tasks.remove(task)
    
    def list_tasks(self):
        return self.tasks
```

This provides the core functionality you requested. Would you like me to add any additional features?"
CD055,3,user,Add task completion status
CD055,4,assistant,"I've updated the code to include add task completion status:

```python
class TodoList:
    def __init__(self):
        self.tasks = []
    
    def add_task(self, task):
        self.tasks.append({'task': task, 'completed': False})
    
    def complete_task(self, task_name):
        for task in self.tasks:
            if task['task'] == task_name:
                task['completed'] = True
                break
    
    def list_tasks(self, show_completed=True):
        if show_completed:
            return self.tasks
        return [task for task in self.tasks if not task['completed']]
```

The code now has enhanced functionality. Is there anything else you'd like me to add or modify?"
CD055,5,user,Add priority levels for tasks
CD055,6,assistant,"I've updated the code to include add priority levels for tasks:

```python
class TodoList:
    def __init__(self):
        self.tasks = []
    
    def add_task(self, task, priority='medium'):
        self.tasks.append({
            'task': task, 
            'completed': False, 
            'priority': priority
        })
    
    def complete_task(self, task_name):
        for task in self.tasks:
            if task['task'] == task_name:
                task['completed'] = True
                break
    
    def list_tasks(self, show_completed=True, priority=None):
        filtered_tasks = self.tasks
        
        if not show_completed:
            filtered_tasks = [task for task in filtered_tasks if not task['completed']]
        
        if priority:
            filtered_tasks = [task for task in filtered_tasks if task['priority'] == priority]
        
        return sorted(filtered_tasks, key=lambda x: {'high': 3, 'medium': 2, 'low': 1}[x['priority']], reverse=True)
```

The code now has enhanced functionality. Is there anything else you'd like me to add or modify?"
CD056,1,user,Create a simple to-do list class
CD056,2,assistant,"Here's a basic implementation:

```python
class TodoList:
    def __init__(self):
        self.tasks = []
    
    def add_task(self, task):
        self.tasks.append(task)
    
    def remove_task(self, task):
        if task in self.tasks:
            self.tasks.remove(task)
    
    def list_tasks(self):
        return self.tasks
```

This provides the core functionality you requested. Would you like me to add any additional features?"
CD056,3,user,Add task completion status
CD056,4,assistant,"I've updated the code to include add task completion status:

```python
class TodoList:
    def __init__(self):
        self.tasks = []
    
    def add_task(self, task):
        self.tasks.append({'task': task, 'completed': False})
    
    def complete_task(self, task_name):
        for task in self.tasks:
            if task['task'] == task_name:
                task['completed'] = True
                break
    
    def list_tasks(self, show_completed=True):
        if show_completed:
            return self.tasks
        return [task for task in self.tasks if not task['completed']]
```

The code now has enhanced functionality. Is there anything else you'd like me to add or modify?"
CD056,5,user,Add priority levels for tasks
CD056,6,assistant,"I've updated the code to include add priority levels for tasks:

```python
class TodoList:
    def __init__(self):
        self.tasks = []
    
    def add_task(self, task, priority='medium'):
        self.tasks.append({
            'task': task, 
            'completed': False, 
            'priority': priority
        })
    
    def complete_task(self, task_name):
        for task in self.tasks:
            if task['task'] == task_name:
                task['completed'] = True
                break
    
    def list_tasks(self, show_completed=True, priority=None):
        filtered_tasks = self.tasks
        
        if not show_completed:
            filtered_tasks = [task for task in filtered_tasks if not task['completed']]
        
        if priority:
            filtered_tasks = [task for task in filtered_tasks if task['priority'] == priority]
        
        return sorted(filtered_tasks, key=lambda x: {'high': 3, 'medium': 2, 'low': 1}[x['priority']], reverse=True)
```

The code now has enhanced functionality. Is there anything else you'd like me to add or modify?"
CD057,1,user,Create a simple to-do list class
CD057,2,assistant,"Here's a basic implementation:

```python
class TodoList:
    def __init__(self):
        self.tasks = []
    
    def add_task(self, task):
        self.tasks.append(task)
    
    def remove_task(self, task):
        if task in self.tasks:
            self.tasks.remove(task)
    
    def list_tasks(self):
        return self.tasks
```

This provides the core functionality you requested. Would you like me to add any additional features?"
CD057,3,user,Add task completion status
CD057,4,assistant,"I've updated the code to include add task completion status:

```python
class TodoList:
    def __init__(self):
        self.tasks = []
    
    def add_task(self, task):
        self.tasks.append({'task': task, 'completed': False})
    
    def complete_task(self, task_name):
        for task in self.tasks:
            if task['task'] == task_name:
                task['completed'] = True
                break
    
    def list_tasks(self, show_completed=True):
        if show_completed:
            return self.tasks
        return [task for task in self.tasks if not task['completed']]
```

The code now has enhanced functionality. Is there anything else you'd like me to add or modify?"
CD057,5,user,Add priority levels for tasks
CD057,6,assistant,"I've updated the code to include add priority levels for tasks:

```python
class TodoList:
    def __init__(self):
        self.tasks = []
    
    def add_task(self, task, priority='medium'):
        self.tasks.append({
            'task': task, 
            'completed': False, 
            'priority': priority
        })
    
    def complete_task(self, task_name):
        for task in self.tasks:
            if task['task'] == task_name:
                task['completed'] = True
                break
    
    def list_tasks(self, show_completed=True, priority=None):
        filtered_tasks = self.tasks
        
        if not show_completed:
            filtered_tasks = [task for task in filtered_tasks if not task['completed']]
        
        if priority:
            filtered_tasks = [task for task in filtered_tasks if task['priority'] == priority]
        
        return sorted(filtered_tasks, key=lambda x: {'high': 3, 'medium': 2, 'low': 1}[x['priority']], reverse=True)
```

The code now has enhanced functionality. Is there anything else you'd like me to add or modify?"
CD058,1,user,Create a simple to-do list class
CD058,2,assistant,"Here's a basic implementation:

```python
class TodoList:
    def __init__(self):
        self.tasks = []
    
    def add_task(self, task):
        self.tasks.append(task)
    
    def remove_task(self, task):
        if task in self.tasks:
            self.tasks.remove(task)
    
    def list_tasks(self):
        return self.tasks
```

This provides the core functionality you requested. Would you like me to add any additional features?"
CD058,3,user,Add task completion status
CD058,4,assistant,"I've updated the code to include add task completion status:

```python
class TodoList:
    def __init__(self):
        self.tasks = []
    
    def add_task(self, task):
        self.tasks.append({'task': task, 'completed': False})
    
    def complete_task(self, task_name):
        for task in self.tasks:
            if task['task'] == task_name:
                task['completed'] = True
                break
    
    def list_tasks(self, show_completed=True):
        if show_completed:
            return self.tasks
        return [task for task in self.tasks if not task['completed']]
```

The code now has enhanced functionality. Is there anything else you'd like me to add or modify?"
CD058,5,user,Add priority levels for tasks
CD058,6,assistant,"I've updated the code to include add priority levels for tasks:

```python
class TodoList:
    def __init__(self):
        self.tasks = []
    
    def add_task(self, task, priority='medium'):
        self.tasks.append({
            'task': task, 
            'completed': False, 
            'priority': priority
        })
    
    def complete_task(self, task_name):
        for task in self.tasks:
            if task['task'] == task_name:
                task['completed'] = True
                break
    
    def list_tasks(self, show_completed=True, priority=None):
        filtered_tasks = self.tasks
        
        if not show_completed:
            filtered_tasks = [task for task in filtered_tasks if not task['completed']]
        
        if priority:
            filtered_tasks = [task for task in filtered_tasks if task['priority'] == priority]
        
        return sorted(filtered_tasks, key=lambda x: {'high': 3, 'medium': 2, 'low': 1}[x['priority']], reverse=True)
```

The code now has enhanced functionality. Is there anything else you'd like me to add or modify?"
CD059,1,user,Create a simple to-do list class
CD059,2,assistant,"Here's a basic implementation:

```python
class TodoList:
    def __init__(self):
        self.tasks = []
    
    def add_task(self, task):
        self.tasks.append(task)
    
    def remove_task(self, task):
        if task in self.tasks:
            self.tasks.remove(task)
    
    def list_tasks(self):
        return self.tasks
```

This provides the core functionality you requested. Would you like me to add any additional features?"
CD059,3,user,Add task completion status
CD059,4,assistant,"I've updated the code to include add task completion status:

```python
class TodoList:
    def __init__(self):
        self.tasks = []
    
    def add_task(self, task):
        self.tasks.append({'task': task, 'completed': False})
    
    def complete_task(self, task_name):
        for task in self.tasks:
            if task['task'] == task_name:
                task['completed'] = True
                break
    
    def list_tasks(self, show_completed=True):
        if show_completed:
            return self.tasks
        return [task for task in self.tasks if not task['completed']]
```

The code now has enhanced functionality. Is there anything else you'd like me to add or modify?"
CD059,5,user,Add priority levels for tasks
CD059,6,assistant,"I've updated the code to include add priority levels for tasks:

```python
class TodoList:
    def __init__(self):
        self.tasks = []
    
    def add_task(self, task, priority='medium'):
        self.tasks.append({
            'task': task, 
            'completed': False, 
            'priority': priority
        })
    
    def complete_task(self, task_name):
        for task in self.tasks:
            if task['task'] == task_name:
                task['completed'] = True
                break
    
    def list_tasks(self, show_completed=True, priority=None):
        filtered_tasks = self.tasks
        
        if not show_completed:
            filtered_tasks = [task for task in filtered_tasks if not task['completed']]
        
        if priority:
            filtered_tasks = [task for task in filtered_tasks if task['priority'] == priority]
        
        return sorted(filtered_tasks, key=lambda x: {'high': 3, 'medium': 2, 'low': 1}[x['priority']], reverse=True)
```

The code now has enhanced functionality. Is there anything else you'd like me to add or modify?"
CD060,1,user,Create a simple to-do list class
CD060,2,assistant,"Here's a basic implementation:

```python
class TodoList:
    def __init__(self):
        self.tasks = []
    
    def add_task(self, task):
        self.tasks.append(task)
    
    def remove_task(self, task):
        if task in self.tasks:
            self.tasks.remove(task)
    
    def list_tasks(self):
        return self.tasks
```

This provides the core functionality you requested. Would you like me to add any additional features?"
CD060,3,user,Add task completion status
CD060,4,assistant,"I've updated the code to include add task completion status:

```python
class TodoList:
    def __init__(self):
        self.tasks = []
    
    def add_task(self, task):
        self.tasks.append({'task': task, 'completed': False})
    
    def complete_task(self, task_name):
        for task in self.tasks:
            if task['task'] == task_name:
                task['completed'] = True
                break
    
    def list_tasks(self, show_completed=True):
        if show_completed:
            return self.tasks
        return [task for task in self.tasks if not task['completed']]
```

The code now has enhanced functionality. Is there anything else you'd like me to add or modify?"
CD060,5,user,Add priority levels for tasks
CD060,6,assistant,"I've updated the code to include add priority levels for tasks:

```python
class TodoList:
    def __init__(self):
        self.tasks = []
    
    def add_task(self, task, priority='medium'):
        self.tasks.append({
            'task': task, 
            'completed': False, 
            'priority': priority
        })
    
    def complete_task(self, task_name):
        for task in self.tasks:
            if task['task'] == task_name:
                task['completed'] = True
                break
    
    def list_tasks(self, show_completed=True, priority=None):
        filtered_tasks = self.tasks
        
        if not show_completed:
            filtered_tasks = [task for task in filtered_tasks if not task['completed']]
        
        if priority:
            filtered_tasks = [task for task in filtered_tasks if task['priority'] == priority]
        
        return sorted(filtered_tasks, key=lambda x: {'high': 3, 'medium': 2, 'low': 1}[x['priority']], reverse=True)
```

The code now has enhanced functionality. Is there anything else you'd like me to add or modify?"
CD061,1,user,Create a simple to-do list class
CD061,2,assistant,"Here's a basic implementation:

```python
class TodoList:
    def __init__(self):
        self.tasks = []
    
    def add_task(self, task):
        self.tasks.append(task)
    
    def remove_task(self, task):
        if task in self.tasks:
            self.tasks.remove(task)
    
    def list_tasks(self):
        return self.tasks
```

This provides the core functionality you requested. Would you like me to add any additional features?"
CD061,3,user,Add task completion status
CD061,4,assistant,"I've updated the code to include add task completion status:

```python
class TodoList:
    def __init__(self):
        self.tasks = []
    
    def add_task(self, task):
        self.tasks.append({'task': task, 'completed': False})
    
    def complete_task(self, task_name):
        for task in self.tasks:
            if task['task'] == task_name:
                task['completed'] = True
                break
    
    def list_tasks(self, show_completed=True):
        if show_completed:
            return self.tasks
        return [task for task in self.tasks if not task['completed']]
```

The code now has enhanced functionality. Is there anything else you'd like me to add or modify?"
CD061,5,user,Add priority levels for tasks
CD061,6,assistant,"I've updated the code to include add priority levels for tasks:

```python
class TodoList:
    def __init__(self):
        self.tasks = []
    
    def add_task(self, task, priority='medium'):
        self.tasks.append({
            'task': task, 
            'completed': False, 
            'priority': priority
        })
    
    def complete_task(self, task_name):
        for task in self.tasks:
            if task['task'] == task_name:
                task['completed'] = True
                break
    
    def list_tasks(self, show_completed=True, priority=None):
        filtered_tasks = self.tasks
        
        if not show_completed:
            filtered_tasks = [task for task in filtered_tasks if not task['completed']]
        
        if priority:
            filtered_tasks = [task for task in filtered_tasks if task['priority'] == priority]
        
        return sorted(filtered_tasks, key=lambda x: {'high': 3, 'medium': 2, 'low': 1}[x['priority']], reverse=True)
```

The code now has enhanced functionality. Is there anything else you'd like me to add or modify?"
CD062,1,user,Create a simple weather data class
CD062,2,assistant,"Here's a basic implementation:

```python
class WeatherData:
    def __init__(self, temperature, humidity):
        self.temperature = temperature
        self.humidity = humidity
    
    def get_temperature(self):
        return self.temperature
    
    def get_humidity(self):
        return self.humidity
```

This provides the core functionality you requested. Would you like me to add any additional features?"
CD062,3,user,Add weather conditions and wind speed
CD062,4,assistant,"I've updated the code to include add weather conditions and wind speed:

```python
class WeatherData:
    def __init__(self, temperature, humidity, condition='clear', wind_speed=0):
        self.temperature = temperature
        self.humidity = humidity
        self.condition = condition
        self.wind_speed = wind_speed
    
    def get_temperature(self):
        return self.temperature
    
    def get_humidity(self):
        return self.humidity
    
    def get_condition(self):
        return self.condition
    
    def get_wind_speed(self):
        return self.wind_speed
    
    def get_summary(self):
        return f'Temperature: {self.temperature}°C, Humidity: {self.humidity}%, Condition: {self.condition}, Wind: {self.wind_speed} km/h'
```

The code now has enhanced functionality. Is there anything else you'd like me to add or modify?"
CD062,5,user,Add temperature conversion methods
CD062,6,assistant,"I've updated the code to include add temperature conversion methods:

```python
class WeatherData:
    def __init__(self, temperature, humidity, condition='clear', wind_speed=0, temp_unit='C'):
        self.temperature = temperature
        self.humidity = humidity
        self.condition = condition
        self.wind_speed = wind_speed
        self.temp_unit = temp_unit
    
    def get_temperature(self, unit=None):
        if unit is None:
            unit = self.temp_unit
        
        if self.temp_unit == 'C' and unit == 'F':
            return (self.temperature * 9/5) + 32
        elif self.temp_unit == 'F' and unit == 'C':
            return (self.temperature - 32) * 5/9
        else:
            return self.temperature
    
    def get_humidity(self):
        return self.humidity
    
    def get_condition(self):
        return self.condition
    
    def get_wind_speed(self):
        return self.wind_speed
    
    def get_summary(self, temp_unit=None):
        temp = self.get_temperature(temp_unit or self.temp_unit)
        unit_symbol = temp_unit or self.temp_unit
        return f'Temperature: {temp:.1f}°{unit_symbol}, Humidity: {self.humidity}%, Condition: {self.condition}, Wind: {self.wind_speed} km/h'
```

The code now has enhanced functionality. Is there anything else you'd like me to add or modify?"
CD063,1,user,Create a simple to-do list class
CD063,2,assistant,"Here's a basic implementation:

```python
class TodoList:
    def __init__(self):
        self.tasks = []
    
    def add_task(self, task):
        self.tasks.append(task)
    
    def remove_task(self, task):
        if task in self.tasks:
            self.tasks.remove(task)
    
    def list_tasks(self):
        return self.tasks
```

This provides the core functionality you requested. Would you like me to add any additional features?"
CD063,3,user,Add task completion status
CD063,4,assistant,"I've updated the code to include add task completion status:

```python
class TodoList:
    def __init__(self):
        self.tasks = []
    
    def add_task(self, task):
        self.tasks.append({'task': task, 'completed': False})
    
    def complete_task(self, task_name):
        for task in self.tasks:
            if task['task'] == task_name:
                task['completed'] = True
                break
    
    def list_tasks(self, show_completed=True):
        if show_completed:
            return self.tasks
        return [task for task in self.tasks if not task['completed']]
```

The code now has enhanced functionality. Is there anything else you'd like me to add or modify?"
CD063,5,user,Add priority levels for tasks
CD063,6,assistant,"I've updated the code to include add priority levels for tasks:

```python
class TodoList:
    def __init__(self):
        self.tasks = []
    
    def add_task(self, task, priority='medium'):
        self.tasks.append({
            'task': task, 
            'completed': False, 
            'priority': priority
        })
    
    def complete_task(self, task_name):
        for task in self.tasks:
            if task['task'] == task_name:
                task['completed'] = True
                break
    
    def list_tasks(self, show_completed=True, priority=None):
        filtered_tasks = self.tasks
        
        if not show_completed:
            filtered_tasks = [task for task in filtered_tasks if not task['completed']]
        
        if priority:
            filtered_tasks = [task for task in filtered_tasks if task['priority'] == priority]
        
        return sorted(filtered_tasks, key=lambda x: {'high': 3, 'medium': 2, 'low': 1}[x['priority']], reverse=True)
```

The code now has enhanced functionality. Is there anything else you'd like me to add or modify?"
CD064,1,user,Create a simple to-do list class
CD064,2,assistant,"Here's a basic implementation:

```python
class TodoList:
    def __init__(self):
        self.tasks = []
    
    def add_task(self, task):
        self.tasks.append(task)
    
    def remove_task(self, task):
        if task in self.tasks:
            self.tasks.remove(task)
    
    def list_tasks(self):
        return self.tasks
```

This provides the core functionality you requested. Would you like me to add any additional features?"
CD064,3,user,Add task completion status
CD064,4,assistant,"I've updated the code to include add task completion status:

```python
class TodoList:
    def __init__(self):
        self.tasks = []
    
    def add_task(self, task):
        self.tasks.append({'task': task, 'completed': False})
    
    def complete_task(self, task_name):
        for task in self.tasks:
            if task['task'] == task_name:
                task['completed'] = True
                break
    
    def list_tasks(self, show_completed=True):
        if show_completed:
            return self.tasks
        return [task for task in self.tasks if not task['completed']]
```

The code now has enhanced functionality. Is there anything else you'd like me to add or modify?"
CD064,5,user,Add priority levels for tasks
CD064,6,assistant,"I've updated the code to include add priority levels for tasks:

```python
class TodoList:
    def __init__(self):
        self.tasks = []
    
    def add_task(self, task, priority='medium'):
        self.tasks.append({
            'task': task, 
            'completed': False, 
            'priority': priority
        })
    
    def complete_task(self, task_name):
        for task in self.tasks:
            if task['task'] == task_name:
                task['completed'] = True
                break
    
    def list_tasks(self, show_completed=True, priority=None):
        filtered_tasks = self.tasks
        
        if not show_completed:
            filtered_tasks = [task for task in filtered_tasks if not task['completed']]
        
        if priority:
            filtered_tasks = [task for task in filtered_tasks if task['priority'] == priority]
        
        return sorted(filtered_tasks, key=lambda x: {'high': 3, 'medium': 2, 'low': 1}[x['priority']], reverse=True)
```

The code now has enhanced functionality. Is there anything else you'd like me to add or modify?"
CD065,1,user,Create a simple to-do list class
CD065,2,assistant,"Here's a basic implementation:

```python
class TodoList:
    def __init__(self):
        self.tasks = []
    
    def add_task(self, task):
        self.tasks.append(task)
    
    def remove_task(self, task):
        if task in self.tasks:
            self.tasks.remove(task)
    
    def list_tasks(self):
        return self.tasks
```

This provides the core functionality you requested. Would you like me to add any additional features?"
CD065,3,user,Add task completion status
CD065,4,assistant,"I've updated the code to include add task completion status:

```python
class TodoList:
    def __init__(self):
        self.tasks = []
    
    def add_task(self, task):
        self.tasks.append({'task': task, 'completed': False})
    
    def complete_task(self, task_name):
        for task in self.tasks:
            if task['task'] == task_name:
                task['completed'] = True
                break
    
    def list_tasks(self, show_completed=True):
        if show_completed:
            return self.tasks
        return [task for task in self.tasks if not task['completed']]
```

The code now has enhanced functionality. Is there anything else you'd like me to add or modify?"
CD065,5,user,Add priority levels for tasks
CD065,6,assistant,"I've updated the code to include add priority levels for tasks:

```python
class TodoList:
    def __init__(self):
        self.tasks = []
    
    def add_task(self, task, priority='medium'):
        self.tasks.append({
            'task': task, 
            'completed': False, 
            'priority': priority
        })
    
    def complete_task(self, task_name):
        for task in self.tasks:
            if task['task'] == task_name:
                task['completed'] = True
                break
    
    def list_tasks(self, show_completed=True, priority=None):
        filtered_tasks = self.tasks
        
        if not show_completed:
            filtered_tasks = [task for task in filtered_tasks if not task['completed']]
        
        if priority:
            filtered_tasks = [task for task in filtered_tasks if task['priority'] == priority]
        
        return sorted(filtered_tasks, key=lambda x: {'high': 3, 'medium': 2, 'low': 1}[x['priority']], reverse=True)
```

The code now has enhanced functionality. Is there anything else you'd like me to add or modify?"
CD066,1,user,Create a simple to-do list class
CD066,2,assistant,"Here's a basic implementation:

```python
class TodoList:
    def __init__(self):
        self.tasks = []
    
    def add_task(self, task):
        self.tasks.append(task)
    
    def remove_task(self, task):
        if task in self.tasks:
            self.tasks.remove(task)
    
    def list_tasks(self):
        return self.tasks
```

This provides the core functionality you requested. Would you like me to add any additional features?"
CD066,3,user,Add task completion status
CD066,4,assistant,"I've updated the code to include add task completion status:

```python
class TodoList:
    def __init__(self):
        self.tasks = []
    
    def add_task(self, task):
        self.tasks.append({'task': task, 'completed': False})
    
    def complete_task(self, task_name):
        for task in self.tasks:
            if task['task'] == task_name:
                task['completed'] = True
                break
    
    def list_tasks(self, show_completed=True):
        if show_completed:
            return self.tasks
        return [task for task in self.tasks if not task['completed']]
```

The code now has enhanced functionality. Is there anything else you'd like me to add or modify?"
CD066,5,user,Add priority levels for tasks
CD066,6,assistant,"I've updated the code to include add priority levels for tasks:

```python
class TodoList:
    def __init__(self):
        self.tasks = []
    
    def add_task(self, task, priority='medium'):
        self.tasks.append({
            'task': task, 
            'completed': False, 
            'priority': priority
        })
    
    def complete_task(self, task_name):
        for task in self.tasks:
            if task['task'] == task_name:
                task['completed'] = True
                break
    
    def list_tasks(self, show_completed=True, priority=None):
        filtered_tasks = self.tasks
        
        if not show_completed:
            filtered_tasks = [task for task in filtered_tasks if not task['completed']]
        
        if priority:
            filtered_tasks = [task for task in filtered_tasks if task['priority'] == priority]
        
        return sorted(filtered_tasks, key=lambda x: {'high': 3, 'medium': 2, 'low': 1}[x['priority']], reverse=True)
```

The code now has enhanced functionality. Is there anything else you'd like me to add or modify?"
CD067,1,user,Create a simple to-do list class
CD067,2,assistant,"Here's a basic implementation:

```python
class TodoList:
    def __init__(self):
        self.tasks = []
    
    def add_task(self, task):
        self.tasks.append(task)
    
    def remove_task(self, task):
        if task in self.tasks:
            self.tasks.remove(task)
    
    def list_tasks(self):
        return self.tasks
```

This provides the core functionality you requested. Would you like me to add any additional features?"
CD067,3,user,Add task completion status
CD067,4,assistant,"I've updated the code to include add task completion status:

```python
class TodoList:
    def __init__(self):
        self.tasks = []
    
    def add_task(self, task):
        self.tasks.append({'task': task, 'completed': False})
    
    def complete_task(self, task_name):
        for task in self.tasks:
            if task['task'] == task_name:
                task['completed'] = True
                break
    
    def list_tasks(self, show_completed=True):
        if show_completed:
            return self.tasks
        return [task for task in self.tasks if not task['completed']]
```

The code now has enhanced functionality. Is there anything else you'd like me to add or modify?"
CD067,5,user,Add priority levels for tasks
CD067,6,assistant,"I've updated the code to include add priority levels for tasks:

```python
class TodoList:
    def __init__(self):
        self.tasks = []
    
    def add_task(self, task, priority='medium'):
        self.tasks.append({
            'task': task, 
            'completed': False, 
            'priority': priority
        })
    
    def complete_task(self, task_name):
        for task in self.tasks:
            if task['task'] == task_name:
                task['completed'] = True
                break
    
    def list_tasks(self, show_completed=True, priority=None):
        filtered_tasks = self.tasks
        
        if not show_completed:
            filtered_tasks = [task for task in filtered_tasks if not task['completed']]
        
        if priority:
            filtered_tasks = [task for task in filtered_tasks if task['priority'] == priority]
        
        return sorted(filtered_tasks, key=lambda x: {'high': 3, 'medium': 2, 'low': 1}[x['priority']], reverse=True)
```

The code now has enhanced functionality. Is there anything else you'd like me to add or modify?"
CD068,1,user,Create a simple to-do list class
CD068,2,assistant,"Here's a basic implementation:

```python
class TodoList:
    def __init__(self):
        self.tasks = []
    
    def add_task(self, task):
        self.tasks.append(task)
    
    def remove_task(self, task):
        if task in self.tasks:
            self.tasks.remove(task)
    
    def list_tasks(self):
        return self.tasks
```

This provides the core functionality you requested. Would you like me to add any additional features?"
CD068,3,user,Add task completion status
CD068,4,assistant,"I've updated the code to include add task completion status:

```python
class TodoList:
    def __init__(self):
        self.tasks = []
    
    def add_task(self, task):
        self.tasks.append({'task': task, 'completed': False})
    
    def complete_task(self, task_name):
        for task in self.tasks:
            if task['task'] == task_name:
                task['completed'] = True
                break
    
    def list_tasks(self, show_completed=True):
        if show_completed:
            return self.tasks
        return [task for task in self.tasks if not task['completed']]
```

The code now has enhanced functionality. Is there anything else you'd like me to add or modify?"
CD068,5,user,Add priority levels for tasks
CD068,6,assistant,"I've updated the code to include add priority levels for tasks:

```python
class TodoList:
    def __init__(self):
        self.tasks = []
    
    def add_task(self, task, priority='medium'):
        self.tasks.append({
            'task': task, 
            'completed': False, 
            'priority': priority
        })
    
    def complete_task(self, task_name):
        for task in self.tasks:
            if task['task'] == task_name:
                task['completed'] = True
                break
    
    def list_tasks(self, show_completed=True, priority=None):
        filtered_tasks = self.tasks
        
        if not show_completed:
            filtered_tasks = [task for task in filtered_tasks if not task['completed']]
        
        if priority:
            filtered_tasks = [task for task in filtered_tasks if task['priority'] == priority]
        
        return sorted(filtered_tasks, key=lambda x: {'high': 3, 'medium': 2, 'low': 1}[x['priority']], reverse=True)
```

The code now has enhanced functionality. Is there anything else you'd like me to add or modify?"
CD069,1,user,Create a simple to-do list class
CD069,2,assistant,"Here's a basic implementation:

```python
class TodoList:
    def __init__(self):
        self.tasks = []
    
    def add_task(self, task):
        self.tasks.append(task)
    
    def remove_task(self, task):
        if task in self.tasks:
            self.tasks.remove(task)
    
    def list_tasks(self):
        return self.tasks
```

This provides the core functionality you requested. Would you like me to add any additional features?"
CD069,3,user,Add task completion status
CD069,4,assistant,"I've updated the code to include add task completion status:

```python
class TodoList:
    def __init__(self):
        self.tasks = []
    
    def add_task(self, task):
        self.tasks.append({'task': task, 'completed': False})
    
    def complete_task(self, task_name):
        for task in self.tasks:
            if task['task'] == task_name:
                task['completed'] = True
                break
    
    def list_tasks(self, show_completed=True):
        if show_completed:
            return self.tasks
        return [task for task in self.tasks if not task['completed']]
```

The code now has enhanced functionality. Is there anything else you'd like me to add or modify?"
CD069,5,user,Add priority levels for tasks
CD069,6,assistant,"I've updated the code to include add priority levels for tasks:

```python
class TodoList:
    def __init__(self):
        self.tasks = []
    
    def add_task(self, task, priority='medium'):
        self.tasks.append({
            'task': task, 
            'completed': False, 
            'priority': priority
        })
    
    def complete_task(self, task_name):
        for task in self.tasks:
            if task['task'] == task_name:
                task['completed'] = True
                break
    
    def list_tasks(self, show_completed=True, priority=None):
        filtered_tasks = self.tasks
        
        if not show_completed:
            filtered_tasks = [task for task in filtered_tasks if not task['completed']]
        
        if priority:
            filtered_tasks = [task for task in filtered_tasks if task['priority'] == priority]
        
        return sorted(filtered_tasks, key=lambda x: {'high': 3, 'medium': 2, 'low': 1}[x['priority']], reverse=True)
```

The code now has enhanced functionality. Is there anything else you'd like me to add or modify?"
CD070,1,user,Create a simple to-do list class
CD070,2,assistant,"Here's a basic implementation:

```python
class TodoList:
    def __init__(self):
        self.tasks = []
    
    def add_task(self, task):
        self.tasks.append(task)
    
    def remove_task(self, task):
        if task in self.tasks:
            self.tasks.remove(task)
    
    def list_tasks(self):
        return self.tasks
```

This provides the core functionality you requested. Would you like me to add any additional features?"
CD070,3,user,Add task completion status
CD070,4,assistant,"I've updated the code to include add task completion status:

```python
class TodoList:
    def __init__(self):
        self.tasks = []
    
    def add_task(self, task):
        self.tasks.append({'task': task, 'completed': False})
    
    def complete_task(self, task_name):
        for task in self.tasks:
            if task['task'] == task_name:
                task['completed'] = True
                break
    
    def list_tasks(self, show_completed=True):
        if show_completed:
            return self.tasks
        return [task for task in self.tasks if not task['completed']]
```

The code now has enhanced functionality. Is there anything else you'd like me to add or modify?"
CD070,5,user,Add priority levels for tasks
CD070,6,assistant,"I've updated the code to include add priority levels for tasks:

```python
class TodoList:
    def __init__(self):
        self.tasks = []
    
    def add_task(self, task, priority='medium'):
        self.tasks.append({
            'task': task, 
            'completed': False, 
            'priority': priority
        })
    
    def complete_task(self, task_name):
        for task in self.tasks:
            if task['task'] == task_name:
                task['completed'] = True
                break
    
    def list_tasks(self, show_completed=True, priority=None):
        filtered_tasks = self.tasks
        
        if not show_completed:
            filtered_tasks = [task for task in filtered_tasks if not task['completed']]
        
        if priority:
            filtered_tasks = [task for task in filtered_tasks if task['priority'] == priority]
        
        return sorted(filtered_tasks, key=lambda x: {'high': 3, 'medium': 2, 'low': 1}[x['priority']], reverse=True)
```

The code now has enhanced functionality. Is there anything else you'd like me to add or modify?"
CD071,1,user,Create a simple to-do list class
CD071,2,assistant,"Here's a basic implementation:

```python
class TodoList:
    def __init__(self):
        self.tasks = []
    
    def add_task(self, task):
        self.tasks.append(task)
    
    def remove_task(self, task):
        if task in self.tasks:
            self.tasks.remove(task)
    
    def list_tasks(self):
        return self.tasks
```

This provides the core functionality you requested. Would you like me to add any additional features?"
CD071,3,user,Add task completion status
CD071,4,assistant,"I've updated the code to include add task completion status:

```python
class TodoList:
    def __init__(self):
        self.tasks = []
    
    def add_task(self, task):
        self.tasks.append({'task': task, 'completed': False})
    
    def complete_task(self, task_name):
        for task in self.tasks:
            if task['task'] == task_name:
                task['completed'] = True
                break
    
    def list_tasks(self, show_completed=True):
        if show_completed:
            return self.tasks
        return [task for task in self.tasks if not task['completed']]
```

The code now has enhanced functionality. Is there anything else you'd like me to add or modify?"
CD071,5,user,Add priority levels for tasks
CD071,6,assistant,"I've updated the code to include add priority levels for tasks:

```python
class TodoList:
    def __init__(self):
        self.tasks = []
    
    def add_task(self, task, priority='medium'):
        self.tasks.append({
            'task': task, 
            'completed': False, 
            'priority': priority
        })
    
    def complete_task(self, task_name):
        for task in self.tasks:
            if task['task'] == task_name:
                task['completed'] = True
                break
    
    def list_tasks(self, show_completed=True, priority=None):
        filtered_tasks = self.tasks
        
        if not show_completed:
            filtered_tasks = [task for task in filtered_tasks if not task['completed']]
        
        if priority:
            filtered_tasks = [task for task in filtered_tasks if task['priority'] == priority]
        
        return sorted(filtered_tasks, key=lambda x: {'high': 3, 'medium': 2, 'low': 1}[x['priority']], reverse=True)
```

The code now has enhanced functionality. Is there anything else you'd like me to add or modify?"
CD072,1,user,Create a simple weather data class
CD072,2,assistant,"Here's a basic implementation:

```python
class WeatherData:
    def __init__(self, temperature, humidity):
        self.temperature = temperature
        self.humidity = humidity
    
    def get_temperature(self):
        return self.temperature
    
    def get_humidity(self):
        return self.humidity
```

This provides the core functionality you requested. Would you like me to add any additional features?"
CD072,3,user,Add weather conditions and wind speed
CD072,4,assistant,"I've updated the code to include add weather conditions and wind speed:

```python
class WeatherData:
    def __init__(self, temperature, humidity, condition='clear', wind_speed=0):
        self.temperature = temperature
        self.humidity = humidity
        self.condition = condition
        self.wind_speed = wind_speed
    
    def get_temperature(self):
        return self.temperature
    
    def get_humidity(self):
        return self.humidity
    
    def get_condition(self):
        return self.condition
    
    def get_wind_speed(self):
        return self.wind_speed
    
    def get_summary(self):
        return f'Temperature: {self.temperature}°C, Humidity: {self.humidity}%, Condition: {self.condition}, Wind: {self.wind_speed} km/h'
```

The code now has enhanced functionality. Is there anything else you'd like me to add or modify?"
CD072,5,user,Add temperature conversion methods
CD072,6,assistant,"I've updated the code to include add temperature conversion methods:

```python
class WeatherData:
    def __init__(self, temperature, humidity, condition='clear', wind_speed=0, temp_unit='C'):
        self.temperature = temperature
        self.humidity = humidity
        self.condition = condition
        self.wind_speed = wind_speed
        self.temp_unit = temp_unit
    
    def get_temperature(self, unit=None):
        if unit is None:
            unit = self.temp_unit
        
        if self.temp_unit == 'C' and unit == 'F':
            return (self.temperature * 9/5) + 32
        elif self.temp_unit == 'F' and unit == 'C':
            return (self.temperature - 32) * 5/9
        else:
            return self.temperature
    
    def get_humidity(self):
        return self.humidity
    
    def get_condition(self):
        return self.condition
    
    def get_wind_speed(self):
        return self.wind_speed
    
    def get_summary(self, temp_unit=None):
        temp = self.get_temperature(temp_unit or self.temp_unit)
        unit_symbol = temp_unit or self.temp_unit
        return f'Temperature: {temp:.1f}°{unit_symbol}, Humidity: {self.humidity}%, Condition: {self.condition}, Wind: {self.wind_speed} km/h'
```

The code now has enhanced functionality. Is there anything else you'd like me to add or modify?"
CD073,1,user,Create a simple to-do list class
CD073,2,assistant,"Here's a basic implementation:

```python
class TodoList:
    def __init__(self):
        self.tasks = []
    
    def add_task(self, task):
        self.tasks.append(task)
    
    def remove_task(self, task):
        if task in self.tasks:
            self.tasks.remove(task)
    
    def list_tasks(self):
        return self.tasks
```

This provides the core functionality you requested. Would you like me to add any additional features?"
CD073,3,user,Add task completion status
CD073,4,assistant,"I've updated the code to include add task completion status:

```python
class TodoList:
    def __init__(self):
        self.tasks = []
    
    def add_task(self, task):
        self.tasks.append({'task': task, 'completed': False})
    
    def complete_task(self, task_name):
        for task in self.tasks:
            if task['task'] == task_name:
                task['completed'] = True
                break
    
    def list_tasks(self, show_completed=True):
        if show_completed:
            return self.tasks
        return [task for task in self.tasks if not task['completed']]
```

The code now has enhanced functionality. Is there anything else you'd like me to add or modify?"
CD073,5,user,Add priority levels for tasks
CD073,6,assistant,"I've updated the code to include add priority levels for tasks:

```python
class TodoList:
    def __init__(self):
        self.tasks = []
    
    def add_task(self, task, priority='medium'):
        self.tasks.append({
            'task': task, 
            'completed': False, 
            'priority': priority
        })
    
    def complete_task(self, task_name):
        for task in self.tasks:
            if task['task'] == task_name:
                task['completed'] = True
                break
    
    def list_tasks(self, show_completed=True, priority=None):
        filtered_tasks = self.tasks
        
        if not show_completed:
            filtered_tasks = [task for task in filtered_tasks if not task['completed']]
        
        if priority:
            filtered_tasks = [task for task in filtered_tasks if task['priority'] == priority]
        
        return sorted(filtered_tasks, key=lambda x: {'high': 3, 'medium': 2, 'low': 1}[x['priority']], reverse=True)
```

The code now has enhanced functionality. Is there anything else you'd like me to add or modify?"
CD074,1,user,Create a simple to-do list class
CD074,2,assistant,"Here's a basic implementation:

```python
class TodoList:
    def __init__(self):
        self.tasks = []
    
    def add_task(self, task):
        self.tasks.append(task)
    
    def remove_task(self, task):
        if task in self.tasks:
            self.tasks.remove(task)
    
    def list_tasks(self):
        return self.tasks
```

This provides the core functionality you requested. Would you like me to add any additional features?"
CD074,3,user,Add task completion status
CD074,4,assistant,"I've updated the code to include add task completion status:

```python
class TodoList:
    def __init__(self):
        self.tasks = []
    
    def add_task(self, task):
        self.tasks.append({'task': task, 'completed': False})
    
    def complete_task(self, task_name):
        for task in self.tasks:
            if task['task'] == task_name:
                task['completed'] = True
                break
    
    def list_tasks(self, show_completed=True):
        if show_completed:
            return self.tasks
        return [task for task in self.tasks if not task['completed']]
```

The code now has enhanced functionality. Is there anything else you'd like me to add or modify?"
CD074,5,user,Add priority levels for tasks
CD074,6,assistant,"I've updated the code to include add priority levels for tasks:

```python
class TodoList:
    def __init__(self):
        self.tasks = []
    
    def add_task(self, task, priority='medium'):
        self.tasks.append({
            'task': task, 
            'completed': False, 
            'priority': priority
        })
    
    def complete_task(self, task_name):
        for task in self.tasks:
            if task['task'] == task_name:
                task['completed'] = True
                break
    
    def list_tasks(self, show_completed=True, priority=None):
        filtered_tasks = self.tasks
        
        if not show_completed:
            filtered_tasks = [task for task in filtered_tasks if not task['completed']]
        
        if priority:
            filtered_tasks = [task for task in filtered_tasks if task['priority'] == priority]
        
        return sorted(filtered_tasks, key=lambda x: {'high': 3, 'medium': 2, 'low': 1}[x['priority']], reverse=True)
```

The code now has enhanced functionality. Is there anything else you'd like me to add or modify?"
CD075,1,user,Create a simple to-do list class
CD075,2,assistant,"Here's a basic implementation:

```python
class TodoList:
    def __init__(self):
        self.tasks = []
    
    def add_task(self, task):
        self.tasks.append(task)
    
    def remove_task(self, task):
        if task in self.tasks:
            self.tasks.remove(task)
    
    def list_tasks(self):
        return self.tasks
```

This provides the core functionality you requested. Would you like me to add any additional features?"
CD075,3,user,Add task completion status
CD075,4,assistant,"I've updated the code to include add task completion status:

```python
class TodoList:
    def __init__(self):
        self.tasks = []
    
    def add_task(self, task):
        self.tasks.append({'task': task, 'completed': False})
    
    def complete_task(self, task_name):
        for task in self.tasks:
            if task['task'] == task_name:
                task['completed'] = True
                break
    
    def list_tasks(self, show_completed=True):
        if show_completed:
            return self.tasks
        return [task for task in self.tasks if not task['completed']]
```

The code now has enhanced functionality. Is there anything else you'd like me to add or modify?"
CD075,5,user,Add priority levels for tasks
CD075,6,assistant,"I've updated the code to include add priority levels for tasks:

```python
class TodoList:
    def __init__(self):
        self.tasks = []
    
    def add_task(self, task, priority='medium'):
        self.tasks.append({
            'task': task, 
            'completed': False, 
            'priority': priority
        })
    
    def complete_task(self, task_name):
        for task in self.tasks:
            if task['task'] == task_name:
                task['completed'] = True
                break
    
    def list_tasks(self, show_completed=True, priority=None):
        filtered_tasks = self.tasks
        
        if not show_completed:
            filtered_tasks = [task for task in filtered_tasks if not task['completed']]
        
        if priority:
            filtered_tasks = [task for task in filtered_tasks if task['priority'] == priority]
        
        return sorted(filtered_tasks, key=lambda x: {'high': 3, 'medium': 2, 'low': 1}[x['priority']], reverse=True)
```

The code now has enhanced functionality. Is there anything else you'd like me to add or modify?"
CD076,1,user,Create a simple to-do list class
CD076,2,assistant,"Here's a basic implementation:

```python
class TodoList:
    def __init__(self):
        self.tasks = []
    
    def add_task(self, task):
        self.tasks.append(task)
    
    def remove_task(self, task):
        if task in self.tasks:
            self.tasks.remove(task)
    
    def list_tasks(self):
        return self.tasks
```

This provides the core functionality you requested. Would you like me to add any additional features?"
CD076,3,user,Add task completion status
CD076,4,assistant,"I've updated the code to include add task completion status:

```python
class TodoList:
    def __init__(self):
        self.tasks = []
    
    def add_task(self, task):
        self.tasks.append({'task': task, 'completed': False})
    
    def complete_task(self, task_name):
        for task in self.tasks:
            if task['task'] == task_name:
                task['completed'] = True
                break
    
    def list_tasks(self, show_completed=True):
        if show_completed:
            return self.tasks
        return [task for task in self.tasks if not task['completed']]
```

The code now has enhanced functionality. Is there anything else you'd like me to add or modify?"
CD076,5,user,Add priority levels for tasks
CD076,6,assistant,"I've updated the code to include add priority levels for tasks:

```python
class TodoList:
    def __init__(self):
        self.tasks = []
    
    def add_task(self, task, priority='medium'):
        self.tasks.append({
            'task': task, 
            'completed': False, 
            'priority': priority
        })
    
    def complete_task(self, task_name):
        for task in self.tasks:
            if task['task'] == task_name:
                task['completed'] = True
                break
    
    def list_tasks(self, show_completed=True, priority=None):
        filtered_tasks = self.tasks
        
        if not show_completed:
            filtered_tasks = [task for task in filtered_tasks if not task['completed']]
        
        if priority:
            filtered_tasks = [task for task in filtered_tasks if task['priority'] == priority]
        
        return sorted(filtered_tasks, key=lambda x: {'high': 3, 'medium': 2, 'low': 1}[x['priority']], reverse=True)
```

The code now has enhanced functionality. Is there anything else you'd like me to add or modify?"
CD077,1,user,Create a simple to-do list class
CD077,2,assistant,"Here's a basic implementation:

```python
class TodoList:
    def __init__(self):
        self.tasks = []
    
    def add_task(self, task):
        self.tasks.append(task)
    
    def remove_task(self, task):
        if task in self.tasks:
            self.tasks.remove(task)
    
    def list_tasks(self):
        return self.tasks
```

This provides the core functionality you requested. Would you like me to add any additional features?"
CD077,3,user,Add task completion status
CD077,4,assistant,"I've updated the code to include add task completion status:

```python
class TodoList:
    def __init__(self):
        self.tasks = []
    
    def add_task(self, task):
        self.tasks.append({'task': task, 'completed': False})
    
    def complete_task(self, task_name):
        for task in self.tasks:
            if task['task'] == task_name:
                task['completed'] = True
                break
    
    def list_tasks(self, show_completed=True):
        if show_completed:
            return self.tasks
        return [task for task in self.tasks if not task['completed']]
```

The code now has enhanced functionality. Is there anything else you'd like me to add or modify?"
CD077,5,user,Add priority levels for tasks
CD077,6,assistant,"I've updated the code to include add priority levels for tasks:

```python
class TodoList:
    def __init__(self):
        self.tasks = []
    
    def add_task(self, task, priority='medium'):
        self.tasks.append({
            'task': task, 
            'completed': False, 
            'priority': priority
        })
    
    def complete_task(self, task_name):
        for task in self.tasks:
            if task['task'] == task_name:
                task['completed'] = True
                break
    
    def list_tasks(self, show_completed=True, priority=None):
        filtered_tasks = self.tasks
        
        if not show_completed:
            filtered_tasks = [task for task in filtered_tasks if not task['completed']]
        
        if priority:
            filtered_tasks = [task for task in filtered_tasks if task['priority'] == priority]
        
        return sorted(filtered_tasks, key=lambda x: {'high': 3, 'medium': 2, 'low': 1}[x['priority']], reverse=True)
```

The code now has enhanced functionality. Is there anything else you'd like me to add or modify?"
CD078,1,user,Create a simple to-do list class
CD078,2,assistant,"Here's a basic implementation:

```python
class TodoList:
    def __init__(self):
        self.tasks = []
    
    def add_task(self, task):
        self.tasks.append(task)
    
    def remove_task(self, task):
        if task in self.tasks:
            self.tasks.remove(task)
    
    def list_tasks(self):
        return self.tasks
```

This provides the core functionality you requested. Would you like me to add any additional features?"
CD078,3,user,Add task completion status
CD078,4,assistant,"I've updated the code to include add task completion status:

```python
class TodoList:
    def __init__(self):
        self.tasks = []
    
    def add_task(self, task):
        self.tasks.append({'task': task, 'completed': False})
    
    def complete_task(self, task_name):
        for task in self.tasks:
            if task['task'] == task_name:
                task['completed'] = True
                break
    
    def list_tasks(self, show_completed=True):
        if show_completed:
            return self.tasks
        return [task for task in self.tasks if not task['completed']]
```

The code now has enhanced functionality. Is there anything else you'd like me to add or modify?"
CD078,5,user,Add priority levels for tasks
CD078,6,assistant,"I've updated the code to include add priority levels for tasks:

```python
class TodoList:
    def __init__(self):
        self.tasks = []
    
    def add_task(self, task, priority='medium'):
        self.tasks.append({
            'task': task, 
            'completed': False, 
            'priority': priority
        })
    
    def complete_task(self, task_name):
        for task in self.tasks:
            if task['task'] == task_name:
                task['completed'] = True
                break
    
    def list_tasks(self, show_completed=True, priority=None):
        filtered_tasks = self.tasks
        
        if not show_completed:
            filtered_tasks = [task for task in filtered_tasks if not task['completed']]
        
        if priority:
            filtered_tasks = [task for task in filtered_tasks if task['priority'] == priority]
        
        return sorted(filtered_tasks, key=lambda x: {'high': 3, 'medium': 2, 'low': 1}[x['priority']], reverse=True)
```

The code now has enhanced functionality. Is there anything else you'd like me to add or modify?"
CD079,1,user,Create a simple to-do list class
CD079,2,assistant,"Here's a basic implementation:

```python
class TodoList:
    def __init__(self):
        self.tasks = []
    
    def add_task(self, task):
        self.tasks.append(task)
    
    def remove_task(self, task):
        if task in self.tasks:
            self.tasks.remove(task)
    
    def list_tasks(self):
        return self.tasks
```

This provides the core functionality you requested. Would you like me to add any additional features?"
CD079,3,user,Add task completion status
CD079,4,assistant,"I've updated the code to include add task completion status:

```python
class TodoList:
    def __init__(self):
        self.tasks = []
    
    def add_task(self, task):
        self.tasks.append({'task': task, 'completed': False})
    
    def complete_task(self, task_name):
        for task in self.tasks:
            if task['task'] == task_name:
                task['completed'] = True
                break
    
    def list_tasks(self, show_completed=True):
        if show_completed:
            return self.tasks
        return [task for task in self.tasks if not task['completed']]
```

The code now has enhanced functionality. Is there anything else you'd like me to add or modify?"
CD079,5,user,Add priority levels for tasks
CD079,6,assistant,"I've updated the code to include add priority levels for tasks:

```python
class TodoList:
    def __init__(self):
        self.tasks = []
    
    def add_task(self, task, priority='medium'):
        self.tasks.append({
            'task': task, 
            'completed': False, 
            'priority': priority
        })
    
    def complete_task(self, task_name):
        for task in self.tasks:
            if task['task'] == task_name:
                task['completed'] = True
                break
    
    def list_tasks(self, show_completed=True, priority=None):
        filtered_tasks = self.tasks
        
        if not show_completed:
            filtered_tasks = [task for task in filtered_tasks if not task['completed']]
        
        if priority:
            filtered_tasks = [task for task in filtered_tasks if task['priority'] == priority]
        
        return sorted(filtered_tasks, key=lambda x: {'high': 3, 'medium': 2, 'low': 1}[x['priority']], reverse=True)
```

The code now has enhanced functionality. Is there anything else you'd like me to add or modify?"
CD080,1,user,Create a simple to-do list class
CD080,2,assistant,"Here's a basic implementation:

```python
class TodoList:
    def __init__(self):
        self.tasks = []
    
    def add_task(self, task):
        self.tasks.append(task)
    
    def remove_task(self, task):
        if task in self.tasks:
            self.tasks.remove(task)
    
    def list_tasks(self):
        return self.tasks
```

This provides the core functionality you requested. Would you like me to add any additional features?"
CD080,3,user,Add task completion status
CD080,4,assistant,"I've updated the code to include add task completion status:

```python
class TodoList:
    def __init__(self):
        self.tasks = []
    
    def add_task(self, task):
        self.tasks.append({'task': task, 'completed': False})
    
    def complete_task(self, task_name):
        for task in self.tasks:
            if task['task'] == task_name:
                task['completed'] = True
                break
    
    def list_tasks(self, show_completed=True):
        if show_completed:
            return self.tasks
        return [task for task in self.tasks if not task['completed']]
```

The code now has enhanced functionality. Is there anything else you'd like me to add or modify?"
CD080,5,user,Add priority levels for tasks
CD080,6,assistant,"I've updated the code to include add priority levels for tasks:

```python
class TodoList:
    def __init__(self):
        self.tasks = []
    
    def add_task(self, task, priority='medium'):
        self.tasks.append({
            'task': task, 
            'completed': False, 
            'priority': priority
        })
    
    def complete_task(self, task_name):
        for task in self.tasks:
            if task['task'] == task_name:
                task['completed'] = True
                break
    
    def list_tasks(self, show_completed=True, priority=None):
        filtered_tasks = self.tasks
        
        if not show_completed:
            filtered_tasks = [task for task in filtered_tasks if not task['completed']]
        
        if priority:
            filtered_tasks = [task for task in filtered_tasks if task['priority'] == priority]
        
        return sorted(filtered_tasks, key=lambda x: {'high': 3, 'medium': 2, 'low': 1}[x['priority']], reverse=True)
```

The code now has enhanced functionality. Is there anything else you'd like me to add or modify?"
CD081,1,user,Create a simple to-do list class
CD081,2,assistant,"Here's a basic implementation:

```python
class TodoList:
    def __init__(self):
        self.tasks = []
    
    def add_task(self, task):
        self.tasks.append(task)
    
    def remove_task(self, task):
        if task in self.tasks:
            self.tasks.remove(task)
    
    def list_tasks(self):
        return self.tasks
```

This provides the core functionality you requested. Would you like me to add any additional features?"
CD081,3,user,Add task completion status
CD081,4,assistant,"I've updated the code to include add task completion status:

```python
class TodoList:
    def __init__(self):
        self.tasks = []
    
    def add_task(self, task):
        self.tasks.append({'task': task, 'completed': False})
    
    def complete_task(self, task_name):
        for task in self.tasks:
            if task['task'] == task_name:
                task['completed'] = True
                break
    
    def list_tasks(self, show_completed=True):
        if show_completed:
            return self.tasks
        return [task for task in self.tasks if not task['completed']]
```

The code now has enhanced functionality. Is there anything else you'd like me to add or modify?"
CD081,5,user,Add priority levels for tasks
CD081,6,assistant,"I've updated the code to include add priority levels for tasks:

```python
class TodoList:
    def __init__(self):
        self.tasks = []
    
    def add_task(self, task, priority='medium'):
        self.tasks.append({
            'task': task, 
            'completed': False, 
            'priority': priority
        })
    
    def complete_task(self, task_name):
        for task in self.tasks:
            if task['task'] == task_name:
                task['completed'] = True
                break
    
    def list_tasks(self, show_completed=True, priority=None):
        filtered_tasks = self.tasks
        
        if not show_completed:
            filtered_tasks = [task for task in filtered_tasks if not task['completed']]
        
        if priority:
            filtered_tasks = [task for task in filtered_tasks if task['priority'] == priority]
        
        return sorted(filtered_tasks, key=lambda x: {'high': 3, 'medium': 2, 'low': 1}[x['priority']], reverse=True)
```

The code now has enhanced functionality. Is there anything else you'd like me to add or modify?"
CD082,1,user,Create a simple weather data class
CD082,2,assistant,"Here's a basic implementation:

```python
class WeatherData:
    def __init__(self, temperature, humidity):
        self.temperature = temperature
        self.humidity = humidity
    
    def get_temperature(self):
        return self.temperature
    
    def get_humidity(self):
        return self.humidity
```

This provides the core functionality you requested. Would you like me to add any additional features?"
CD082,3,user,Add weather conditions and wind speed
CD082,4,assistant,"I've updated the code to include add weather conditions and wind speed:

```python
class WeatherData:
    def __init__(self, temperature, humidity, condition='clear', wind_speed=0):
        self.temperature = temperature
        self.humidity = humidity
        self.condition = condition
        self.wind_speed = wind_speed
    
    def get_temperature(self):
        return self.temperature
    
    def get_humidity(self):
        return self.humidity
    
    def get_condition(self):
        return self.condition
    
    def get_wind_speed(self):
        return self.wind_speed
    
    def get_summary(self):
        return f'Temperature: {self.temperature}°C, Humidity: {self.humidity}%, Condition: {self.condition}, Wind: {self.wind_speed} km/h'
```

The code now has enhanced functionality. Is there anything else you'd like me to add or modify?"
CD082,5,user,Add temperature conversion methods
CD082,6,assistant,"I've updated the code to include add temperature conversion methods:

```python
class WeatherData:
    def __init__(self, temperature, humidity, condition='clear', wind_speed=0, temp_unit='C'):
        self.temperature = temperature
        self.humidity = humidity
        self.condition = condition
        self.wind_speed = wind_speed
        self.temp_unit = temp_unit
    
    def get_temperature(self, unit=None):
        if unit is None:
            unit = self.temp_unit
        
        if self.temp_unit == 'C' and unit == 'F':
            return (self.temperature * 9/5) + 32
        elif self.temp_unit == 'F' and unit == 'C':
            return (self.temperature - 32) * 5/9
        else:
            return self.temperature
    
    def get_humidity(self):
        return self.humidity
    
    def get_condition(self):
        return self.condition
    
    def get_wind_speed(self):
        return self.wind_speed
    
    def get_summary(self, temp_unit=None):
        temp = self.get_temperature(temp_unit or self.temp_unit)
        unit_symbol = temp_unit or self.temp_unit
        return f'Temperature: {temp:.1f}°{unit_symbol}, Humidity: {self.humidity}%, Condition: {self.condition}, Wind: {self.wind_speed} km/h'
```

The code now has enhanced functionality. Is there anything else you'd like me to add or modify?"
CD083,1,user,Create a simple to-do list class
CD083,2,assistant,"Here's a basic implementation:

```python
class TodoList:
    def __init__(self):
        self.tasks = []
    
    def add_task(self, task):
        self.tasks.append(task)
    
    def remove_task(self, task):
        if task in self.tasks:
            self.tasks.remove(task)
    
    def list_tasks(self):
        return self.tasks
```

This provides the core functionality you requested. Would you like me to add any additional features?"
CD083,3,user,Add task completion status
CD083,4,assistant,"I've updated the code to include add task completion status:

```python
class TodoList:
    def __init__(self):
        self.tasks = []
    
    def add_task(self, task):
        self.tasks.append({'task': task, 'completed': False})
    
    def complete_task(self, task_name):
        for task in self.tasks:
            if task['task'] == task_name:
                task['completed'] = True
                break
    
    def list_tasks(self, show_completed=True):
        if show_completed:
            return self.tasks
        return [task for task in self.tasks if not task['completed']]
```

The code now has enhanced functionality. Is there anything else you'd like me to add or modify?"
CD083,5,user,Add priority levels for tasks
CD083,6,assistant,"I've updated the code to include add priority levels for tasks:

```python
class TodoList:
    def __init__(self):
        self.tasks = []
    
    def add_task(self, task, priority='medium'):
        self.tasks.append({
            'task': task, 
            'completed': False, 
            'priority': priority
        })
    
    def complete_task(self, task_name):
        for task in self.tasks:
            if task['task'] == task_name:
                task['completed'] = True
                break
    
    def list_tasks(self, show_completed=True, priority=None):
        filtered_tasks = self.tasks
        
        if not show_completed:
            filtered_tasks = [task for task in filtered_tasks if not task['completed']]
        
        if priority:
            filtered_tasks = [task for task in filtered_tasks if task['priority'] == priority]
        
        return sorted(filtered_tasks, key=lambda x: {'high': 3, 'medium': 2, 'low': 1}[x['priority']], reverse=True)
```

The code now has enhanced functionality. Is there anything else you'd like me to add or modify?"
CD084,1,user,Create a simple to-do list class
CD084,2,assistant,"Here's a basic implementation:

```python
class TodoList:
    def __init__(self):
        self.tasks = []
    
    def add_task(self, task):
        self.tasks.append(task)
    
    def remove_task(self, task):
        if task in self.tasks:
            self.tasks.remove(task)
    
    def list_tasks(self):
        return self.tasks
```

This provides the core functionality you requested. Would you like me to add any additional features?"
CD084,3,user,Add task completion status
CD084,4,assistant,"I've updated the code to include add task completion status:

```python
class TodoList:
    def __init__(self):
        self.tasks = []
    
    def add_task(self, task):
        self.tasks.append({'task': task, 'completed': False})
    
    def complete_task(self, task_name):
        for task in self.tasks:
            if task['task'] == task_name:
                task['completed'] = True
                break
    
    def list_tasks(self, show_completed=True):
        if show_completed:
            return self.tasks
        return [task for task in self.tasks if not task['completed']]
```

The code now has enhanced functionality. Is there anything else you'd like me to add or modify?"
CD084,5,user,Add priority levels for tasks
CD084,6,assistant,"I've updated the code to include add priority levels for tasks:

```python
class TodoList:
    def __init__(self):
        self.tasks = []
    
    def add_task(self, task, priority='medium'):
        self.tasks.append({
            'task': task, 
            'completed': False, 
            'priority': priority
        })
    
    def complete_task(self, task_name):
        for task in self.tasks:
            if task['task'] == task_name:
                task['completed'] = True
                break
    
    def list_tasks(self, show_completed=True, priority=None):
        filtered_tasks = self.tasks
        
        if not show_completed:
            filtered_tasks = [task for task in filtered_tasks if not task['completed']]
        
        if priority:
            filtered_tasks = [task for task in filtered_tasks if task['priority'] == priority]
        
        return sorted(filtered_tasks, key=lambda x: {'high': 3, 'medium': 2, 'low': 1}[x['priority']], reverse=True)
```

The code now has enhanced functionality. Is there anything else you'd like me to add or modify?"
CD085,1,user,Create a simple to-do list class
CD085,2,assistant,"Here's a basic implementation:

```python
class TodoList:
    def __init__(self):
        self.tasks = []
    
    def add_task(self, task):
        self.tasks.append(task)
    
    def remove_task(self, task):
        if task in self.tasks:
            self.tasks.remove(task)
    
    def list_tasks(self):
        return self.tasks
```

This provides the core functionality you requested. Would you like me to add any additional features?"
CD085,3,user,Add task completion status
CD085,4,assistant,"I've updated the code to include add task completion status:

```python
class TodoList:
    def __init__(self):
        self.tasks = []
    
    def add_task(self, task):
        self.tasks.append({'task': task, 'completed': False})
    
    def complete_task(self, task_name):
        for task in self.tasks:
            if task['task'] == task_name:
                task['completed'] = True
                break
    
    def list_tasks(self, show_completed=True):
        if show_completed:
            return self.tasks
        return [task for task in self.tasks if not task['completed']]
```

The code now has enhanced functionality. Is there anything else you'd like me to add or modify?"
CD085,5,user,Add priority levels for tasks
CD085,6,assistant,"I've updated the code to include add priority levels for tasks:

```python
class TodoList:
    def __init__(self):
        self.tasks = []
    
    def add_task(self, task, priority='medium'):
        self.tasks.append({
            'task': task, 
            'completed': False, 
            'priority': priority
        })
    
    def complete_task(self, task_name):
        for task in self.tasks:
            if task['task'] == task_name:
                task['completed'] = True
                break
    
    def list_tasks(self, show_completed=True, priority=None):
        filtered_tasks = self.tasks
        
        if not show_completed:
            filtered_tasks = [task for task in filtered_tasks if not task['completed']]
        
        if priority:
            filtered_tasks = [task for task in filtered_tasks if task['priority'] == priority]
        
        return sorted(filtered_tasks, key=lambda x: {'high': 3, 'medium': 2, 'low': 1}[x['priority']], reverse=True)
```

The code now has enhanced functionality. Is there anything else you'd like me to add or modify?"
CD086,1,user,Create a simple to-do list class
CD086,2,assistant,"Here's a basic implementation:

```python
class TodoList:
    def __init__(self):
        self.tasks = []
    
    def add_task(self, task):
        self.tasks.append(task)
    
    def remove_task(self, task):
        if task in self.tasks:
            self.tasks.remove(task)
    
    def list_tasks(self):
        return self.tasks
```

This provides the core functionality you requested. Would you like me to add any additional features?"
CD086,3,user,Add task completion status
CD086,4,assistant,"I've updated the code to include add task completion status:

```python
class TodoList:
    def __init__(self):
        self.tasks = []
    
    def add_task(self, task):
        self.tasks.append({'task': task, 'completed': False})
    
    def complete_task(self, task_name):
        for task in self.tasks:
            if task['task'] == task_name:
                task['completed'] = True
                break
    
    def list_tasks(self, show_completed=True):
        if show_completed:
            return self.tasks
        return [task for task in self.tasks if not task['completed']]
```

The code now has enhanced functionality. Is there anything else you'd like me to add or modify?"
CD086,5,user,Add priority levels for tasks
CD086,6,assistant,"I've updated the code to include add priority levels for tasks:

```python
class TodoList:
    def __init__(self):
        self.tasks = []
    
    def add_task(self, task, priority='medium'):
        self.tasks.append({
            'task': task, 
            'completed': False, 
            'priority': priority
        })
    
    def complete_task(self, task_name):
        for task in self.tasks:
            if task['task'] == task_name:
                task['completed'] = True
                break
    
    def list_tasks(self, show_completed=True, priority=None):
        filtered_tasks = self.tasks
        
        if not show_completed:
            filtered_tasks = [task for task in filtered_tasks if not task['completed']]
        
        if priority:
            filtered_tasks = [task for task in filtered_tasks if task['priority'] == priority]
        
        return sorted(filtered_tasks, key=lambda x: {'high': 3, 'medium': 2, 'low': 1}[x['priority']], reverse=True)
```

The code now has enhanced functionality. Is there anything else you'd like me to add or modify?"
CD087,1,user,Create a simple to-do list class
CD087,2,assistant,"Here's a basic implementation:

```python
class TodoList:
    def __init__(self):
        self.tasks = []
    
    def add_task(self, task):
        self.tasks.append(task)
    
    def remove_task(self, task):
        if task in self.tasks:
            self.tasks.remove(task)
    
    def list_tasks(self):
        return self.tasks
```

This provides the core functionality you requested. Would you like me to add any additional features?"
CD087,3,user,Add task completion status
CD087,4,assistant,"I've updated the code to include add task completion status:

```python
class TodoList:
    def __init__(self):
        self.tasks = []
    
    def add_task(self, task):
        self.tasks.append({'task': task, 'completed': False})
    
    def complete_task(self, task_name):
        for task in self.tasks:
            if task['task'] == task_name:
                task['completed'] = True
                break
    
    def list_tasks(self, show_completed=True):
        if show_completed:
            return self.tasks
        return [task for task in self.tasks if not task['completed']]
```

The code now has enhanced functionality. Is there anything else you'd like me to add or modify?"
CD087,5,user,Add priority levels for tasks
CD087,6,assistant,"I've updated the code to include add priority levels for tasks:

```python
class TodoList:
    def __init__(self):
        self.tasks = []
    
    def add_task(self, task, priority='medium'):
        self.tasks.append({
            'task': task, 
            'completed': False, 
            'priority': priority
        })
    
    def complete_task(self, task_name):
        for task in self.tasks:
            if task['task'] == task_name:
                task['completed'] = True
                break
    
    def list_tasks(self, show_completed=True, priority=None):
        filtered_tasks = self.tasks
        
        if not show_completed:
            filtered_tasks = [task for task in filtered_tasks if not task['completed']]
        
        if priority:
            filtered_tasks = [task for task in filtered_tasks if task['priority'] == priority]
        
        return sorted(filtered_tasks, key=lambda x: {'high': 3, 'medium': 2, 'low': 1}[x['priority']], reverse=True)
```

The code now has enhanced functionality. Is there anything else you'd like me to add or modify?"
CD088,1,user,Create a simple to-do list class
CD088,2,assistant,"Here's a basic implementation:

```python
class TodoList:
    def __init__(self):
        self.tasks = []
    
    def add_task(self, task):
        self.tasks.append(task)
    
    def remove_task(self, task):
        if task in self.tasks:
            self.tasks.remove(task)
    
    def list_tasks(self):
        return self.tasks
```

This provides the core functionality you requested. Would you like me to add any additional features?"
CD088,3,user,Add task completion status
CD088,4,assistant,"I've updated the code to include add task completion status:

```python
class TodoList:
    def __init__(self):
        self.tasks = []
    
    def add_task(self, task):
        self.tasks.append({'task': task, 'completed': False})
    
    def complete_task(self, task_name):
        for task in self.tasks:
            if task['task'] == task_name:
                task['completed'] = True
                break
    
    def list_tasks(self, show_completed=True):
        if show_completed:
            return self.tasks
        return [task for task in self.tasks if not task['completed']]
```

The code now has enhanced functionality. Is there anything else you'd like me to add or modify?"
CD088,5,user,Add priority levels for tasks
CD088,6,assistant,"I've updated the code to include add priority levels for tasks:

```python
class TodoList:
    def __init__(self):
        self.tasks = []
    
    def add_task(self, task, priority='medium'):
        self.tasks.append({
            'task': task, 
            'completed': False, 
            'priority': priority
        })
    
    def complete_task(self, task_name):
        for task in self.tasks:
            if task['task'] == task_name:
                task['completed'] = True
                break
    
    def list_tasks(self, show_completed=True, priority=None):
        filtered_tasks = self.tasks
        
        if not show_completed:
            filtered_tasks = [task for task in filtered_tasks if not task['completed']]
        
        if priority:
            filtered_tasks = [task for task in filtered_tasks if task['priority'] == priority]
        
        return sorted(filtered_tasks, key=lambda x: {'high': 3, 'medium': 2, 'low': 1}[x['priority']], reverse=True)
```

The code now has enhanced functionality. Is there anything else you'd like me to add or modify?"
CD089,1,user,Create a simple to-do list class
CD089,2,assistant,"Here's a basic implementation:

```python
class TodoList:
    def __init__(self):
        self.tasks = []
    
    def add_task(self, task):
        self.tasks.append(task)
    
    def remove_task(self, task):
        if task in self.tasks:
            self.tasks.remove(task)
    
    def list_tasks(self):
        return self.tasks
```

This provides the core functionality you requested. Would you like me to add any additional features?"
CD089,3,user,Add task completion status
CD089,4,assistant,"I've updated the code to include add task completion status:

```python
class TodoList:
    def __init__(self):
        self.tasks = []
    
    def add_task(self, task):
        self.tasks.append({'task': task, 'completed': False})
    
    def complete_task(self, task_name):
        for task in self.tasks:
            if task['task'] == task_name:
                task['completed'] = True
                break
    
    def list_tasks(self, show_completed=True):
        if show_completed:
            return self.tasks
        return [task for task in self.tasks if not task['completed']]
```

The code now has enhanced functionality. Is there anything else you'd like me to add or modify?"
CD089,5,user,Add priority levels for tasks
CD089,6,assistant,"I've updated the code to include add priority levels for tasks:

```python
class TodoList:
    def __init__(self):
        self.tasks = []
    
    def add_task(self, task, priority='medium'):
        self.tasks.append({
            'task': task, 
            'completed': False, 
            'priority': priority
        })
    
    def complete_task(self, task_name):
        for task in self.tasks:
            if task['task'] == task_name:
                task['completed'] = True
                break
    
    def list_tasks(self, show_completed=True, priority=None):
        filtered_tasks = self.tasks
        
        if not show_completed:
            filtered_tasks = [task for task in filtered_tasks if not task['completed']]
        
        if priority:
            filtered_tasks = [task for task in filtered_tasks if task['priority'] == priority]
        
        return sorted(filtered_tasks, key=lambda x: {'high': 3, 'medium': 2, 'low': 1}[x['priority']], reverse=True)
```

The code now has enhanced functionality. Is there anything else you'd like me to add or modify?"
CD090,1,user,Create a simple to-do list class
CD090,2,assistant,"Here's a basic implementation:

```python
class TodoList:
    def __init__(self):
        self.tasks = []
    
    def add_task(self, task):
        self.tasks.append(task)
    
    def remove_task(self, task):
        if task in self.tasks:
            self.tasks.remove(task)
    
    def list_tasks(self):
        return self.tasks
```

This provides the core functionality you requested. Would you like me to add any additional features?"
CD090,3,user,Add task completion status
CD090,4,assistant,"I've updated the code to include add task completion status:

```python
class TodoList:
    def __init__(self):
        self.tasks = []
    
    def add_task(self, task):
        self.tasks.append({'task': task, 'completed': False})
    
    def complete_task(self, task_name):
        for task in self.tasks:
            if task['task'] == task_name:
                task['completed'] = True
                break
    
    def list_tasks(self, show_completed=True):
        if show_completed:
            return self.tasks
        return [task for task in self.tasks if not task['completed']]
```

The code now has enhanced functionality. Is there anything else you'd like me to add or modify?"
CD090,5,user,Add priority levels for tasks
CD090,6,assistant,"I've updated the code to include add priority levels for tasks:

```python
class TodoList:
    def __init__(self):
        self.tasks = []
    
    def add_task(self, task, priority='medium'):
        self.tasks.append({
            'task': task, 
            'completed': False, 
            'priority': priority
        })
    
    def complete_task(self, task_name):
        for task in self.tasks:
            if task['task'] == task_name:
                task['completed'] = True
                break
    
    def list_tasks(self, show_completed=True, priority=None):
        filtered_tasks = self.tasks
        
        if not show_completed:
            filtered_tasks = [task for task in filtered_tasks if not task['completed']]
        
        if priority:
            filtered_tasks = [task for task in filtered_tasks if task['priority'] == priority]
        
        return sorted(filtered_tasks, key=lambda x: {'high': 3, 'medium': 2, 'low': 1}[x['priority']], reverse=True)
```

The code now has enhanced functionality. Is there anything else you'd like me to add or modify?"
CD091,1,user,Create a simple to-do list class
CD091,2,assistant,"Here's a basic implementation:

```python
class TodoList:
    def __init__(self):
        self.tasks = []
    
    def add_task(self, task):
        self.tasks.append(task)
    
    def remove_task(self, task):
        if task in self.tasks:
            self.tasks.remove(task)
    
    def list_tasks(self):
        return self.tasks
```

This provides the core functionality you requested. Would you like me to add any additional features?"
CD091,3,user,Add task completion status
CD091,4,assistant,"I've updated the code to include add task completion status:

```python
class TodoList:
    def __init__(self):
        self.tasks = []
    
    def add_task(self, task):
        self.tasks.append({'task': task, 'completed': False})
    
    def complete_task(self, task_name):
        for task in self.tasks:
            if task['task'] == task_name:
                task['completed'] = True
                break
    
    def list_tasks(self, show_completed=True):
        if show_completed:
            return self.tasks
        return [task for task in self.tasks if not task['completed']]
```

The code now has enhanced functionality. Is there anything else you'd like me to add or modify?"
CD091,5,user,Add priority levels for tasks
CD091,6,assistant,"I've updated the code to include add priority levels for tasks:

```python
class TodoList:
    def __init__(self):
        self.tasks = []
    
    def add_task(self, task, priority='medium'):
        self.tasks.append({
            'task': task, 
            'completed': False, 
            'priority': priority
        })
    
    def complete_task(self, task_name):
        for task in self.tasks:
            if task['task'] == task_name:
                task['completed'] = True
                break
    
    def list_tasks(self, show_completed=True, priority=None):
        filtered_tasks = self.tasks
        
        if not show_completed:
            filtered_tasks = [task for task in filtered_tasks if not task['completed']]
        
        if priority:
            filtered_tasks = [task for task in filtered_tasks if task['priority'] == priority]
        
        return sorted(filtered_tasks, key=lambda x: {'high': 3, 'medium': 2, 'low': 1}[x['priority']], reverse=True)
```

The code now has enhanced functionality. Is there anything else you'd like me to add or modify?"
CD092,1,user,Create a simple weather data class
CD092,2,assistant,"Here's a basic implementation:

```python
class WeatherData:
    def __init__(self, temperature, humidity):
        self.temperature = temperature
        self.humidity = humidity
    
    def get_temperature(self):
        return self.temperature
    
    def get_humidity(self):
        return self.humidity
```

This provides the core functionality you requested. Would you like me to add any additional features?"
CD092,3,user,Add weather conditions and wind speed
CD092,4,assistant,"I've updated the code to include add weather conditions and wind speed:

```python
class WeatherData:
    def __init__(self, temperature, humidity, condition='clear', wind_speed=0):
        self.temperature = temperature
        self.humidity = humidity
        self.condition = condition
        self.wind_speed = wind_speed
    
    def get_temperature(self):
        return self.temperature
    
    def get_humidity(self):
        return self.humidity
    
    def get_condition(self):
        return self.condition
    
    def get_wind_speed(self):
        return self.wind_speed
    
    def get_summary(self):
        return f'Temperature: {self.temperature}°C, Humidity: {self.humidity}%, Condition: {self.condition}, Wind: {self.wind_speed} km/h'
```

The code now has enhanced functionality. Is there anything else you'd like me to add or modify?"
CD092,5,user,Add temperature conversion methods
CD092,6,assistant,"I've updated the code to include add temperature conversion methods:

```python
class WeatherData:
    def __init__(self, temperature, humidity, condition='clear', wind_speed=0, temp_unit='C'):
        self.temperature = temperature
        self.humidity = humidity
        self.condition = condition
        self.wind_speed = wind_speed
        self.temp_unit = temp_unit
    
    def get_temperature(self, unit=None):
        if unit is None:
            unit = self.temp_unit
        
        if self.temp_unit == 'C' and unit == 'F':
            return (self.temperature * 9/5) + 32
        elif self.temp_unit == 'F' and unit == 'C':
            return (self.temperature - 32) * 5/9
        else:
            return self.temperature
    
    def get_humidity(self):
        return self.humidity
    
    def get_condition(self):
        return self.condition
    
    def get_wind_speed(self):
        return self.wind_speed
    
    def get_summary(self, temp_unit=None):
        temp = self.get_temperature(temp_unit or self.temp_unit)
        unit_symbol = temp_unit or self.temp_unit
        return f'Temperature: {temp:.1f}°{unit_symbol}, Humidity: {self.humidity}%, Condition: {self.condition}, Wind: {self.wind_speed} km/h'
```

The code now has enhanced functionality. Is there anything else you'd like me to add or modify?"
CD093,1,user,Create a simple to-do list class
CD093,2,assistant,"Here's a basic implementation:

```python
class TodoList:
    def __init__(self):
        self.tasks = []
    
    def add_task(self, task):
        self.tasks.append(task)
    
    def remove_task(self, task):
        if task in self.tasks:
            self.tasks.remove(task)
    
    def list_tasks(self):
        return self.tasks
```

This provides the core functionality you requested. Would you like me to add any additional features?"
CD093,3,user,Add task completion status
CD093,4,assistant,"I've updated the code to include add task completion status:

```python
class TodoList:
    def __init__(self):
        self.tasks = []
    
    def add_task(self, task):
        self.tasks.append({'task': task, 'completed': False})
    
    def complete_task(self, task_name):
        for task in self.tasks:
            if task['task'] == task_name:
                task['completed'] = True
                break
    
    def list_tasks(self, show_completed=True):
        if show_completed:
            return self.tasks
        return [task for task in self.tasks if not task['completed']]
```

The code now has enhanced functionality. Is there anything else you'd like me to add or modify?"
CD093,5,user,Add priority levels for tasks
CD093,6,assistant,"I've updated the code to include add priority levels for tasks:

```python
class TodoList:
    def __init__(self):
        self.tasks = []
    
    def add_task(self, task, priority='medium'):
        self.tasks.append({
            'task': task, 
            'completed': False, 
            'priority': priority
        })
    
    def complete_task(self, task_name):
        for task in self.tasks:
            if task['task'] == task_name:
                task['completed'] = True
                break
    
    def list_tasks(self, show_completed=True, priority=None):
        filtered_tasks = self.tasks
        
        if not show_completed:
            filtered_tasks = [task for task in filtered_tasks if not task['completed']]
        
        if priority:
            filtered_tasks = [task for task in filtered_tasks if task['priority'] == priority]
        
        return sorted(filtered_tasks, key=lambda x: {'high': 3, 'medium': 2, 'low': 1}[x['priority']], reverse=True)
```

The code now has enhanced functionality. Is there anything else you'd like me to add or modify?"
CD094,1,user,Create a simple to-do list class
CD094,2,assistant,"Here's a basic implementation:

```python
class TodoList:
    def __init__(self):
        self.tasks = []
    
    def add_task(self, task):
        self.tasks.append(task)
    
    def remove_task(self, task):
        if task in self.tasks:
            self.tasks.remove(task)
    
    def list_tasks(self):
        return self.tasks
```

This provides the core functionality you requested. Would you like me to add any additional features?"
CD094,3,user,Add task completion status
CD094,4,assistant,"I've updated the code to include add task completion status:

```python
class TodoList:
    def __init__(self):
        self.tasks = []
    
    def add_task(self, task):
        self.tasks.append({'task': task, 'completed': False})
    
    def complete_task(self, task_name):
        for task in self.tasks:
            if task['task'] == task_name:
                task['completed'] = True
                break
    
    def list_tasks(self, show_completed=True):
        if show_completed:
            return self.tasks
        return [task for task in self.tasks if not task['completed']]
```

The code now has enhanced functionality. Is there anything else you'd like me to add or modify?"
CD094,5,user,Add priority levels for tasks
CD094,6,assistant,"I've updated the code to include add priority levels for tasks:

```python
class TodoList:
    def __init__(self):
        self.tasks = []
    
    def add_task(self, task, priority='medium'):
        self.tasks.append({
            'task': task, 
            'completed': False, 
            'priority': priority
        })
    
    def complete_task(self, task_name):
        for task in self.tasks:
            if task['task'] == task_name:
                task['completed'] = True
                break
    
    def list_tasks(self, show_completed=True, priority=None):
        filtered_tasks = self.tasks
        
        if not show_completed:
            filtered_tasks = [task for task in filtered_tasks if not task['completed']]
        
        if priority:
            filtered_tasks = [task for task in filtered_tasks if task['priority'] == priority]
        
        return sorted(filtered_tasks, key=lambda x: {'high': 3, 'medium': 2, 'low': 1}[x['priority']], reverse=True)
```

The code now has enhanced functionality. Is there anything else you'd like me to add or modify?"
CD095,1,user,Create a simple to-do list class
CD095,2,assistant,"Here's a basic implementation:

```python
class TodoList:
    def __init__(self):
        self.tasks = []
    
    def add_task(self, task):
        self.tasks.append(task)
    
    def remove_task(self, task):
        if task in self.tasks:
            self.tasks.remove(task)
    
    def list_tasks(self):
        return self.tasks
```

This provides the core functionality you requested. Would you like me to add any additional features?"
CD095,3,user,Add task completion status
CD095,4,assistant,"I've updated the code to include add task completion status:

```python
class TodoList:
    def __init__(self):
        self.tasks = []
    
    def add_task(self, task):
        self.tasks.append({'task': task, 'completed': False})
    
    def complete_task(self, task_name):
        for task in self.tasks:
            if task['task'] == task_name:
                task['completed'] = True
                break
    
    def list_tasks(self, show_completed=True):
        if show_completed:
            return self.tasks
        return [task for task in self.tasks if not task['completed']]
```

The code now has enhanced functionality. Is there anything else you'd like me to add or modify?"
CD095,5,user,Add priority levels for tasks
CD095,6,assistant,"I've updated the code to include add priority levels for tasks:

```python
class TodoList:
    def __init__(self):
        self.tasks = []
    
    def add_task(self, task, priority='medium'):
        self.tasks.append({
            'task': task, 
            'completed': False, 
            'priority': priority
        })
    
    def complete_task(self, task_name):
        for task in self.tasks:
            if task['task'] == task_name:
                task['completed'] = True
                break
    
    def list_tasks(self, show_completed=True, priority=None):
        filtered_tasks = self.tasks
        
        if not show_completed:
            filtered_tasks = [task for task in filtered_tasks if not task['completed']]
        
        if priority:
            filtered_tasks = [task for task in filtered_tasks if task['priority'] == priority]
        
        return sorted(filtered_tasks, key=lambda x: {'high': 3, 'medium': 2, 'low': 1}[x['priority']], reverse=True)
```

The code now has enhanced functionality. Is there anything else you'd like me to add or modify?"
CD096,1,user,Create a simple to-do list class
CD096,2,assistant,"Here's a basic implementation:

```python
class TodoList:
    def __init__(self):
        self.tasks = []
    
    def add_task(self, task):
        self.tasks.append(task)
    
    def remove_task(self, task):
        if task in self.tasks:
            self.tasks.remove(task)
    
    def list_tasks(self):
        return self.tasks
```

This provides the core functionality you requested. Would you like me to add any additional features?"
CD096,3,user,Add task completion status
CD096,4,assistant,"I've updated the code to include add task completion status:

```python
class TodoList:
    def __init__(self):
        self.tasks = []
    
    def add_task(self, task):
        self.tasks.append({'task': task, 'completed': False})
    
    def complete_task(self, task_name):
        for task in self.tasks:
            if task['task'] == task_name:
                task['completed'] = True
                break
    
    def list_tasks(self, show_completed=True):
        if show_completed:
            return self.tasks
        return [task for task in self.tasks if not task['completed']]
```

The code now has enhanced functionality. Is there anything else you'd like me to add or modify?"
CD096,5,user,Add priority levels for tasks
CD096,6,assistant,"I've updated the code to include add priority levels for tasks:

```python
class TodoList:
    def __init__(self):
        self.tasks = []
    
    def add_task(self, task, priority='medium'):
        self.tasks.append({
            'task': task, 
            'completed': False, 
            'priority': priority
        })
    
    def complete_task(self, task_name):
        for task in self.tasks:
            if task['task'] == task_name:
                task['completed'] = True
                break
    
    def list_tasks(self, show_completed=True, priority=None):
        filtered_tasks = self.tasks
        
        if not show_completed:
            filtered_tasks = [task for task in filtered_tasks if not task['completed']]
        
        if priority:
            filtered_tasks = [task for task in filtered_tasks if task['priority'] == priority]
        
        return sorted(filtered_tasks, key=lambda x: {'high': 3, 'medium': 2, 'low': 1}[x['priority']], reverse=True)
```

The code now has enhanced functionality. Is there anything else you'd like me to add or modify?"
CD097,1,user,Create a simple to-do list class
CD097,2,assistant,"Here's a basic implementation:

```python
class TodoList:
    def __init__(self):
        self.tasks = []
    
    def add_task(self, task):
        self.tasks.append(task)
    
    def remove_task(self, task):
        if task in self.tasks:
            self.tasks.remove(task)
    
    def list_tasks(self):
        return self.tasks
```

This provides the core functionality you requested. Would you like me to add any additional features?"
CD097,3,user,Add task completion status
CD097,4,assistant,"I've updated the code to include add task completion status:

```python
class TodoList:
    def __init__(self):
        self.tasks = []
    
    def add_task(self, task):
        self.tasks.append({'task': task, 'completed': False})
    
    def complete_task(self, task_name):
        for task in self.tasks:
            if task['task'] == task_name:
                task['completed'] = True
                break
    
    def list_tasks(self, show_completed=True):
        if show_completed:
            return self.tasks
        return [task for task in self.tasks if not task['completed']]
```

The code now has enhanced functionality. Is there anything else you'd like me to add or modify?"
CD097,5,user,Add priority levels for tasks
CD097,6,assistant,"I've updated the code to include add priority levels for tasks:

```python
class TodoList:
    def __init__(self):
        self.tasks = []
    
    def add_task(self, task, priority='medium'):
        self.tasks.append({
            'task': task, 
            'completed': False, 
            'priority': priority
        })
    
    def complete_task(self, task_name):
        for task in self.tasks:
            if task['task'] == task_name:
                task['completed'] = True
                break
    
    def list_tasks(self, show_completed=True, priority=None):
        filtered_tasks = self.tasks
        
        if not show_completed:
            filtered_tasks = [task for task in filtered_tasks if not task['completed']]
        
        if priority:
            filtered_tasks = [task for task in filtered_tasks if task['priority'] == priority]
        
        return sorted(filtered_tasks, key=lambda x: {'high': 3, 'medium': 2, 'low': 1}[x['priority']], reverse=True)
```

The code now has enhanced functionality. Is there anything else you'd like me to add or modify?"
CD098,1,user,Create a simple to-do list class
CD098,2,assistant,"Here's a basic implementation:

```python
class TodoList:
    def __init__(self):
        self.tasks = []
    
    def add_task(self, task):
        self.tasks.append(task)
    
    def remove_task(self, task):
        if task in self.tasks:
            self.tasks.remove(task)
    
    def list_tasks(self):
        return self.tasks
```

This provides the core functionality you requested. Would you like me to add any additional features?"
CD098,3,user,Add task completion status
CD098,4,assistant,"I've updated the code to include add task completion status:

```python
class TodoList:
    def __init__(self):
        self.tasks = []
    
    def add_task(self, task):
        self.tasks.append({'task': task, 'completed': False})
    
    def complete_task(self, task_name):
        for task in self.tasks:
            if task['task'] == task_name:
                task['completed'] = True
                break
    
    def list_tasks(self, show_completed=True):
        if show_completed:
            return self.tasks
        return [task for task in self.tasks if not task['completed']]
```

The code now has enhanced functionality. Is there anything else you'd like me to add or modify?"
CD098,5,user,Add priority levels for tasks
CD098,6,assistant,"I've updated the code to include add priority levels for tasks:

```python
class TodoList:
    def __init__(self):
        self.tasks = []
    
    def add_task(self, task, priority='medium'):
        self.tasks.append({
            'task': task, 
            'completed': False, 
            'priority': priority
        })
    
    def complete_task(self, task_name):
        for task in self.tasks:
            if task['task'] == task_name:
                task['completed'] = True
                break
    
    def list_tasks(self, show_completed=True, priority=None):
        filtered_tasks = self.tasks
        
        if not show_completed:
            filtered_tasks = [task for task in filtered_tasks if not task['completed']]
        
        if priority:
            filtered_tasks = [task for task in filtered_tasks if task['priority'] == priority]
        
        return sorted(filtered_tasks, key=lambda x: {'high': 3, 'medium': 2, 'low': 1}[x['priority']], reverse=True)
```

The code now has enhanced functionality. Is there anything else you'd like me to add or modify?"
CD099,1,user,Create a simple to-do list class
CD099,2,assistant,"Here's a basic implementation:

```python
class TodoList:
    def __init__(self):
        self.tasks = []
    
    def add_task(self, task):
        self.tasks.append(task)
    
    def remove_task(self, task):
        if task in self.tasks:
            self.tasks.remove(task)
    
    def list_tasks(self):
        return self.tasks
```

This provides the core functionality you requested. Would you like me to add any additional features?"
CD099,3,user,Add task completion status
CD099,4,assistant,"I've updated the code to include add task completion status:

```python
class TodoList:
    def __init__(self):
        self.tasks = []
    
    def add_task(self, task):
        self.tasks.append({'task': task, 'completed': False})
    
    def complete_task(self, task_name):
        for task in self.tasks:
            if task['task'] == task_name:
                task['completed'] = True
                break
    
    def list_tasks(self, show_completed=True):
        if show_completed:
            return self.tasks
        return [task for task in self.tasks if not task['completed']]
```

The code now has enhanced functionality. Is there anything else you'd like me to add or modify?"
CD099,5,user,Add priority levels for tasks
CD099,6,assistant,"I've updated the code to include add priority levels for tasks:

```python
class TodoList:
    def __init__(self):
        self.tasks = []
    
    def add_task(self, task, priority='medium'):
        self.tasks.append({
            'task': task, 
            'completed': False, 
            'priority': priority
        })
    
    def complete_task(self, task_name):
        for task in self.tasks:
            if task['task'] == task_name:
                task['completed'] = True
                break
    
    def list_tasks(self, show_completed=True, priority=None):
        filtered_tasks = self.tasks
        
        if not show_completed:
            filtered_tasks = [task for task in filtered_tasks if not task['completed']]
        
        if priority:
            filtered_tasks = [task for task in filtered_tasks if task['priority'] == priority]
        
        return sorted(filtered_tasks, key=lambda x: {'high': 3, 'medium': 2, 'low': 1}[x['priority']], reverse=True)
```

The code now has enhanced functionality. Is there anything else you'd like me to add or modify?"
CD100,1,user,Create a simple to-do list class
CD100,2,assistant,"Here's a basic implementation:

```python
class TodoList:
    def __init__(self):
        self.tasks = []
    
    def add_task(self, task):
        self.tasks.append(task)
    
    def remove_task(self, task):
        if task in self.tasks:
            self.tasks.remove(task)
    
    def list_tasks(self):
        return self.tasks
```

This provides the core functionality you requested. Would you like me to add any additional features?"
CD100,3,user,Add task completion status
CD100,4,assistant,"I've updated the code to include add task completion status:

```python
class TodoList:
    def __init__(self):
        self.tasks = []
    
    def add_task(self, task):
        self.tasks.append({'task': task, 'completed': False})
    
    def complete_task(self, task_name):
        for task in self.tasks:
            if task['task'] == task_name:
                task['completed'] = True
                break
    
    def list_tasks(self, show_completed=True):
        if show_completed:
            return self.tasks
        return [task for task in self.tasks if not task['completed']]
```

The code now has enhanced functionality. Is there anything else you'd like me to add or modify?"
CD100,5,user,Add priority levels for tasks
CD100,6,assistant,"I've updated the code to include add priority levels for tasks:

```python
class TodoList:
    def __init__(self):
        self.tasks = []
    
    def add_task(self, task, priority='medium'):
        self.tasks.append({
            'task': task, 
            'completed': False, 
            'priority': priority
        })
    
    def complete_task(self, task_name):
        for task in self.tasks:
            if task['task'] == task_name:
                task['completed'] = True
                break
    
    def list_tasks(self, show_completed=True, priority=None):
        filtered_tasks = self.tasks
        
        if not show_completed:
            filtered_tasks = [task for task in filtered_tasks if not task['completed']]
        
        if priority:
            filtered_tasks = [task for task in filtered_tasks if task['priority'] == priority]
        
        return sorted(filtered_tasks, key=lambda x: {'high': 3, 'medium': 2, 'low': 1}[x['priority']], reverse=True)
```

The code now has enhanced functionality. Is there anything else you'd like me to add or modify?"
