conversation_id,turn_index,role,message
CD001,1,user,"I have a Python FastAPI service that intermittently returns 500s under load. Context: \n• Python 3.11, FastAPI 0.110, Uvicorn workers=4\n• Async endpoints hitting Postgres (psycopg 3) and Redis (aioredis)\n• p99 latency spikes to 4–6s, CPU ~55%, RAM OK, DB CPU 30%\n• Error sample: 'RuntimeError: Task <Task pending name=\"Task-1893\" coro=<RequestResponseCycle.run_asgi()>> got Future <Future pending> attached to a different loop'\n• Connection pool: asyncpg min_size=5, max_size=10\n• We also see occasional 'Too many open files' in logs\nPlease help me diagnose and propose concrete fixes."
CD001,2,assistant,"Thanks for the details. The cross-event-loop Future error implies objects (e.g., DB/Redis clients) bound to one loop are used in another. With multiple Uvicorn workers, global singletons can be created per-process but must be per-event loop if using lifespan events improperly. I'll suggest a corrected app structure and ops fixes."
CD001,3,user,"We currently create the DB and Redis clients at import time in a module-level singleton. Is that bad?"
CD001,4,assistant,"Yes. Creating event-loop-bound clients at import time risks binding to an event loop that differs from the one handling requests, especially under reload/worker models. Prefer creating them in FastAPI lifespan or startup events, and store them in app.state, then acquire per-request sessions from pools."
CD001,5,user,"Here's a simplified snippet:\n\nfrom fastapi import FastAPI\nimport asyncpg, aioredis\n\napp = FastAPI()\nredis = aioredis.from_url(\"redis://localhost:6379\")\nasync def get_db():\n    return await asyncpg.create_pool(dsn=DB_DSN)\n\n@app.get('/items/{id}')\nasync def get_item(id: str):\n    pool = await get_db()\n    async with pool.acquire() as conn:\n        row = await conn.fetchrow('select * from items where id=$1', id)\n    val = await redis.get(f'item:{id}')\n    return { 'db': dict(row) if row else None, 'cache': val }"
CD001,6,assistant,"Issues:\n1) Creating a new DB pool on every request is expensive; pools should be long-lived.\n2) The Redis client created at import time may bind to the wrong loop.\n3) Missing timeouts and backpressure.\n4) Potential file descriptor leak if pools not closed.\n\nProposed structure (lifespan-managed):\n\n```python\nfrom fastapi import FastAPI, Depends\nfrom contextlib import asynccontextmanager\nimport asyncpg, redis.asyncio as aioredis\nimport os\n\nDB_DSN = os.getenv('DB_DSN')\nREDIS_URL = os.getenv('REDIS_URL', 'redis://localhost:6379')\n\n@asynccontextmanager\nasync def lifespan(app: FastAPI):\n    app.state.db_pool = await asyncpg.create_pool(dsn=DB_DSN, min_size=10, max_size=40, timeout=10)\n    app.state.redis = aioredis.from_url(REDIS_URL, encoding='utf-8', decode_responses=True)\n    try:\n        yield\n    finally:\n        await app.state.db_pool.close()\n        await app.state.redis.close()\n\napp = FastAPI(lifespan=lifespan)\n\nasync def get_db_pool(request):\n    return request.app.state.db_pool\n\nasync def get_redis(request):\n    return request.app.state.redis\n\n@app.get('/items/{id}')\nasync def get_item(id: str, db_pool=Depends(get_db_pool), r=Depends(get_redis)):\n    async with db_pool.acquire() as conn:\n        row = await conn.fetchrow('select * from items where id=$1', id)\n    cache = await r.get(f'item:{id}')\n    return {'db': dict(row) if row else None, 'cache': cache}\n```"
CD001,7,assistant,"Operational recommendations:\n• Configure Uvicorn/Gunicorn: prefer a single event loop per process with multiple workers, avoid --reload in prod.\n• Set OS ulimit (nofile) to a safe value (e.g., 65535) and tune Postgres/Redis max clients.\n• Add timeouts and circuit breakers (httpx/asyncpg timeouts, redis timeouts).\n• Pool sizing: start db_pool max_size≈(concurrency per worker * 2).\n• Observe with metrics: loop lag, pool utilization, awaitable time, error rates.\n• Use connection reuse and caching for hot paths; consider read replicas for heavy reads.\n• Load test with Locust/k6; verify p95/p99 and error rate under steady and burst loads."
CD001,8,user,"That makes sense. We'll migrate to lifespan-managed resources and raise ulimit. If issues persist, I'll share new logs. Thanks."

CD002,1,user,"We have a monorepo with Java (Spring Boot) and Node.js services. CI minutes exploded after we added integration tests. We want to cache Maven/Gradle and npm/yarn, run only affected tests per change, and parallelize stages efficiently on GitHub Actions. Please propose a workflow with matrix builds and dependency caching."
CD002,2,assistant,"Key ideas: (1) use actions/cache keyed by OS + lockfiles + path hashes; (2) detect affected modules with git diff and tools (e.g., Nx or custom script), (3) split jobs per language with a matrix over JDK versions/node versions if needed; (4) restore caches before installs; (5) persist test reports and coverage; (6) use concurrency groups to cancel superseded workflows."
CD002,3,user,"Our structure: /services/java/* and /services/node/*, root has package.json only for tooling. Java uses Maven with shared parent pom; Node services have individual package.json and lockfiles."
CD002,4,assistant,"Suggested workflow snippet (abridged):\n\n```yaml\nname: CI\n\non: [push, pull_request]\n\nconcurrency: ci-${{ github.ref }}\n\njobs:\n  detect-changes:\n    runs-on: ubuntu-latest\n    outputs:\n      java_changed: ${{ steps.set.outputs.java_changed }}\n      node_changed: ${{ steps.set.outputs.node_changed }}\n    steps:\n      - uses: actions/checkout@v4\n      - id: diff\n        run: |\n          git fetch --depth=2 origin ${{ github.base_ref || 'main' }}\n          git diff --name-only HEAD^1 | tee files.txt\n          echo "java=$(grep -E '^services/java/' -c files.txt)" >> $GITHUB_OUTPUT\n          echo "node=$(grep -E '^services/node/' -c files.txt)" >> $GITHUB_OUTPUT\n      - id: set\n        run: |\n          echo "java_changed=${{ steps.diff.outputs.java }}" >> $GITHUB_OUTPUT\n          echo "node_changed=${{ steps.diff.outputs.node }}" >> $GITHUB_OUTPUT\n\n  build-java:\n    needs: detect-changes\n    if: needs.detect-changes.outputs.java_changed != '0'\n    runs-on: ubuntu-latest\n    steps:\n      - uses: actions/checkout@v4\n      - name: Set up JDK\n        uses: actions/setup-java@v4\n        with:\n          distribution: temurin\n          java-version: '21'\n          cache: maven\n      - name: Build\n        run: mvn -B -q -pl services/java -am test\n\n  build-node:\n    needs: detect-changes\n    if: needs.detect-changes.outputs.node_changed != '0'\n    runs-on: ubuntu-latest\n    strategy:\n      matrix:\n        node: [18, 20]\n    steps:\n      - uses: actions/checkout@v4\n      - uses: actions/setup-node@v4\n        with:\n          node-version: ${{ matrix.node }}\n          cache: 'npm'\n          cache-dependency-path: '**/package-lock.json'\n      - name: Install and test\n        run: |\n          cd services/node\n          npm ci --workspaces\n          npm test --workspaces\n```\n"
CD002,5,user,"How do we only run tests for affected Node services?"
CD002,6,assistant,"Use a script to map changed files to workspaces and pass a list to npm. For example, detect changed dirs under services/node/* and run npm test --workspace=@scope/svc for each. Alternatively adopt Nx for affected graph-based runs."
CD002,7,user,"What about Gradle instead of Maven?"
CD002,8,assistant,"Switch cache: actions/setup-java with cache: gradle, use gradle-build-action@v3; key includes gradle-wrapper.properties and build.gradle hashes. Ensure --scan false for CI and parallel workers via --max-workers."

CD003,1,user,"We're migrating a data pipeline from pandas to PySpark for 300GB daily inputs. Current pandas job runs out of memory. We need guidance on schema design, partitioning, file formats, and avoiding skew."
CD003,2,assistant,"Recommendations: (1) define explicit schemas; (2) use columnar formats (Parquet) with snappy; (3) partition by date (dt) and high-cardinality keys carefully; (4) avoid wide shuffles; (5) use broadcast joins for small dimension tables; (6) salting keys to mitigate skew; (7) persist only where reused; (8) enable AQE; (9) monitor with Spark UI."
CD003,3,user,"We have a heavy join on user_id with a 5% skew (few users with millions of rows)."
CD003,4,assistant,"Apply salting: duplicate dimension keys with N salts, add random salt to fact side; or use skew join hints. Also consider bucketing on user_id with consistent number of buckets across tables to reduce shuffle."
CD003,5,user,"We also need to optimize S3 writes and small files."
CD003,6,assistant,"Coalesce/repartition to target file sizes (e.g., 128–256MB), enable dynamic partition pruning, and use output committer v2. Consider optimize jobs to compact small files post-write."
CD004,1,user,"We need to design a robust multi-tenant authorization system. Tenants (orgs), teams, hierarchical roles, resource-level ACLs for exceptions, and feature flags. Must work consistently across REST, GraphQL, and background jobs. Stack: Go services + Postgres + Redis. We also need auditable decisions and zero-downtime migrations."
CD004,2,assistant,"High-level: separate Policy Decision Point (PDP) from Policy Enforcement Point (PEP). PEPs live in each service (REST middleware, GraphQL directive, job guard). PDP evaluates policies (Rego or homegrown) against subject, action, resource, and context. Cache signed decision artifacts to keep latency down."
CD004,3,user,"How do we model grants to support org → team → user inheritance and resource exceptions?"
CD004,4,assistant,"Use three constructs: (1) role bundles (role → permissions[]), (2) grants at subject scope (org_id/team_id/user_id) with an optional domain scope (e.g., project_id), and (3) resource_acl to allow/deny explicit permissions on a resource. Resolution: explicit resource ACL overrides grants; otherwise resolve most specific grant (user > team > org)."
CD004,5,user,"Can you sketch a minimal schema?"
CD004,6,assistant,"Core DDL (abridged):\n\n```sql\ncreate table organizations (id uuid primary key, name text not null);\ncreate table teams (id uuid primary key, org_id uuid not null references organizations(id));\ncreate table users (id uuid primary key, email citext unique not null);\ncreate table memberships (user_id uuid references users(id), team_id uuid references teams(id), primary key(user_id, team_id));\n\ncreate table roles (id uuid primary key, key text unique not null);\ncreate table permissions (id uuid primary key, key text unique not null);\ncreate table role_permissions (role_id uuid references roles(id), perm_id uuid references permissions(id), primary key(role_id, perm_id));\n\n-- subject_type: 'org' | 'team' | 'user' ; scope_type: e.g., 'project'\ncreate table grants (\n  id uuid primary key,\n  subject_type text not null, subject_id uuid not null,\n  role_id uuid not null references roles(id),\n  scope_type text, scope_id uuid,\n  org_id uuid not null references organizations(id),\n  created_at timestamptz not null default now()\n);\n\ncreate table resources (\n  id uuid primary key,\n  type text not null,\n  owner_org uuid not null references organizations(id)\n);\n\ncreate table resource_acl (\n  resource_id uuid references resources(id),\n  subject_type text not null, subject_id uuid not null,\n  perm_key text not null,\n  effect text not null check (effect in ('allow','deny')),\n  primary key(resource_id, subject_type, subject_id, perm_key)\n);\n```\n""
CD004,7,user,"We want consistent enforcement in REST and GraphQL. What does PEP look like?"
CD004,8,assistant,"REST: a middleware extracts auth principal (user_id, org_id, teams), constructs (subject, action, resource), calls PDP, enforces allow/deny. GraphQL: a custom directive `@requires(perm: "project:read")` that resolves at field level using the same PDP client. Jobs: wrappers that check permission context before executing actions (e.g., bulk export)."
CD004,9,user,"How do we make PDP decisions fast and auditable?"
CD004,10,assistant,"PDP returns a signed decision token containing inputs, resolved grants, final verdict, and a policy version hash. PEPs verify the signature and cache by (subject_hash, action, resource_key, policy_version). Redis TTL ~30–120s with proactive invalidation on grant/role/ACL mutation. Audit logs store decision_id, verdict, and inputs."
CD004,11,user,"Show an example Rego-style rule for read/write on projects with ACL exceptions."
CD004,12,assistant,"A sketch (illustrative):\n\n```rego\npackage authz\n\nimport future.keywords.if\n\n# input: { subject: { user_id, org_id, team_ids }, action, resource: { type, id, org_id }, perms }\n\nallow if { deny == false; has_perm }\n\ndeny if { input.resource.type == "project"; \n          resource_acl_deny[input.resource.id][input.subject] }\n\nhas_perm if {\n  some p; p == input.action;\n  resolved_perms[input.subject][input.resource] [p] == true\n}\n```\nResolve `resolved_perms` server-side from grants and role_permissions; resource_acl_deny is a materialized map of explicit denies."
CD004,13,user,"What goes into the signed decision token, and how big is it?"
CD004,14,assistant,"JWT (ES256) with claims: `sub` (user_id), `org`, `act`, `res` (type/id), `v` (policy version), `verdict` (allow/deny), `exp` (short TTL), and `evidence` (optional summary of role_ids and grant scopes). Keep < 2–3 KB by summarizing evidence."
CD004,15,user,"How do we invalidate caches safely on changes?"
CD004,16,assistant,"Emit domain events on grants/roles/ACL updates: `authz.grant.changed`, `authz.acl.changed`. A small worker publishes invalidation keys to Redis channels. PEPs subscribe and evict matching keys. Also bump policy version when policy bundle changes."
CD004,17,user,"Feature flags need precedence rules (global, org, user). How to model?"
CD004,18,assistant,"Tables: `feature_flags(key, default_state)`, `flag_overrides(subject_type, subject_id, key, state)`. Resolution order: user override > org override > default. Expose PDP `isEnabled(key, subject)`; cache independently from permissions with its own TTL."
CD004,19,user,"What about zero-downtime migrations for introducing this system incrementally?"
CD004,20,assistant,"Phase 1: dual‑write grants alongside legacy roles; shadow PDP decisions without enforcing; record discrepancies. Phase 2: enforce allow for read‑only endpoints; Phase 3: enforce writes; Phase 4: remove legacy paths. DB migrations are additive: create new tables, backfill grants, add indexes, then switch code paths with flags."
CD004,21,user,"Show Go snippets for a PEP middleware and a GraphQL directive hook."
CD004,22,assistant,"REST (abridged):\n\n```go\ntype PDPClient interface {\n  Decide(ctx context.Context, in Input) (Decision, error)\n}\n\nfunc Authz(next http.Handler, pdp PDPClient) http.Handler {\n  return http.HandlerFunc(func(w http.ResponseWriter, r *http.Request) {\n    subj := subjectFromRequest(r)\n    act, res := actionFromRoute(r), resourceFromVars(r)\n    dec, err := pdp.Decide(r.Context(), Input{Subject: subj, Action: act, Resource: res})\n    if err != nil || !dec.Allow { http.Error(w, "forbidden", http.StatusForbidden); return }\n    ctx := context.WithValue(r.Context(), ctxDecision{}, dec)\n    next.ServeHTTP(w, r.WithContext(ctx))\n  })\n}\n```\nGraphQL (conceptual): a field middleware reads `@requires(perm: ...)`, builds input, calls PDP, and short‑circuits with an auth error if denied."
CD004,23,user,"What indexes and performance targets should we set?"
CD004,24,assistant,"Indexes: grants(subject_type, subject_id, org_id), role_permissions(role_id, perm_id), resource_acl(resource_id, subject_type, subject_id), resources(owner_org). Targets: PDP P50 < 5ms (warm cache), P95 < 20ms. Redis hit rate > 95%. Throughput 1–2k RPS per PDP instance; horizontal scale behind a load balancer."
CD004,25,user,"Testing and verification?"
CD004,26,assistant,"Unit tests for resolution and ACL precedence, contract tests for PDP API, integration tests across REST/GraphQL/jobs, and snapshot tests for policy bundles. Add a 'decision diff' shadow mode during rollout to detect regressions before enforcing."

CD005,1,user,"Hydration mismatch warnings after migrating to Next.js 14 (React 18). We use Server Components, dynamic imports, i18n routes, and A/B experiments. Need actual code fixes."
CD005,2,assistant,"Server‑deterministic experiments via cookie so SSR and CSR match:\n\n```ts
// middleware.ts
import { NextResponse } from 'next/server'
import type { NextRequest } from 'next/server'

export function middleware(req: NextRequest) {
  const res = NextResponse.next()
  let v = req.cookies.get('exp_home')?.value
  if (!v) {
    const key = req.headers.get('x-user-id') || req.ip || 'anon'
    const hash = Array.from(key).reduce((h, c) => (h * 31 + c.charCodeAt(0)) >>> 0, 0)
    v = hash % 2 === 0 ? 'A' : 'B'
    res.cookies.set('exp_home', v, { path: '/', httpOnly: false, sameSite: 'Lax' })
  }
  res.headers.set('x-exp-home', v)
  return res
}
```"
CD005,3,user,"How does the client get the same variant without re‑rolling?"
CD005,4,assistant,"Read cookie/header in the Server Component layout and expose via data attribute; client provider consumes it:\n\n```tsx
// app/layout.tsx (Server Component)
import { cookies, headers } from 'next/headers'

export default function RootLayout({ children }: { children: React.ReactNode }) {
  const exp = cookies().get('exp_home')?.value || headers().get('x-exp-home') || 'A'
  return (
    <html data-exp-home={exp}>
      <body>{children}</body>
    </html>
  )
}

// app/providers.tsx ('use client')
'use client'
import * as React from 'react'
export const ExpContext = React.createContext('A')
export function Providers({ children }: { children: React.ReactNode }) {
  const exp = React.useMemo(() => document.documentElement.dataset.expHome || 'A', [])
  return <ExpContext.Provider value={exp}>{children}</ExpContext.Provider>
}
```"
CD005,5,user,"Timezone and dynamic import cause mismatches too. Code?"
CD005,6,assistant,"Bootstrap timezone and keep SSR markup deterministic; guard browser‑only logic:\n\n```tsx
// app/layout.tsx (add inside <body>)
<script
  id='__tz'
  dangerouslySetInnerHTML={{ __html: 'window.__TZ__=Intl.DateTimeFormat().resolvedOptions().timeZone' }}
/>

// components/ClientOnly.tsx
'use client'
import * as React from 'react'
export function ClientOnly({ children }: { children: React.ReactNode }) {
  const [ready, setReady] = React.useState(false)
  React.useEffect(() => setReady(true), [])
  return ready ? <>{children}</> : null
}

// components/PageHero.tsx
import dynamic from 'next/dynamic'
const Hero = dynamic(() => import('./Hero'), { ssr: true, loading: () => <div className='skeleton' /> })

export function PageHero(props: { tsISO: string }) {
  return (
    <section>
      <time dateTime={props.tsISO}>{props.tsISO}</time>
      <ClientOnly>
        <PrettyTime iso={props.tsISO} tz={(window as any).__TZ__} />
      </ClientOnly>
      <Hero />
    </section>
  )
}
```"

CD006,1,user,"Kubernetes cost is climbing. We want to right-size workloads, adopt vertical/ horizontal autoscaling, and cut storage/network egress. Stack: EKS, Prometheus/Grafana, Karpenter, Istio."
CD006,2,assistant,"Kubernetes right-sizing with concrete manifests:\n\n```yaml
# HorizontalPodAutoscaler for web
apiVersion: autoscaling/v2
kind: HorizontalPodAutoscaler
metadata:
  name: web
spec:
  scaleTargetRef:
    apiVersion: apps/v1
    kind: Deployment
    name: web
  minReplicas: 2
  maxReplicas: 20
  metrics:
  - type: Resource
    resource:
      name: cpu
      target:
        type: Utilization
        averageUtilization: 60
---
# VerticalPodAutoscaler for batch (requires VPA CRDs)
apiVersion: autoscaling.k8s.io/v1
kind: VerticalPodAutoscaler
metadata:
  name: batch
spec:
  targetRef:
    apiVersion: apps/v1
    kind: Deployment
    name: batch
  updatePolicy:
    updateMode: Auto
---
# Karpenter NodePool sample
apiVersion: karpenter.sh/v1beta1
kind: NodePool
metadata:
  name: default
spec:
  template:
    spec:
      requirements:
      - key: karpenter.sh/capacity-type
        operator: In
        values: [spot, on-demand]
      - key: node.kubernetes.io/instance-type
        operator: In
        values: [m6i.large, m6i.xlarge]
  disruption:
    consolidationPolicy: WhenUnderutilized
```
\nPromQL to size CPU requests from history:\n```promql
histogram_quantile(0.95, sum by (le)(rate(container_cpu_usage_seconds_total{pod=~'web-.*'}[15m]))) * 1000
```
\nApply:\n```sh
kubectl apply -f hpa.yaml
kubectl apply -f vpa.yaml
kubectl apply -f nodepool.yaml
```"
CD006,3,user,"We also want to reduce Istio telemetry overhead and see a Karpenter AWS template."
CD006,4,assistant,"Minimal Istio Telemetry and AWSNodeTemplate for Karpenter:\n\n```yaml
# Reduce access logs and lower tracing sample
apiVersion: telemetry.istio.io/v1alpha1
kind: Telemetry
metadata:
  name: mesh-default
  namespace: istio-system
spec:
  accessLogging:
  - disabled: true
  tracing:
  - randomSamplingPercentage: 1
  metrics:
  - providers:
    - name: prometheus
    overrides:
    - match: { metric: requests_total }
      disabled: false
```

```yaml
# Karpenter AWSNodeTemplate example
apiVersion: karpenter.k8s.aws/v1alpha1
kind: AWSNodeTemplate
metadata:
  name: default
spec:
  subnetSelector:
    karpenter.sh/discovery: my-cluster
  securityGroupSelector:
    karpenter.sh/discovery: my-cluster
  amiFamily: AL2
```
"
CD007,1,user,"We need a zero-downtime database migration strategy for a high-traffic Postgres service (write-heavy). Schema change adds a NOT NULL column with default and backfills historical data."
CD007,2,assistant,"Online migration with SQL (expand→contract):\n\n```sql
-- 1) Expand: add nullable column without default (no table rewrite)
alter table orders add column processed_at timestamptz;

-- 2) Backfill in throttled batches (run repeatedly)
update orders
set processed_at = created_at
where processed_at is null
order by id
limit 10000;

-- Optional trigger for dual‑write safety
create or replace function set_processed_at() returns trigger as $$
begin
  if NEW.processed and NEW.processed_at is null then
    NEW.processed_at := now();
  end if;
  return NEW;
end;
$$ language plpgsql;

create trigger ensure_processed_at
before insert or update on orders
for each row execute procedure set_processed_at();

-- 3) Contract: enforce NOT NULL after backfill completes
alter table orders alter column processed_at set not null;
```
\nApply with a psql loop between batches:\n```sh
for i in $(seq 1 200); do psql -c 'update orders set processed_at=created_at where processed_at is null limit 10000'; sleep 0.1; done
```"
CD007,3,user,"How do we ensure the app dual‑writes safely during rollout?"
CD007,4,assistant,"Add a guarded code path before flipping reads:\n\n```ts
// orders.service.ts
async function createOrder(input: NewOrder) {
  const now = new Date()
  await db.tx(async (t) => {
    await t.none('insert into orders(id, processed, created_at, processed_at) values($1,$2,$3,$4)', [
      input.id,
      input.processed,
      now,
      input.processed ? now : null,
    ])
  })
}
```
Then switch reads to `processed_at` only after backfill completes and NOT NULL is enforced."
CD008,1,user,"Our ML inference service (PyTorch) has variable latency due to Python GIL and blocking preprocessing. How do we stabilize p95 latency?"
CD008,2,assistant,"Stabilize latency by offloading CPU-bound steps and using TorchScript:\n\n```python
# preprocess.py
from concurrent.futures import ProcessPoolExecutor
import numpy as np

pool = ProcessPoolExecutor(max_workers=4)

def heavy_preprocess(b: bytes) -> np.ndarray:
    # decode + normalize (placeholder)
    arr = np.frombuffer(b, dtype=np.uint8)
    return (arr.astype(np.float32) / 255.0)

def preprocess_batch(items: list[bytes]) -> list[np.ndarray]:
    return list(pool.map(heavy_preprocess, items))
```

```python
# model.py (TorchScript)
import torch

class M(torch.nn.Module):
    def forward(self, x: torch.Tensor) -> torch.Tensor:
        return torch.relu(x)

m = torch.jit.script(M()).eval()
torch.jit.save(m, 'model.pt')
```

```python
# server.py
from fastapi import FastAPI
import anyio, torch
from preprocess import preprocess_batch

model = torch.jit.load('model.pt').eval()
app = FastAPI()

@app.post('/infer')
async def infer(batch: list[bytes]):
    xs = await anyio.to_thread.run_sync(preprocess_batch, batch)
    x = torch.tensor(xs)
    with torch.inference_mode():
        y = model(x)
    return y.tolist()
```
"
CD008,3,user,"Can we add micro‑batching and improve the event loop?"
CD008,4,assistant,"Yes—collect requests into small batches and use uvloop:\n\n```python
# batcher.py
import asyncio
from collections import deque

QUEUE: deque[bytes] = deque()
BATCH_SIZE = 16

async def producer(item: bytes):
    fut = asyncio.get_running_loop().create_future()
    QUEUE.append((item, fut))
    return await fut

async def batch_worker(model):
    while True:
        await asyncio.sleep(0.002)
        items, futures = [], []
        while QUEUE and len(items) < BATCH_SIZE:
            item, fut = QUEUE.popleft()
            items.append(item); futures.append(fut)
        if not items: continue
        xs = await anyio.to_thread.run_sync(preprocess_batch, items)
        x = torch.tensor(xs)
        with torch.inference_mode():
            y = model(x).tolist()
        for fut, out in zip(futures, y):
            fut.set_result(out)
```

Run with uvloop:
```python
import uvloop, asyncio
asyncio.set_event_loop_policy(uvloop.EventLoopPolicy())
```"
CD009,1,user,"Design a reliable event-driven architecture on Kafka for order processing with idempotency and exactly-once semantics across multiple services."
CD009,2,assistant,"Java producer/consumer with exactly-once semantics:\n\n```java
// Producer with idempotence + transactions
Properties p = new Properties();
p.put(ProducerConfig.BOOTSTRAP_SERVERS_CONFIG, \"kafka:9092\");
p.put(ProducerConfig.KEY_SERIALIZER_CLASS_CONFIG, StringSerializer.class);
p.put(ProducerConfig.VALUE_SERIALIZER_CLASS_CONFIG, StringSerializer.class);
p.put(ProducerConfig.ENABLE_IDEMPOTENCE_CONFIG, \"true\");
p.put(ProducerConfig.ACKS_CONFIG, \"all\");
p.put(ProducerConfig.MAX_IN_FLIGHT_REQUESTS_PER_CONNECTION, 5);
p.put(ProducerConfig.RETRIES_CONFIG, Integer.toString(10));
p.put(ProducerConfig.TRANSACTIONAL_ID_CONFIG, \"orders-tx-1\");

KafkaProducer<String, String> producer = new KafkaProducer<>(p);
producer.initTransactions();
producer.beginTransaction();
producer.send(new ProducerRecord<>(\"orders\", orderId, payload));
// send to outbox or changelog as needed
producer.commitTransaction();
```

```java
// Consumer reading committed only
Properties c = new Properties();
c.put(ConsumerConfig.BOOTSTRAP_SERVERS_CONFIG, \"kafka:9092\");
c.put(ConsumerConfig.KEY_DESERIALIZER_CLASS_CONFIG, StringDeserializer.class);
c.put(ConsumerConfig.VALUE_DESERIALIZER_CLASS_CONFIG, StringDeserializer.class);
c.put(ConsumerConfig.ISOLATION_LEVEL_CONFIG, \"read_committed\");
```

Kafka Streams (EOS v2) topology sketch:
```java
StreamsBuilder b = new StreamsBuilder();
KStream<String, Order> orders = b.stream(\"orders\");
KStream<String, Enriched> enriched = orders.transformValues(() -> new DedupTransformer(storeName));
enriched.to(\"orders-enriched\");
Properties sp = new Properties();
sp.put(StreamsConfig.PROCESSING_GUARANTEE_CONFIG, StreamsConfig.EXACTLY_ONCE_V2);
```
"
CD009,3,user,"We also need a dedupe store and outbox/inbox design. Can you show code?"
CD009,4,assistant,"Outbox (producer) and inbox (consumer) with idempotency:\n\n```sql
-- Outbox table inside the order service DB
create table if not exists outbox (
  id uuid primary key,
  topic text not null,
  k text,
  v jsonb not null,
  created_at timestamptz default now(),
  published boolean default false
);

-- Consumer inbox (dedupe) keyed by message id / idempotency key
create table if not exists inbox (
  id text primary key,
  processed_at timestamptz default now()
);
```

```java
// Producer txn: write domain row + outbox in same DB tx, then relay
producer.beginTransaction();
// app DB tx: insert order, insert outbox(id=uuid, topic=\"orders\", k=orderId, v=payload)
producer.send(new ProducerRecord<>(\"orders\", orderId, payload));
producer.commitTransaction();
```

```java
// Consumer dedupe
boolean first = false;
try (PreparedStatement st = conn.prepareStatement(
  \"insert into inbox(id) values (?) on conflict do nothing\")) {
  st.setString(1, record.headers().lastHeader(\"idempotency-key\").value().toString());
  first = st.executeUpdate() == 1;
}
if (first) {
  // process and commit offset
} else {
  // duplicate; skip
}
```
"
CD010,1,user,"We're implementing end-to-end encryption for a messaging app. Need key management (Double Ratchet or MLS?), forward secrecy, and safety reporting."
CD010,2,assistant,"Minimal 1:1 end‑to‑end encryption using PyNaCl (NaCl boxes). For groups, adopt MLS; this shows 1:1:\n\n```python
from nacl.public import PrivateKey, SealedBox

# Alice and Bob
sk_a = PrivateKey.generate(); pk_a = sk_a.public_key
sk_b = PrivateKey.generate(); pk_b = sk_b.public_key

# Alice encrypts to Bob
box_to_b = SealedBox(pk_b)
cipher = box_to_b.encrypt(b'hello bob')

# Bob decrypts
box_b = SealedBox(sk_b)
plain = box_b.decrypt(cipher)
print(plain)
```
\nKey rotation and safety reporting should be layered on top (rotate keys per device/session, blinded abuse tokens)."
CD010,3,user,"How do we handle multi-device and forward secrecy?"
CD010,4,assistant,"Use X3DH + Double Ratchet for 1:1; each device has a signed prekey. High‑level Python sketch with Olm bindings:\n\n```python
from olm import Account, Session

# Device bootstrap
alice = Account(); alice.generate_identity_keys(); alice.generate_one_time_keys(5)
bob = Account(); bob.generate_identity_keys(); bob.generate_one_time_keys(5)

# Publish bob's identity + signed prekey + one-time key to server (directory)

# X3DH session init (Alice→Bob)
send = Session()
send.create_outbound(alice, bob.identity_keys["curve25519"], bob.prekeys[0])
msg = send.encrypt(b"hi")

# Bob decrypts and creates inbound ratchet session
recv = Session()
recv.create_inbound(bob, msg)
plain = recv.decrypt(msg)
```
\nFor groups, use MLS via an existing library; rotate on membership changes and periodically."
CD011,1,user,"We're seeing tail latencies in a Go microservice due to GC pauses. GOMAXPROCS default, Go 1.22, heavy JSON marshaling. How to reduce p99?"
CD011,2,assistant,"Profile with pprof; reduce allocations by using jsoniter or easyjson, reuse buffers (sync.Pool), consider msgpack. Tune GOGC, prefer arenas for short-lived objects (if available), batch responses, and ensure no long critical sections."
CD011,3,user,"Show code to cut allocations on JSON and reuse buffers."
CD011,4,assistant,"Allocation‑aware handlers:\n\n```go
var bufPool = sync.Pool{New: func() any { return make([]byte, 0, 16<<10) }}

func WriteJSON(w http.ResponseWriter, v any) {
  buf := bufPool.Get().([]byte)
  buf = buf[:0]
  enc := jsoniter.ConfigFastest.NewEncoder(bytes.NewBuffer(buf))
  if err := enc.Encode(v); err != nil { http.Error(w, err.Error(), 500); return }
  b := enc.(*jsoniter.Encoder).Buffer().Bytes()
  w.Header().Set("Content-Type", "application/json")
  w.Write(b)
  bufPool.Put(b[:0])
}

func main() {
  debug.SetGCPercent(150)
  runtime.GOMAXPROCS(runtime.NumCPU())
}
```

Alternatively pre-generate fast paths with easyjson and reuse scratch buffers per request."
CD012,1,user,"Design a feature flag system with gradual rollout, targeting rules, and kill switches across mobile, web, and backend."
CD012,2,assistant,"Central flag service with evaluation SDKs; flags defined with types and constraints; rules by attributes; progressive rollout via percentages hashed on stable IDs; local cache with TTL; eventing for config changes; audit logs; kill-switch path with precedence."
CD012,3,user,"Can you show an evaluation function and a rollout config example?"
CD012,4,assistant,"Evaluation + rollout config:\n\n```ts
// eval.ts
import murmurhash from 'murmurhash'

export type Rule = { if: Record<string, string | number | boolean>, pct?: number }
export type Flag = { key: string, on: boolean, rules: Rule[], fallthroughPct?: number }

export function isEnabled(flag: Flag, attrs: Record<string, any>): boolean {
  if (!flag.on) return false
  for (const r of flag.rules) {
    const match = Object.entries(r.if).every(([k,v]) => attrs[k] === v)
    if (match) return bucket(flag.key, attrs.userId) < (r.pct ?? 100)
  }
  return bucket(flag.key, attrs.userId) < (flag.fallthroughPct ?? 0)
}

function bucket(key: string, userId: string): number {
  const n = murmurhash.v3(`${key}:${userId}`) % 100
  return n
}
```

```json
{
  "key": "new_checkout",
  "on": true,
  "rules": [
    { "if": { "country": "US" }, "pct": 10 },
    { "if": { "tier": "beta" }, "pct": 100 }
  ],
  "fallthroughPct": 0
}
```
"
CD013,1,user,"Data warehouse migration from Snowflake to BigQuery. Need cost control, performance parity, and minimal downtime."
CD013,2,assistant,"Inventory objects; convert SQL dialects; test UDFs; stage dual-write via CDC; validate row counts and aggregates; optimize partitioning and clustering in BQ; set reservations; monitor cost with budgets and labels; decommission gradually."
CD013,3,user,"Show a dbt model and partitioned+clustered table config for BigQuery."
CD013,4,assistant,"dbt + BigQuery configs and example model:\n\n```yaml
# models/schema.yml
models:
  - name: fct_orders
    config:
      materialized: table
      partition_by:
        field: order_date
        data_type: date
      cluster_by: [customer_id]
```

```sql
-- models/fct_orders.sql
select
  order_id,
  customer_id,
  date(order_timestamp) as order_date,
  amount
from {{ ref('stg_orders') }}
```

Convert Snowflake to BQ syntax example:
```sql
-- Snowflake: date_trunc('day', ts)
-- BigQuery:
select timestamp_trunc(ts, day) from t;
```"
CD014,1,user,"SRE: We need an SLO for an API with variable traffic. Which metrics and alerting should we use to avoid alert storms?"
CD014,2,assistant,"Define availability SLO with rolling 28d window; use request-based burn rates (fast/slow) on error ratio; multi-window, multi-burn-rate alerts; include latency SLI for p95; use quiet hours suppression; tie pages to error budget burn, not raw errors."
CD014,3,user,"Give Prometheus alert rules for multi-window burn and the SLI queries."
CD014,4,assistant,"PromQL for SLI and alerting:\n\n```promql
# Error ratio (5xx) over 5m and 1h
err_rate_5m = sum(rate(http_requests_total{code=~"5.."}[5m])) / sum(rate(http_requests_total[5m]))
err_rate_1h = sum(rate(http_requests_total{code=~"5.."}[1h])) / sum(rate(http_requests_total[1h]))

# Burn alerts (example: 99.9% SLO → 0.1% budget)
# Fast burn: 5m window > 14.4x budget
alert: ApiErrorBudgetBurnFast
expr: err_rate_5m > (0.001 * 14.4)
for: 5m
labels: { severity: critical }
annotations:
  summary: Fast error budget burn

# Slow burn: 1h window > 6x budget
alert: ApiErrorBudgetBurnSlow
expr: err_rate_1h > (0.001 * 6)
for: 1h
labels: { severity: warning }
annotations:
  summary: Slow error budget burn
```

Latency SLI (p95):
```promql
histogram_quantile(0.95, sum by (le)(rate(http_request_duration_seconds_bucket[5m])))
```
"
CD015,1,user,"We want to secure our supply chain: Sigstore attestations, SBOMs, provenance in CI, and policy enforcement at deploy. What's a pragmatic setup?"
CD015,2,assistant,"Generate SBOMs (CycloneDX) in CI; sign artifacts with Cosign; record provenance with SLSA generator; store attestations in OCI; enforce at admission with policy (Kyverno/OPA) requiring signatures and vulnerability gates; periodic re-scan and expiry rotation."
CD015,3,user,"Show CI steps and admission policy examples."
CD015,4,assistant,"GitHub Actions steps + Kyverno policy:\n\n```yaml
# .github/workflows/supply-chain.yml
- name: Build image
  run: docker build -t ghcr.io/acme/app:${{ github.sha }} .
- name: Push image
  run: docker push ghcr.io/acme/app:${{ github.sha }}
- name: SBOM (CycloneDX)
  uses: cyclonedx/gh-actions/generate-sbom@v1
  with: { path: '.', format: json, output: sbom.json }
- name: Cosign sign
  run: cosign sign --yes ghcr.io/acme/app:${{ github.sha }}
- name: SLSA provenance
  uses: slsa-framework/slsa-github-generator@v2
```

```yaml
# Kyverno require image signatures
apiVersion: kyverno.io/v1
kind: ClusterPolicy
metadata:
  name: require-signatures
spec:
  rules:
  - name: check-cosign
    match: { resources: { kinds: [Pod] } }
    verifyImages:
    - imageReferences: [ "ghcr.io/acme/app:*" ]
      attestors:
      - entries:
        - keys:
            publicKeys: |
              -----BEGIN PUBLIC KEY-----
              ...
              -----END PUBLIC KEY-----
```
"
CD016,1,user,"We're building a Terraform mono-repo for multiple environments and teams. Need module versioning, drift detection, and safe rollouts."
CD016,2,assistant,"Use a registry for versioned modules; pin with constraints; per‑env workspaces; plan/apply via GitHub Actions with OPA policy checks; drift detection via terraform plan on schedule; canaries with targeted applies and blue/green modules."
CD016,3,user,"Show module version pinning and a CI job with policy check and plan/apply."
CD016,4,assistant,"Terraform + GitHub Actions:\n\n```hcl
# modules/network/versions.tf
terraform {
  required_version = ">= 1.6.0"
  required_providers {
    aws = {
      source  = "hashicorp/aws"
      version = "~> 5.50"
    }
  }
}

# envs/prod/main.tf
module "network" {
  source  = "git::https://github.com/acme/infra//modules/network?ref=v1.2.3"
  cidr    = "10.0.0.0/16"
}
```

```yaml
# .github/workflows/tf.yml
jobs:
  plan:
    steps:
      - uses: actions/checkout@v4
      - uses: hashicorp/setup-terraform@v3
      - run: terraform init
      - run: terraform validate
      - name: Policy check
        run: conftest test -p policy/ policy/
      - run: terraform plan -out=plan.out
      - uses: actions/upload-artifact@v4
        with: { name: plan, path: plan.out }
  apply:
    needs: plan
    if: github.ref == 'refs/heads/main'
    steps:
      - uses: actions/checkout@v4
      - uses: hashicorp/setup-terraform@v3
      - uses: actions/download-artifact@v4
        with: { name: plan, path: . }
      - run: terraform apply -auto-approve plan.out
```
"
CD017,1,user,"Node.js service has memory leaks under load. Heap snapshots show retained closures from event listeners."
CD017,2,assistant,"Ensure listeners removed on shutdown; avoid global event emitters with unbounded listeners; use WeakRefs/FinalizationRegistry carefully; heap snapshot diff to identify retainers; upgrade libs with leak fixes; set max listeners; monitor RSS vs heap."
CD017,3,user,"Show code to prevent listener leaks and track unremoved listeners."
CD017,4,assistant,"Listener hygiene and leak detection:\n\n```js
// emitter.js
const { EventEmitter } = require('events')
const bus = new EventEmitter()
bus.setMaxListeners(50)
module.exports = bus
```

```js
// service.js
const bus = require('./emitter')
function onOrder(evt) { /* ... */ }
function start() { bus.on('order', onOrder) }
function stop() { bus.off('order', onOrder) }
process.on('SIGTERM', () => { stop(); process.exit(0) })

// detect leaked listeners
setInterval(() => {
  const n = bus.listenerCount('order')
  if (n > 1) console.warn('possible leak: order listeners=', n)
}, 10000)
```
"

CD018,1,user,"Design a data model and API for collaborative document editing with CRDTs, offline support, and conflict resolution."
CD018,2,assistant,"Represent docs as CRDT (Yjs/Automerge); per‑doc rooms; vector clocks; authZ per document; snapshots + incremental updates; compression; server merges and broadcast; persistence in event store; GC of tombstones; share-keys for access."
CD018,3,user,"Show a minimal Yjs setup with persistence and WebSocket broadcast."
CD018,4,assistant,"Yjs + y-websocket server with LevelDB persistence:\n\n```js
import { WebsocketProvider } from 'y-websocket'
import * as Y from 'yjs'

// client
const doc = new Y.Doc()
const provider = new WebsocketProvider('wss://api.example.com/collab', 'doc-123', doc)
const text = doc.getText('content')
text.insert(0, 'hello')
```

```js
// server (express + ws)
import { LeveldbPersistence } from 'y-leveldb'
import { setupWSConnection } from 'y-websocket/bin/utils'
const persistence = new LeveldbPersistence('./yjs')

wss.on('connection', (conn, req) => {
  const docName = new URL(req.url, 'http://x').pathname.slice(1)
  setupWSConnection(conn, req, { persistence, docName })
})
```
"

CD019,1,user,"gRPC-to-HTTP gateway performance is poor. We need consistent timeouts, retries, and circuit breakers across languages."
CD019,2,assistant,"Standardize via service mesh (Istio/Linkerd) or Envoy sidecars; set per‑route timeouts; exponential backoff with jitter; hedging for idempotent requests; propagate deadlines; uniform tracing; validate payload size and compression."
CD019,3,user,"Provide Envoy route config with timeouts and retries, plus a gRPC client deadline example."
CD019,4,assistant,"Envoy + gRPC client code:\n\n```yaml
# envoy.yaml route
route_config:
  name: local_route
  virtual_hosts:
  - name: backend
    domains: ["*"]
    routes:
    - match: { prefix: "/" }
      route:
        cluster: backend
        timeout: 5s
        retry_policy:
          retry_on: 5xx,reset,connect-failure
          num_retries: 3
          per_try_timeout: 1s
```

```go
// gRPC client with deadline
ctx, cancel := context.WithTimeout(context.Background(), 3*time.Second)
defer cancel()
resp, err := client.Do(ctx, req)
```
"

CD020,1,user,"Post-quantum crypto migration plan for internal services (TLS, code signing, VPN)."
CD020,2,assistant,"Inventory crypto use; test hybrid key exchanges (e.g., X25519+KYBER) with TLS 1.3; pilot PQC-ready libraries; dual-sign artifacts; PQ‑safe VPN configs; prepare fallback; monitor NIST PQC standardization timelines; staged rollout with compatibility tests."
CD020,3,user,"Show an OpenSSL example for hybrid TLS where supported, and a dual-sign script."
CD020,4,assistant,"Examples (availability depends on distro/tooling):\n\n```bash
# curl with hybrid KEX (if backend supports OpenSSL with OQS)
export SSLKEYLOGFILE=~/ssl.keys
curl --tlsv1.3 --ciphersuites TLS_AES_256_GCM_SHA384 https://api.example.com
```

```bash
# Dual-sign artifact (sigstore + classic)
cosign sign --yes ghcr.io/acme/app:sha
openssl dgst -sha256 -sign private.pem -out app.sig app.tar
```"

CD021,1,user,"Android app cold start is slow. We need to improve TTID under 1.5s on mid‑tier devices."
CD021,2,assistant,"Tactics: defer heavy init with App Startup, use SplashScreen API, baseline profiles, lazy load DI/analytics, and shrink resources. I'll show Gradle + App Startup initializer + Splash."
CD021,3,user,"Show the code for Gradle, App Startup, and Splash."
CD021,4,assistant,"Gradle + Initializer + SplashScreen:\n\n```gradle
// app/build.gradle
plugins {
  id 'com.android.application'
  id 'org.jetbrains.kotlin.android'
  id 'com.android.baselineprofile' version '1.2.3'
}

dependencies {
  implementation "androidx.startup:startup-runtime:1.1.1"
  implementation "androidx.core:core-splashscreen:1.0.1"
  baselineProfile project(':baselineprofile')
}
```

```kotlin
// HeavyInit.kt
class HeavyInit : Initializer<Unit> {
  override fun create(context: Context) {
    Executors.newSingleThreadExecutor().execute {
      // Warm caches, load small models, init logging
    }
  }
  override fun dependencies(): MutableList<Class<out Initializer<*>>> = mutableListOf()
}
```

```xml
<!-- AndroidManifest.xml -->
<application>
  <provider
    android:name="androidx.startup.InitializationProvider"
    android:authorities="${applicationId}.androidx-startup"
    android:exported="false">
    <meta-data
      android:name="com.example.HeavyInit"
      android:value="androidx.startup"
      />
  </provider>
</application>
```

```kotlin
// MainActivity.kt
class MainActivity : ComponentActivity() {
  override fun onCreate(savedInstanceState: Bundle?) {
    installSplashScreen()
    super.onCreate(savedInstanceState)
    setContent { /* UI */ }
  }
}
```"

CD022,1,user,"We're adopting event sourcing with CQRS in a fintech ledger. What pitfalls to avoid?"
CD022,2,assistant,"Immutable events with versioning, strict idempotency, deterministic projections, transactional outbox, per‑account ordering, snapshotting, schema evolution, GDPR erasure workflows. Code next."
CD022,3,user,"Provide event table DDL, a balance projection, and a projector loop."
CD022,4,assistant,"Postgres DDL + Go projector:\n\n```sql
create table events (
  id bigserial primary key,
  aggregate_id uuid not null,
  type text not null,
  version int not null,
  data jsonb not null,
  created_at timestamptz not null default now(),
  unique(aggregate_id, version)
);

create table account_balances (
  account_id uuid primary key,
  balance numeric not null default 0
);
```

```go
// projector.go
for ev := range stream {
  switch ev.Type {
  case "CreditSettled":
    _, _ = db.ExecContext(ctx,
      "insert into account_balances(account_id,balance) values($1,$2)\n       on conflict (account_id) do update set balance = account_balances.balance + excluded.balance",
      ev.AccountID, ev.Amount)
  case "DebitSettled":
    _, _ = db.ExecContext(ctx,
      "update account_balances set balance = balance - $1 where account_id=$2",
      ev.Amount, ev.AccountID)
  }
}
```

Idempotency: store last applied event id/version per aggregate and skip duplicates."

CD023,1,user,"Our BI dashboards are slow due to unoptimized SQL and missing aggregates. Stack: dbt + BigQuery + Looker."
CD023,2,assistant,"Model star schemas, add incremental fact tables, cluster/partition for common filters, and precompute summaries."
CD023,3,user,"Show a dbt incremental model with partition+cluster and a daily aggregate."
CD023,4,assistant,"dbt incremental on BigQuery:\n\n```sql
-- models/fct_events.sql
{{ config(
  materialized='incremental',
  unique_key='event_id',
  partition_by={'field': 'dt', 'data_type': 'date'},
  cluster_by=['user_id']
) }}

select event_id, user_id, date(event_ts) as dt, amount
from {{ source('raw','events') }}
{% if is_incremental() %}
where event_ts >= timestamp_sub(current_timestamp(), interval 3 day)
{% endif %}
```

```sql
-- models/agg_daily_revenue.sql
{{ config(materialized='table') }}
select dt, sum(amount) as revenue
from {{ ref('fct_events') }}
group by dt
```
"

CD024,1,user,"We need cross-platform push notifications reliably (iOS/Android/Web) with user preferences and quiet hours."
CD024,2,assistant,"Central notification service with token registry, APNs/FCM/WebPush adapters, idempotent enqueue, rate limits, retries."
CD024,3,user,"Provide FCM/APNs send code and a simple token bucket limiter."
CD024,4,assistant,"Node.js examples:\n\n```ts
// send.ts
import admin from 'firebase-admin'
admin.initializeApp()
await admin.messaging().send({
  token,
  notification: { title: 'Hello', body: 'World' },
  android: { priority: 'high' },
  apns: { headers: { 'apns-priority': '10' } }
})
```

```ts
// limiter.ts (Redis token bucket)
import { createClient } from 'redis'
const r = createClient()
export async function allow(key: string, rate=10, perSec=1) {
  const now = Math.floor(Date.now()/1000)
  const bucket = `tb:${key}:${now}`
  const n = await r.incr(bucket)
  if (n === 1) await r.expire(bucket, perSec)
  return n <= rate
}
```
"

CD025,1,user,"Implementing Row Level Security (RLS) in Postgres for a multi-tenant analytics app."
CD025,2,assistant,"Use tenant_id columns, enable RLS, set a per-session tenant setting, write restrictive policies, guard jobs with SET ROLE."
CD025,3,user,"Show SQL to enable RLS and policies for tenants."
CD025,4,assistant,"RLS SQL:\n\n```sql
alter table invoices enable row level security;

create function set_tenant(uuid) returns void language sql as $$
  select set_config('app.tenant_id', $1::text, true)
$$;

create policy tenant_isolation on invoices
  using (tenant_id = current_setting('app.tenant_id')::uuid);

-- Optional: block cross-tenant inserts
create policy tenant_insert on invoices for insert
  with check (tenant_id = current_setting('app.tenant_id')::uuid);
```

In app code, run `select set_tenant($1)` after auth."

CD026,1,user,"We need a robust retry strategy for a payment processor with intermittent 5xx and idempotency keys."
CD026,2,assistant,"Use idempotency keys, exponential backoff with jitter, cap retries, classify errors, and record request/response hashes."
CD026,3,user,"Show TypeScript code for retries with idempotency."
CD026,4,assistant,"Fetch with retries and jitter:\n\n```ts
async function pay(amount: number, key: string) {
  const max = 5
  for (let i=0; i<max; i++) {
    const res = await fetch('https://api.payments/pay', {
      method: 'POST',
      headers: { 'Content-Type': 'application/json', 'Idempotency-Key': key },
      body: JSON.stringify({ amount })
    })
    if (res.ok) return res.json()
    if (res.status >= 500) {
      const backoff = Math.min(1000 * 2**i, 8000) + Math.floor(Math.random()*250)
      await new Promise(r => setTimeout(r, backoff))
      continue
    }
    throw new Error(`failed ${res.status}`)
  }
  throw new Error('max retries exceeded')
}
```
"

CD027,1,user,"We're adding WebAuthn passkeys to our web app. Considerations for UX and fallback?"
CD027,2,assistant,"Offer discoverable credentials, recovery, resident keys, and clear fallback. Let's wire @simplewebauthn server for a minimal flow."
CD027,3,user,"Provide server endpoints for registration and verification."
CD027,4,assistant,"Express + @simplewebauthn/server:\n\n```ts
import express from 'express'
import {
  generateRegistrationOptions,
  verifyRegistrationResponse
} from '@simplewebauthn/server'

const app = express()
app.use(express.json())

app.get('/webauthn/reg/options', (req, res) => {
  const opts = generateRegistrationOptions({ rpName: 'Acme', userID: req.user.id })
  req.session.challenge = opts.challenge
  res.json(opts)
})

app.post('/webauthn/reg/verify', async (req, res) => {
  const verification = await verifyRegistrationResponse({
    response: req.body,
    expectedChallenge: req.session.challenge,
    expectedOrigin: 'https://app.example.com',
    expectedRPID: 'example.com'
  })
  // store credential
  res.json({ ok: verification.verified })
})
```
"

CD028,1,user,"Observability revamp: standardize logs, traces, metrics across polyglot services."
CD028,2,assistant,"Adopt OpenTelemetry, define resource attrs, export OTLP to a collector, sampling strategy, and dashboards."
CD028,3,user,"Show Node.js SDK setup and an OTel Collector config."
CD028,4,assistant,"Node SDK + Collector:\n\n```ts
// tracing.ts
import { NodeSDK } from '@opentelemetry/sdk-node'
import { OTLPTraceExporter } from '@opentelemetry/exporter-trace-otlp-http'
import { Resource } from '@opentelemetry/resources'
import { SemanticResourceAttributes as S } from '@opentelemetry/semantic-conventions'

const sdk = new NodeSDK({
  resource: new Resource({ [S.SERVICE_NAME]: 'api', [S.DEPLOYMENT_ENVIRONMENT]: process.env.NODE_ENV }),
  traceExporter: new OTLPTraceExporter({ url: 'http://otel-collector:4318/v1/traces' })
})
await sdk.start()
```

```yaml
# otel-collector.yaml
receivers:
  otlp:
    protocols: { http: {} }
exporters:
  logging: {}
  prometheus: { endpoint: :9464 }
  otlp: { endpoint: tempo:4317 }
processors:
  batch: {}
service:
  pipelines:
    traces: { receivers: [otlp], processors: [batch], exporters: [otlp, logging] }
    metrics: { receivers: [otlp], processors: [batch], exporters: [prometheus] }
```
"

CD029,1,user,"We need a privacy-preserving analytics pipeline (event ingestion, aggregation, reporting) with user deletion support."
CD029,2,assistant,"Edge collectors with consent gating, early pseudonymization (HMAC), per-event TTLs, cohort DP noise, and deletion via tombstones."
CD029,3,user,"Show ingest pseudonymization, DP cohort count, and TTL storage."
CD029,4,assistant,"Ingest (Node) + DP (Python) + TTL (SQL):\n\n```ts
// ingest.ts
import express from 'express'
import crypto from 'crypto'
const app = express(); app.use(express.json())
function pseudonymize(userId: string) {
  return crypto.createHmac('sha256', process.env.SALT!).update(userId).digest('hex')
}
app.post('/collect', async (req, res) => {
  const { userId, consent, ...ev } = req.body
  if (!consent) return res.status(204).end()
  const user_id_hash = userId ? pseudonymize(userId) : undefined
  const record = { ...ev, user_id_hash, ts: new Date().toISOString() }
  // enqueue to Kafka/SQS
  await queue.send(record)
  res.status(202).end()
})
```

```python
# dp.py
import numpy as np

def laplace_mechanism(count: int, eps: float = 1.0, sensitivity: float = 1.0) -> float:
    return float(count) + np.random.laplace(0.0, sensitivity/eps)
```

```sql
-- events with TTL column and periodic purge
create table if not exists events (
  id bigserial primary key,
  user_id_hash text,
  payload jsonb not null,
  ts timestamptz not null default now(),
  expires_at timestamptz not null
);
create index if not exists events_exp_idx on events(expires_at);
-- nightly job
delete from events where expires_at < now();
```
"

CD030,1,user,"Migrate a monolith to services while keeping releases stable. How to phase it?"
CD030,2,assistant,"Strangler pattern: BFF/gateway routes by feature flag; contract tests; dual-write/outbox to sync data; dark-launch and progressive traffic shifting."
CD030,3,user,"Provide a gateway route split and a minimal contract test."
CD030,4,assistant,"Nginx/Express split + Pact test:\n\n```nginx
# nginx.conf
location /orders/ { proxy_pass http://legacy; }
location /orders/v2/ { proxy_pass http://orders-service; }
```

```ts
// gateway.ts (Express)
app.use('/orders', async (req, res) => {
  const on = await isEnabled('orders_v2', req.user)
  const target = on ? 'http://orders-service' : 'http://legacy'
  proxy.web(req, res, { target })
})
```

```ts
// contract.pact.ts
import { PactV3 } from '@pact-foundation/pact'
const pact = new PactV3({ consumer: 'Web', provider: 'Orders' })
pact
  .uponReceiving('get order')
  .withRequest('GET', '/orders/123')
  .willRespondWith(200, { 'Content-Type': 'application/json' }, { id: '123', status: 'ok' })
```
"

CD031,1,user,"We need to enforce data contracts between producers and consumers (Kafka/REST) to prevent breaking changes."
CD031,2,assistant,"Use a schema registry (Avro/JSON Schema), set BACKWARD compatibility, validate at CI and runtime, Pact for REST consumers."
CD031,3,user,"Show JSON Schema, registry compatibility, and runtime validation."
CD031,4,assistant,"Schema + registry + AJV:\n\n```json
{
  "$schema": "https://json-schema.org/draft/2020-12/schema",
  "type": "object",
  "required": ["id", "status"],
  "properties": {
    "id": { "type": "string" },
    "status": { "type": "string", "enum": ["ok", "failed"] },
    "amount": { "type": "number" }
  },
  "additionalProperties": false
}
```

```bash
# set global compatibility
echo '{"compatibility":"BACKWARD"}' | curl -s -X PUT -H 'Content-Type: application/json' \
  --data @- http://schema-registry:8081/config
```

```ts
// validate.ts
import Ajv from 'ajv'
const ajv = new Ajv({ allErrors: true })
const validate = ajv.compile(schema)
export function assertValid(msg: unknown) {
  if (!validate(msg)) throw new Error(JSON.stringify(validate.errors))
}
```
"

CD032,1,user,"Serverless job spikes are causing API rate limits. Stack: AWS Lambda + third‑party API."
CD032,2,assistant,"Buffer with SQS, limit concurrency, implement tenant token buckets in DynamoDB, retries with backoff, and Step Functions for pacing."
CD032,3,user,"Provide Terraform for SQS+Lambda and a DynamoDB token bucket."
CD032,4,assistant,"IaC + bucket code:\n\n```hcl
resource "aws_sqs_queue" "jobs" { name = "jobs" visibility_timeout_seconds = 60 }
resource "aws_lambda_event_source_mapping" "sqs" {
  event_source_arn  = aws_sqs_queue.jobs.arn
  function_name     = aws_lambda_function.worker.arn
  batch_size        = 10
  maximum_batching_window_in_seconds = 1
}
resource "aws_lambda_function" "worker" { /* runtime, role, zip */ }
```

```ts
// bucket.ts (DynamoDB token bucket)
import { DynamoDBClient, UpdateItemCommand } from '@aws-sdk/client-dynamodb'
const db = new DynamoDBClient({})
export async function allow(key: string, rate=10, per=1) {
  const now = Math.floor(Date.now()/1000)
  const bucket = `${key}:${now}`
  await db.send(new UpdateItemCommand({
    TableName: 'rate_buckets',
    Key: { k: { S: bucket } },
    UpdateExpression: 'ADD n :one',
    ExpressionAttributeValues: { ':one': { N: '1' } },
    ReturnValues: 'UPDATED_NEW'
  }))
  // read n and compare to rate; TTL table with expiresAt
}
```
"

CD033,1,user,"Our React Native app suffers from jank on Android during animations."
CD033,2,assistant,"Use Reanimated/JSI, prefetch images, enable Hermes, reduce overdraw, virtualize lists, and batch state updates."
CD033,3,user,"Provide Reanimated usage, Hermes, and FlatList tuning."
CD033,4,assistant,"Snippets:\n\n```js
// animation.tsx
import Animated, { useSharedValue, withTiming, useAnimatedStyle } from 'react-native-reanimated'
const sv = useSharedValue(0)
useEffect(() => { sv.value = withTiming(1, { duration: 300 }) }, [])
const style = useAnimatedStyle(() => ({ opacity: sv.value }))
```

```properties
# android/gradle.properties
enableHermes=true
```

```jsx
// list.tsx
<FlatList
  data={items}
  keyExtractor={(i) => i.id}
  windowSize={10}
  initialNumToRender={10}
  removeClippedSubviews
  getItemLayout={(data, index) => ({ length: 72, offset: 72*index, index })}
/>
```
"

CD034,1,user,"Implement a secure, auditable secrets management flow for CI/CD and runtime."
CD034,2,assistant,"Use OIDC in CI to assume cloud roles, store secrets in a vault, inject at runtime via workload identity or CSI driver, and audit access."
CD034,3,user,"Show GitHub OIDC to AWS Secrets Manager and app retrieval."
CD034,4,assistant,"Workflow + SDK usage:\n\n```yaml
# .github/workflows/deploy.yml
permissions: { id-token: write, contents: read }
- name: Configure AWS creds
  uses: aws-actions/configure-aws-credentials@v4
  with: { role-to-assume: arn:aws:iam::123:role/GitHubOIDC, aws-region: us-east-1 }
```

```ts
// getSecret.ts
import { SecretsManagerClient, GetSecretValueCommand } from '@aws-sdk/client-secrets-manager'
const sm = new SecretsManagerClient({})
export async function getSecret(name: string) {
  const out = await sm.send(new GetSecretValueCommand({ SecretId: name }))
  return out.SecretString!
}
```
"

CD035,1,user,"Designing an LLM retrieval system: embeddings, reranking, and caching for cost and quality."
CD035,2,assistant,"Chunk source docs with structure, build a FAISS index, rerank top‑K with a cross‑encoder, cache popular queries, and define invalidation."
CD035,3,user,"Provide code to build FAISS and rerank, with caching."
CD035,4,assistant,"Python (sentence-transformers + FAISS + Redis):\n\n```python
from sentence_transformers import SentenceTransformer, CrossEncoder
import faiss, redis, json, numpy as np

embedder = SentenceTransformer('all-MiniLM-L6-v2')
reranker = CrossEncoder('cross-encoder/ms-marco-MiniLM-L-6-v2')
index = faiss.IndexFlatIP(384)

def build_index(chunks):
    vecs = embedder.encode([c['text'] for c in chunks], normalize_embeddings=True)
    index.add(np.array(vecs, dtype='float32'))

r = redis.Redis()

def search(query, k=50):
    ck = f'cache:q:{query}'
    if (hit := r.get(ck)):
        return json.loads(hit)
    qv = embedder.encode([query], normalize_embeddings=True).astype('float32')
    D, I = index.search(qv, k)
    cands = [chunks[i] for i in I[0]]
    pairs = [[query, c['text']] for c in cands]
    scores = reranker.predict(pairs)
    ranked = [c for _, c in sorted(zip(scores, cands), reverse=True)][:10]
    r.setex(ck, 3600, json.dumps(ranked))
    return ranked
```
"

CD036,1,user,"Our CI pipeline times are growing. We need test sharding and flaky test quarantine across services."
CD036,2,assistant,"Split tests by historical duration, dynamic shards per worker, retry-and-quarantine flaky tests, and cache artifacts."
CD036,3,user,"Provide a GitHub Actions matrix with dynamic shards and a Node sharder script."
CD036,4,assistant,"Workflow + sharder:\n\n```yaml
# .github/workflows/tests.yml
jobs:
  test:
    strategy:
      fail-fast: false
      matrix: { shard: [0,1,2,3] }
    steps:
      - uses: actions/checkout@v4
      - run: node scripts/shard.js ${{ matrix.shard }} 4 | xargs -I{} npm run test -- {}
```

```js
// scripts/shard.js
const fs = require('fs')
const shard = parseInt(process.argv[2]); const total = parseInt(process.argv[3])
const times = JSON.parse(fs.readFileSync('timings.json','utf-8')) // { file: ms }
const files = Object.entries(times).sort((a,b)=>b[1]-a[1]).map(([f])=>f)
const buckets = Array.from({length: total}, ()=>({t:0, files:[]}))
for (const f of files) {
  buckets.sort((a,b)=>a.t-b.t)
  const b = buckets[0]
  b.files.push(f); b.t += times[f] || 1000
}
console.log(buckets[shard].files.join(' '))
```
"

CD037,1,user,"Implementing data retention and TTLs in MongoDB for high‑volume event collections."
CD037,2,assistant,"Use TTL indexes on an `expiresAt` field; shard by time+tenant; timeseries where applicable; background archiving to cold storage; monitor page faults and compaction."
CD037,3,user,"Show TTL index creation, sharding config, and an archiver job."
CD037,4,assistant,"MongoDB TTL + sharding + archiver:\n\n```js
// TTL index (expires at exact time)
db.events.createIndex({ expiresAt: 1 }, { expireAfterSeconds: 0 })

// Optional timeseries collection for high-ingest telemetry
db.createCollection('events_ts', {
  timeseries: { timeField: 'ts', metaField: 'tenantId', granularity: 'seconds' }
})

// Sharding strategy: hash tenantId, range on ts
sh.enableSharding('prod')
sh.shardCollection('prod.events', { tenantId: 'hashed', ts: 1 })
```

```js
// archiver.js (Node)
import { MongoClient } from 'mongodb'
const src = new MongoClient(process.env.MONGO_SRC!)
const dst = new MongoClient(process.env.MONGO_COLD!)
await src.connect(); await dst.connect()
const s = src.db('prod').collection('events')
const d = dst.db('archive').collection('events')
const cutoff = new Date(Date.now() - 25*24*3600*1000)
const cur = s.find({ expiresAt: { $lt: cutoff } }, { batchSize: 1000 })
for await (const doc of cur) {
  await d.insertOne(doc)
  await s.deleteOne({ _id: doc._id })
}
```
"

CD038,1,user,"We need a safe feature rollout for a critical path: shadow mode, dark launches, and metrics."
CD038,2,assistant,"Shadow traffic to the new path, compare outputs, dark launch under a flag, then progressive canary with metric gates and automated rollback."
CD038,3,user,"Provide Argo Rollouts canary with Prometheus analysis."
CD038,4,assistant,"Argo Rollout with analysis:\n\n```yaml
apiVersion: argoproj.io/v1alpha1
kind: Rollout
metadata: { name: api }
spec:
  replicas: 4
  strategy:
    canary:
      steps:
      - setWeight: 5
      - pause: { duration: 120 }
      - analysis:
          templates:
          - templateName: success-rate
      - setWeight: 25
      - pause: { duration: 180 }
      - analysis:
          templates:
          - templateName: success-rate
      - setWeight: 50
      - pause: { duration: 300 }
  selector: { matchLabels: { app: api } }
  template:
    metadata: { labels: { app: api } }
    spec:
      containers:
      - name: api
        image: ghcr.io/acme/api:v2
---
apiVersion: argoproj.io/v1alpha1
kind: AnalysisTemplate
metadata: { name: success-rate }
spec:
  metrics:
  - name: http-success
    interval: 60s
    successCondition: result[0] >= 0.995
    failureLimit: 1
    provider:
      prometheus:
        address: http://prometheus:9090
        query: |
          sum(rate(http_requests_total{app="api",code!~"5.."}[5m]))
          /
          sum(rate(http_requests_total{app="api"}[5m]))
```
"

CD039,1,user,"Our GraphQL gateway needs rate limiting per field and tenant."
CD039,2,assistant,"Assign complexity costs per field, enforce a per-tenant token bucket, and surface limits in schema."
CD039,3,user,"Provide an Apollo Server plugin with complexity + Redis token bucket."
CD039,4,assistant,"Apollo Server plugin + Redis limiter:\n\n```ts
import { createComplexityRule } from 'graphql-validation-complexity'
import { Redis } from 'ioredis'

const redis = new Redis(process.env.REDIS_URL!)

function bucketKey(tenant: string) { return `gql:${tenant}:${Math.floor(Date.now()/1000)}` }
async function allow(tenant: string, limit=100, perSec=1) {
  const k = bucketKey(tenant)
  const n = await redis.incr(k)
  if (n === 1) await redis.expire(k, perSec)
  return n <= limit
}

const costMap: Record<string, number> = { Query__search: 5, Query__me: 1 }

export const complexityRule = createComplexityRule({
  maximumComplexity: 100,
  variables: {},
  createError: (max, actual) => new Error(`Complexity ${actual}/${max}`),
  estimators: [
    ({ typeName, fieldName }) => costMap[`${typeName}__${fieldName}`] ?? 1
  ]
})

export const rateLimitPlugin = {
  async requestDidStart(ctx) {
    const tenant = ctx.request.http?.headers.get('x-tenant') || 'anon'
    if (!(await allow(tenant))) throw new Error('rate limit exceeded')
    return {}
  }
}
```
"

CD040,1,user,"We're adding WebSockets at scale for notifications. How to design for millions of connections?"
CD040,2,assistant,"Shard connections, sticky route by user/tenant, use a Redis adapter for pub/sub fanout, keep payloads small, heartbeat, and auto-scale by connection count."
CD040,3,user,"Show sticky routing and Socket.IO Redis adapter usage."
CD040,4,assistant,"Nginx hash-based stickiness + Socket.IO adapter:\n\n```nginx
upstream ws_backend {
  hash $cookie_userid consistent;
  server ws1:3000;
  server ws2:3000;
}
server {
  location /socket.io/ {
    proxy_set_header Upgrade $http_upgrade;
    proxy_set_header Connection "upgrade";
    proxy_pass http://ws_backend;
  }
}
```

```ts
import { createAdapter } from '@socket.io/redis-adapter'
import { Server } from 'socket.io'
import { createClient } from 'redis'

const io = new Server(3000, { path: '/socket.io' })
const pub = createClient({ url: process.env.REDIS_URL })
const sub = createClient({ url: process.env.REDIS_URL })
await pub.connect(); await sub.connect()
io.adapter(createAdapter(pub, sub))
```
"

CD041,1,user,"We need to standardize feature telemetry across mobile and web for product analytics."
CD041,2,assistant,"Define an event schema, SDKs with validation, context enrichment, sampling and privacy filters, and server-side ingestion with governance."
CD041,3,user,"Provide a TypeScript SDK event schema and send function with validation."
CD041,4,assistant,"SDK shape with zod validation:\n\n```ts
import { z } from 'zod'

export const Event = z.object({
  type: z.string(),
  ts: z.string(),
  userId: z.string().optional(),
  anonId: z.string().optional(),
  props: z.record(z.any()).default({})
}).refine(e => !!(e.userId || e.anonId), { message: 'userId or anonId required' })

export async function track(ev: z.infer<typeof Event>) {
  const parsed = Event.parse(ev)
  await fetch('/collect', {
    method: 'POST', headers: { 'Content-Type': 'application/json' },
    body: JSON.stringify(parsed)
  })
}
```
"

CD042,1,user,"Large SQL migrations occasionally lock tables in MySQL. How can we make them online?"
CD042,2,assistant,"Use gh-ost or pt-online-schema-change, throttle based on replication lag, chunked copy, and safe cutover. Test on replicas and have a rollback plan."
CD042,3,user,"Show a gh-ost command with safe flags."
CD042,4,assistant,"gh-ost example:\n\n```bash
gh-ost \
  --host=db.primary \
  --user=ghost \
  --password='***' \
  --database=payments \
  --table=orders \
  --alter='ADD COLUMN processed_at TIMESTAMP NULL' \
  --allow-on-master \
  --cut-over=default \
  --exact-rowcount \
  --max-lag-millis=1500 \
  --chunk-size=1000 \
  --throttle-control-replicas=db.replica1,db.replica2 \
  --approve-renamed-columns \
  --execute
```
"

CD043,1,user,"TypeScript monorepo build times are high. We need incremental builds and isolated modules."
CD043,2,assistant,"Enable project references and composite builds, use `tsc -b`, cache with Nx/Turborepo, and limit global type augmentation."
CD043,3,user,"Show root and package tsconfig with references and a build script."
CD043,4,assistant,"tsconfig references + build:\n\n```json
// tsconfig.json (root)
{
  "files": [],
  "references": [
    { "path": "packages/lib-a" },
    { "path": "packages/service-b" }
  ]
}
```

```json
// packages/lib-a/tsconfig.json
{
  "compilerOptions": { "composite": true, "declaration": true, "outDir": "dist" },
  "include": ["src"]
}
```

```json
// packages/service-b/tsconfig.json
{
  "compilerOptions": { "composite": true, "outDir": "dist" },
  "references": [{ "path": "../lib-a" }],
  "include": ["src"]
}
```

```json
// package.json (scripts)
{ "scripts": { "build": "tsc -b", "clean": "tsc -b --clean" } }
```
"

CD044,1,user,"Implementing canary deploys on Kubernetes with Istio."
CD044,2,assistant,"Use DestinationRule subsets and VirtualService weights; automate steps and gates with Argo Rollouts."
CD044,3,user,"Provide VirtualService/DestinationRule with weights and subsets."
CD044,4,assistant,"Istio canary config:\n\n```yaml
apiVersion: networking.istio.io/v1alpha3
kind: DestinationRule
metadata: { name: api-dr }
spec:
  host: api
  subsets:
  - name: v1
    labels: { version: v1 }
  - name: v2
    labels: { version: v2 }
---
apiVersion: networking.istio.io/v1alpha3
kind: VirtualService
metadata: { name: api-vs }
spec:
  hosts: ["api"]
  http:
  - route:
    - destination: { host: api, subset: v1 }
      weight: 90
    - destination: { host: api, subset: v2 }
      weight: 10
```
"

CD045,1,user,"We need a secure file upload pipeline with antivirus scanning and content validation."
CD045,2,assistant,"Use presigned URLs to object storage; size/type validation; AV scan via queue workers; quarantine bucket; MIME sniffing; PDF sanitization; audit logs; retention policy."
CD045,3,user,"Provide S3 presign code and a scanner worker using ClamAV."
CD045,4,assistant,"Presign + AV worker:\n\n```ts
// presign.ts (@aws-sdk v3)
import { S3Client, PutObjectCommand } from '@aws-sdk/client-s3'
import { getSignedUrl } from '@aws-sdk/s3-request-presigner'
const s3 = new S3Client({})
export async function presign(key: string, type: string) {
  const cmd = new PutObjectCommand({ Bucket: process.env.BUCKET!, Key: key, ContentType: type })
  return await getSignedUrl(s3, cmd, { expiresIn: 300 })
}
```

```ts
// worker.ts (scan and move)
import { S3Client, GetObjectCommand, CopyObjectCommand, DeleteObjectCommand } from '@aws-sdk/client-s3'
import net from 'net'

async function clamScan(buf: Buffer) {
  return new Promise<boolean>((resolve, reject) => {
    const socket = net.createConnection(3310, 'clamav', () => {
      socket.write(Buffer.concat([Buffer.from('zINSTREAM\n'), buf, Buffer.from([0,0,0,0])]))
    })
    socket.on('data', d => resolve(!d.toString().includes('FOUND')))
    socket.on('error', reject)
  })
}

const s3 = new S3Client({})
export async function handle(key: string) {
  const obj = await s3.send(new GetObjectCommand({ Bucket: process.env.QUARANTINE!, Key: key }))
  const buf = Buffer.from(await obj.Body!.transformToByteArray())
  const clean = await clamScan(buf)
  if (!clean) return // quarantine retained
  await s3.send(new CopyObjectCommand({ Bucket: process.env.BUCKET!, CopySource: `${process.env.QUARANTINE}/${key}`, Key: key }))
  await s3.send(new DeleteObjectCommand({ Bucket: process.env.QUARANTINE!, Key: key }))
}
```
"

CD046,1,user,"We need feature flags across services using OpenFeature with consistent evaluation and fallbacks."
CD046,2,assistant,"Adopt OpenFeature SDKs, central flag provider, and per‑lang hooks. Let's wire Go + Node with the same flag."
CD046,3,user,"Show Go and Node OpenFeature setup reading the same flag."
CD046,4,assistant,"Go + Node setup:\n\n```go
// main.go
import (
  ofe "github.com/open-feature/go-sdk/openfeature"
  httpserver "net/http"
)
func main(){
  client := ofe.NewClient("api")
  v, _ := client.BooleanValue("new_checkout", false, ofe.EvaluationContext{TargetingKey: "user_123"})
  if v { /* new path */ } else { /* old path */ }
  httpserver.ListenAndServe(":8080", nil)
}
```

```ts
// app.ts
import { OpenFeature } from '@openfeature/js-sdk'
const client = OpenFeature.getClient('web')
const v = await client.getBooleanValue('new_checkout', false, { targetingKey: 'user_123' })
if (v) { /* new */ } else { /* old */ }
```
"

CD047,1,user,"We need Kafka Connect + Debezium for CDC to sink Postgres changes to Kafka with schema evolution."
CD047,2,assistant,"Use Debezium PostgreSQL connector with Avro and Confluent Schema Registry in BACKWARD mode."
CD047,3,user,"Provide connector config JSON and a registry compatibility call."
CD047,4,assistant,"Connector + compatibility:\n\n```json
{
  "name": "inventory-connector",
  "config": {
    "connector.class": "io.debezium.connector.postgresql.PostgresConnector",
    "database.hostname": "db",
    "database.port": "5432",
    "database.user": "debezium",
    "database.password": "***",
    "database.dbname": "inventory",
    "database.server.name": "pg",
    "tombstones.on.delete": "false",
    "slot.name": "debezium",
    "plugin.name": "pgoutput",
    "schema.history.internal.kafka.topic": "schema-history",
    "key.converter": "io.confluent.connect.avro.AvroConverter",
    "key.converter.schema.registry.url": "http://schema-registry:8081",
    "value.converter": "io.confluent.connect.avro.AvroConverter",
    "value.converter.schema.registry.url": "http://schema-registry:8081"
  }
}
```

```bash
echo '{"compatibility":"BACKWARD"}' | curl -X PUT -H 'Content-Type: application/json' \
  --data @- http://schema-registry:8081/config
```
"

CD048,1,user,"Instrument a Go gRPC service with OpenTelemetry for server and client, including traces and metrics."
CD048,2,assistant,"Use otelgrpc interceptors on both sides, export OTLP to a collector, and add basic counters."
CD048,3,user,"Show Go server/client setup with interceptors."
CD048,4,assistant,"Go gRPC + OTel:\n\n```go
// server.go
import (
  "go.opentelemetry.io/contrib/instrumentation/google.golang.org/grpc/otelgrpc"
  "google.golang.org/grpc"
)
lis, _ := net.Listen("tcp", ":50051")
s := grpc.NewServer(
  grpc.UnaryInterceptor(otelgrpc.UnaryServerInterceptor()),
  grpc.StreamInterceptor(otelgrpc.StreamServerInterceptor()),
)
pb.RegisterGreeterServer(s, &server{})
s.Serve(lis)
```

```go
// client.go
conn, _ := grpc.Dial("server:50051", grpc.WithInsecure(),
  grpc.WithUnaryInterceptor(otelgrpc.UnaryClientInterceptor()),
  grpc.WithStreamInterceptor(otelgrpc.StreamClientInterceptor()),
)
client := pb.NewGreeterClient(conn)
resp, _ := client.SayHello(ctx, &pb.HelloRequest{Name: "x"})
```
"

CD049,1,user,"Postgres table is huge; we need time partitioning and pruning to speed up queries and retention."
CD049,2,assistant,"Use native declarative partitioning by RANGE on date, attach monthly partitions, and drop old ones with a job."
CD049,3,user,"Provide DDL for partitioned table and a retention function."
CD049,4,assistant,"SQL for partitions + retention:\n\n```sql
create table events (
  id bigserial primary key,
  ts timestamptz not null,
  tenant uuid not null,
  payload jsonb
) partition by range (ts);

create table events_2025_09 partition of events for values from ('2025-09-01') to ('2025-10-01');
create index on events_2025_09 (tenant, ts);

-- retention: drop partitions older than N months
create or replace function drop_old_partitions(months int) returns void as $$
declare r record; begin
  for r in select relname from pg_class where relname like 'events_%' loop
    perform 1; -- evaluate name to date and drop if older
  end loop;
end; $$ language plpgsql;
```
"

CD050,1,user,"We need signed access to CloudFront content and expiring links for video downloads."
CD050,2,assistant,"Use CloudFront signed cookies/URLs with key pairs; generate signed URL server-side."
CD050,3,user,"Provide Node code to sign a CloudFront URL."
CD050,4,assistant,"Node signer:\n\n```ts
import { getSignedUrl } from '@aws-sdk/cloudfront-signer'
const url = getSignedUrl({
  url: 'https://dxxxx.cloudfront.net/video.mp4',
  keyPairId: process.env.KP_ID!,
  dateLessThan: new Date(Date.now()+3600_000).toISOString(),
  privateKey: process.env.PRIVATE_KEY_PEM!
})
console.log(url)
```
"

CD051,1,user,"Reduce egress/NAT costs on EKS by using VPC endpoints and shared NAT gateways."
CD051,2,assistant,"Create Interface/ Gateway endpoints for AWS services, route S3/Dynamo over endpoints, and consolidate NAT in private subnets."
CD051,3,user,"Provide Terraform for S3/Dynamo endpoints and route tables."
CD051,4,assistant,"Terraform:\n\n```hcl
resource "aws_vpc_endpoint" "s3" {
  vpc_id       = aws_vpc.main.id
  service_name = "com.amazonaws.${var.region}.s3"
  vpc_endpoint_type = "Gateway"
  route_table_ids = [aws_route_table.private.id]
}
resource "aws_vpc_endpoint" "dynamodb" {
  vpc_id       = aws_vpc.main.id
  service_name = "com.amazonaws.${var.region}.dynamodb"
  vpc_endpoint_type = "Gateway"
  route_table_ids = [aws_route_table.private.id]
}
```
"

CD052,1,user,"We need to migrate Postgres with logical replication to a new cluster with near-zero downtime."
CD052,2,assistant,"Use `pg_create_logical_replication_slot`, publish tables, subscribe on target, sync, then switchover."
CD052,3,user,"Provide SQL for publication/subscription and a switchover checklist."
CD052,4,assistant,"SQL + steps:\n\n```sql
-- source
create publication app_pub for table public.orders, public.users;
-- target
create subscription app_sub connection 'host=src port=5432 dbname=app user=rep password=***' publication app_pub;
```

Checklist:
- Ensure PKs on replicated tables
- Compare row counts and checksums
- Stop writes briefly; catch up LSN; drop subscription; point apps to target
"

CD053,1,user,"CPU-bound Node code blocks event loop; we need to isolate it."
CD053,2,assistant,"Move CPU tasks to worker_threads or a separate service; use a job queue and backpressure."
CD053,3,user,"Show worker_threads usage with a pool."
CD053,4,assistant,"Worker pool:\n\n```ts
import { Worker } from 'worker_threads'
const pool: Worker[] = []
for (let i=0;i<4;i++) pool.push(new Worker('./cpu.js'))
let next = 0
export function runJob(payload: any) {
  return new Promise((res) => {
    const w = pool[next]; next = (next+1)%pool.length
    w.once('message', res); w.postMessage(payload)
  })
}
```
"

CD054,1,user,"We need read scaling via Prisma with a primary for writes and replicas for reads."
CD054,2,assistant,"Use Prisma datasource with multiple URLs and a middleware to route read queries to a replica."
CD054,3,user,"Provide Prisma config and middleware sample."
CD054,4,assistant,"Prisma setup:\n\n```prisma
// schema.prisma
datasource db {
  provider = "postgresql"
  url      = env("DATABASE_URL")
  shadowDatabaseUrl = env("SHADOW_DATABASE_URL")
}
```

```ts
// read-replica.ts
import { PrismaClient } from '@prisma/client'
const primary = new PrismaClient({ datasources: { db: { url: process.env.DATABASE_URL! } } })
const replica = new PrismaClient({ datasources: { db: { url: process.env.REPLICA_URL! } } })
export const prisma = primary
prisma.$use(async (params, next) => {
  const isRead = params.model && params.action?.startsWith('find')
  return isRead ? replica.$queryRaw`${params.args}` : next(params)
})
```
"

CD055,1,user,"We want persisted queries and CDN caching for GraphQL to cut load."
CD055,2,assistant,"Persist query hashes server-side, only allow hashed requests in prod, and cache GET requests at CDN with short TTL and auth-aware keys."
CD055,3,user,"Provide Apollo Server persisted query setup and CDN cache headers."
CD055,4,assistant,"Apollo + cache headers:\n\n```ts
import { ApolloServerPluginInlineTraceDisabled, ApolloServerPluginUsageReportingDisabled } from '@apollo/server/plugin'
import { createPersistedQueryPlugin } from '@apollo/server-plugin-persisted-queries'

const server = new ApolloServer({
  typeDefs, resolvers,
  plugins: [
    ApolloServerPluginInlineTraceDisabled(),
    ApolloServerPluginUsageReportingDisabled(),
    createPersistedQueryPlugin()
  ]
})

// set Cache-Control for GET persisted queries
app.get('/graphql', (req,res,next) => { res.set('Cache-Control','public, max-age=60'); next() })
```
"

CD056,1,user,"We need HPA on custom metrics (QPS) via Prometheus Adapter."
CD056,2,assistant,"Expose per‑pod QPS as a Prometheus metric, configure adapter rules, and add an HPA referencing the external metric."
CD056,3,user,"Provide adapter ConfigMap and HPA YAML."
CD056,4,assistant,"Adapter + HPA:\n\n```yaml
apiVersion: v1
kind: ConfigMap
metadata: { name: adapter-config, namespace: custom-metrics }
data:
  config.yaml: |
    rules:
      - seriesQuery: 'http_server_requests_per_second{namespace!="",pod!=""}'
        resources: { template: <<.Resource>> }
        name: { matches: "^http_server_requests_per_second$", as: "qps" }
        metricsQuery: sum(rate(http_server_requests_total[1m])) by (<<.GroupBy>>)
---
apiVersion: autoscaling/v2
kind: HorizontalPodAutoscaler
metadata: { name: web }
spec:
  scaleTargetRef: { apiVersion: apps/v1, kind: Deployment, name: web }
  minReplicas: 2
  maxReplicas: 50
  metrics:
  - type: Pods
    pods:
      metric: { name: qps }
      target: { type: AverageValue, averageValue: 5 }
```
"

CD057,1,user,"We need a sliding window rate limiter in Go backed by Redis."
CD057,2,assistant,"Use a sorted set per key with timestamps; trim old entries; allow if count <= limit."
CD057,3,user,"Provide the Go code."
CD057,4,assistant,"Go + Redis ZSET limiter:\n\n```go
func Allow(ctx context.Context, rdb *redis.Client, key string, limit int, window time.Duration) (bool, error) {
  now := time.Now().UnixNano()
  zkey := fmt.Sprintf("rl:%s", key)
  pipe := rdb.TxPipeline()
  pipe.ZAdd(ctx, zkey, redis.Z{Score: float64(now), Member: now})
  pipe.ZRemRangeByScore(ctx, zkey, "-inf", fmt.Sprint(float64(now)-float64(window)))
  cnt := pipe.ZCard(ctx, zkey)
  pipe.Expire(ctx, zkey, window)
  if _, err := pipe.Exec(ctx); err != nil { return false, err }
  n, _ := cnt.Result()
  return int(n) <= limit, nil
}
```
"

CD058,1,user,"We want Iceberg tables for our data lake with Spark and schema evolution."
CD058,2,assistant,"Create Iceberg catalog, write Parquet to Iceberg tables, and evolve schema with ADD COLUMN."
CD058,3,user,"Provide Spark SQL to create and write to an Iceberg table."
CD058,4,assistant,"Spark SQL:\n\n```sql
-- catalog
spark.sql("CREATE CATALOG lakehouse USING 'org.apache.iceberg.spark.SparkCatalog' TBLPROPERTIES ('type'='hadoop','warehouse'='hdfs:///warehouse')")

-- table
spark.sql("CREATE TABLE lakehouse.db.events (id string, ts timestamp, amount double) USING iceberg")

-- write
df.writeTo("lakehouse.db.events").append()

-- evolve
spark.sql("ALTER TABLE lakehouse.db.events ADD COLUMN user_id string")
```
"

CD059,1,user,"We need to enforce cluster policies via OPA Gatekeeper for image registries and resource limits."
CD059,2,assistant,"Create ConstraintTemplates with Rego and Constraints for your namespaces; deny non-compliant resources."
CD059,3,user,"Provide a template and a constraint example."
CD059,4,assistant,"Gatekeeper config:\n\n```yaml
apiVersion: templates.gatekeeper.sh/v1beta1
kind: ConstraintTemplate
metadata: { name: k8sallowedrepos }
spec:
  crd:
    spec:
      names: { kind: K8sAllowedRepos }
      validation: { openAPIV3Schema: { properties: { repos: { type: array, items: { type: string } } } } }
  targets:
  - target: admission.k8s.gatekeeper.sh
    rego: |
      package k8sallowedrepos
      violation[{"msg": msg}] {
        container := input.review.object.spec.containers[_]
        not startswith(container.image, input.parameters.repos[_])
        msg := sprintf("image %v not in allowed repos", [container.image])
      }
---
apiVersion: constraints.gatekeeper.sh/v1beta1
kind: K8sAllowedRepos
metadata: { name: enforce-allowed-repos }
spec:
  match: { kinds: [ { apiGroups: [""], kinds: ["Pod"] } ] }
  parameters: { repos: ["ghcr.io/acme/", "123456789.dkr.ecr.us-east-1.amazonaws.com/"] }
```
"

CD060,1,user,"We need keyset pagination to avoid OFFSET performance issues on a large table."
CD060,2,assistant,"Use a stable ordering (created_at, id), pass the last seen values as a cursor, and filter with `>` not OFFSET."
CD060,3,user,"Provide SQL and API code for keyset pagination."
CD060,4,assistant,"SQL + Node API:\n\n```sql
-- initial page
select * from orders
where tenant_id = $1
order by created_at asc, id asc
limit 50;

-- next page using (created_at,id) cursor
select * from orders
where tenant_id = $1
  and (created_at, id) > ($2, $3)
order by created_at asc, id asc
limit 50;
```

```ts
// api.ts
app.get('/orders', async (req,res) => {
  const { afterTs, afterId } = req.query
  const rows = await db.any(sql, [req.tenant, afterTs||null, afterId||null])
  const last = rows[rows.length-1]
  res.json({ rows, next: { afterTs: last?.created_at, afterId: last?.id } })
})
```
"

CD061,1,user,"React server components with streaming SSR need SEO-friendly metadata per route." 
CD061,2,assistant,"Use Next.js metadata API, avoid client head mutations pre-hydration, and generate open graph tags server-side." 
CD061,3,user,"Show a route generating dynamic metadata and streaming content." 
CD061,4,assistant,"Next.js app router:\n\n```ts
// app/products/[id]/page.tsx
export async function generateMetadata({ params }) {
  const p = await fetch(`https://api/p/${params.id}`, { cache: 'no-store' }).then(r=>r.json())
  return { title: p.name, openGraph: { title: p.name, images: [p.image] } }
}
export default async function Page({ params }) {
  const data = await fetch(`https://api/d/${params.id}`, { next: { revalidate: 60 }}).then(r=>r.json())
  return <Suspense fallback={<Skeleton/>}>{/* stream sub-parts */}</Suspense>
}
```"

CD062,1,user,"We must throttle costly background jobs per tenant using Redis and prevent stampedes." 
CD062,2,assistant,"Use a Redis distributed rate limiter + per-tenant locks and jittered schedules." 
CD062,3,user,"Provide a Lua script limiter and Node wrapper." 
CD062,4,assistant,"Redis Lua + Node:\n\n```lua
-- limiter.lua
local key = KEYS[1]
local limit = tonumber(ARGV[1])
local window = tonumber(ARGV[2])
local now = tonumber(ARGV[3])
redis.call('zremrangebyscore', key, 0, now-window)
local n = redis.call('zcard', key)
if n < limit then
  redis.call('zadd', key, now, now)
  redis.call('pexpire', key, window)
  return 1
else
  return 0
end
```

```ts
// limiter.ts
const lua = fs.readFileSync('limiter.lua','utf-8')
const sha = await redis.scriptLoad(lua)
export async function allow(key: string, limit=5, windowMs=1000) {
  const now = Date.now()
  const ok = await redis.evalSha(sha, { keys: [key], arguments: [String(limit), String(windowMs), String(now)] })
  return ok === 1
}
```
"

CD063,1,user,"We need an ingestion service in Go that validates JSON payloads against a schema and publishes to Kafka." 
CD063,2,assistant,"Use gojsonschema for validation and Sarama for Kafka; reject invalid payloads with 400." 
CD063,3,user,"Provide the handler and producer code." 
CD063,4,assistant,"Go handler + producer:\n\n```go
var schemaLoader = gojsonschema.NewStringLoader(`{ "type":"object", "required":["id"], "properties":{ "id": {"type":"string"} } }`)
producer, _ := sarama.NewSyncProducer([]string{"kafka:9092"}, sarama.NewConfig())

func ingest(w http.ResponseWriter, r *http.Request){
  var m map[string]any
  json.NewDecoder(r.Body).Decode(&m)
  res, _ := gojsonschema.Validate(schemaLoader, gojsonschema.NewGoLoader(m))
  if !res.Valid() { http.Error(w, "bad request", 400); return }
  b, _ := json.Marshal(m)
  producer.SendMessage(&sarama.ProducerMessage{ Topic: "ingest", Value: sarama.ByteEncoder(b) })
  w.WriteHeader(202)
}
```
"

CD064,1,user,"We need a secure download flow with one-time signed URLs and audit logging." 
CD064,2,assistant,"Issue short-lived one-time tokens, log access, and invalidate after first use; proxy through backend." 
CD064,3,user,"Provide Node code for token mint/verify and S3 proxy." 
CD064,4,assistant,"Node + S3 proxy:\n\n```ts
// token.ts
import jwt from 'jsonwebtoken'
export function mint(userId: string, key: string) {
  return jwt.sign({ sub: userId, key }, process.env.JWT_SECRET!, { expiresIn: '5m' })
}
export function verify(t: string){ return jwt.verify(t, process.env.JWT_SECRET!) }
```

```ts
// download.ts
app.get('/download', async (req,res) => {
  const { token } = req.query
  const { sub, key } = verify(String(token)) as any
  const used = await r.get(`dl:${token}`)
  if (used) return res.status(410).end()
  await r.setEx(`dl:${token}`, 3600, '1')
  const stream = await s3.getObject({ Bucket: B, Key: key })
  stream.createReadStream().pipe(res)
})
```
"

CD065,1,user,"Our Kubernetes cluster needs network policies to restrict pod egress except to specific services." 
CD065,2,assistant,"Use Calico/KNP egress rules restricting namespaces/IPs/domains via egress policies." 
CD065,3,user,"Provide a NetworkPolicy that only allows DNS+S3 egress." 
CD065,4,assistant,"K8s NetworkPolicy:\n\n```yaml
apiVersion: networking.k8s.io/v1
kind: NetworkPolicy
metadata: { name: default-deny-egress, namespace: app }
spec:
  podSelector: {}
  policyTypes: [Egress]
  egress:
  - to:
    - namespaceSelector: { matchLabels: { kube-system: 'true' } } # DNS
    - ipBlock: { cidr: 10.0.0.0/8 } # VPC endpoints
    ports:
    - protocol: UDP
      port: 53
    - protocol: TCP
      port: 53
```
"

CD066,1,user,"We need a safe rollout of database config toggles (statement_timeout, lock_timeout) without outages." 
CD066,2,assistant,"Ship toggles behind feature flags, apply per-session via SET LOCAL, measure, then promote to server defaults." 
CD066,3,user,"Provide code to set per-request timeouts and a migration to change defaults." 
CD066,4,assistant,"App + migration:\n\n```ts
// pg-timeouts.ts
await db.none('set local statement_timeout = 5000');
await db.none('set local lock_timeout = 1000');
```

```sql
-- migration after validation
alter system set statement_timeout = '5s';
select pg_reload_conf();
```
"

CD067,1,user,"We need gRPC-Web support with Envoy translating to gRPC backends and CORS." 
CD067,2,assistant,"Use Envoy grpc_web filter, CORS, and route to backend cluster with timeouts/retries." 
CD067,3,user,"Provide an Envoy config snippet." 
CD067,4,assistant,"Envoy gRPC-Web:\n\n```yaml
http_filters:
- name: envoy.filters.http.cors
- name: envoy.filters.http.grpc_web
- name: envoy.filters.http.router
route_config:
  virtual_hosts:
  - name: web
    domains: ["*"]
    routes:
    - match: { prefix: "/" }
      route: { cluster: grpc, timeout: 5s }
```
"

CD068,1,user,"We need to compress large JSON responses and stream them without blocking the event loop (Node)." 
CD068,2,assistant,"Use zlib stream with pipeline, set Content-Encoding, and avoid building entire payload in memory." 
CD068,3,user,"Provide code that streams NDJSON through gzip." 
CD068,4,assistant,"Node streaming gzip:\n\n```ts
import { createGzip } from 'zlib'
import { pipeline } from 'stream/promises'

app.get('/export', async (req,res) => {
  res.setHeader('Content-Encoding','gzip')
  const gz = createGzip()
  await pipeline(db.streamNDJSON(), gz, res)
})
```
"

CD069,1,user,"We need WebSocket reconnect with exponential backoff and jitter on the client." 
CD069,2,assistant,"Implement a reconnect loop with capped exponential backoff and random jitter." 
CD069,3,user,"Provide a minimal TS client." 
CD069,4,assistant,"Client reconnect:\n\n```ts
function connect() {
  let attempt = 0, ws: WebSocket
  const url = 'wss://example.com/ws'
  const go = () => {
    ws = new WebSocket(url)
    ws.onopen = () => { attempt = 0 }
    ws.onclose = () => {
      attempt++
      const backoff = Math.min(2**attempt * 250, 8000) + Math.floor(Math.random()*250)
      setTimeout(go, backoff)
    }
  }
  go()
}
```
"

CD070,1,user,"We need to sanitize and validate uploaded PDFs for malware and strip risky content." 
CD070,2,assistant,"Run ClamAV scan, re-render PDFs via qpdf/ghostscript, and remove JavaScript/annotations." 
CD070,3,user,"Provide a sanitize worker example." 
CD070,4,assistant,"Worker (bash):\n\n```bash
clamdscan --fdpass "$1" || { echo infected; exit 1; }
qpdf --linearize --object-streams=generate "$1" clean.pdf
gs -o sanitized.pdf -sDEVICE=pdfwrite -dSAFER -dNOPAUSE -dBATCH -sProcessColorModel=DeviceRGB -f clean.pdf
```
"

CD071,1,user,"We need a Python data validation layer using Pydantic v2 for API inputs." 
CD071,2,assistant,"Define models, use FastAPI integration, and validate types/constraints with clear errors." 
CD071,3,user,"Provide a model and endpoint." 
CD071,4,assistant,"FastAPI + Pydantic v2:\n\n```python
from fastapi import FastAPI
from pydantic import BaseModel, Field, ValidationError

class Order(BaseModel):
    id: str
    amount: float = Field(ge=0)

app = FastAPI()
@app.post('/orders')
async def create(o: Order):
    return o
```
"

CD072,1,user,"We need a safe S3 multipart upload with checksum validation and abort on failure." 
CD072,2,assistant,"Use multipart APIs, content-md5 for parts, and abort on any error; finalize with CompleteMultipartUpload." 
CD072,3,user,"Provide Node code to upload parts with checksums." 
CD072,4,assistant,"Node multipart (v3):\n\n```ts
const s3 = new S3Client({})
const { UploadId } = await s3.send(new CreateMultipartUploadCommand({ Bucket: B, Key: K }))
for (const [i, part] of parts.entries()) {
  const md5 = crypto.createHash('md5').update(part).digest('base64')
  await s3.send(new UploadPartCommand({ Bucket: B, Key: K, UploadId, PartNumber: i+1, Body: part, ContentMD5: md5 }))
}
await s3.send(new CompleteMultipartUploadCommand({ Bucket: B, Key: K, UploadId, MultipartUpload: { Parts: parts.map((_,i)=>({ ETag: etags[i], PartNumber: i+1 })) } }))
```
"

CD073,1,user,"We need a Postgres LISTEN/NOTIFY channel to invalidate caches across services." 
CD073,2,assistant,"Use NOTIFY on data changes and have services LISTEN and flush Redis keys by pattern." 
CD073,3,user,"Provide SQL trigger and Node listener." 
CD073,4,assistant,"SQL + listener:\n\n```sql
create function notify_item_change() returns trigger as $$
begin perform pg_notify('item_changed', NEW.id::text); return NEW; end; $$ language plpgsql;
create trigger t after insert or update or delete on items for each row execute procedure notify_item_change();
```

```ts
const pg = new Client({ connectionString: process.env.DSN })
await pg.connect(); await pg.query('listen item_changed')
pg.on('notification', (m) => redis.publish('invalidate', m.payload!))
```
"

CD074,1,user,"We need headless Chrome scraping with stealth and rotating proxies." 
CD074,2,assistant,"Use puppeteer-extra with stealth plugin, rotate proxies per run, respect robots, and backoff on bans." 
CD074,3,user,"Provide a minimal script." 
CD074,4,assistant,"puppeteer-extra:\n\n```ts
import puppeteer from 'puppeteer-extra'
import StealthPlugin from 'puppeteer-extra-plugin-stealth'
puppeteer.use(StealthPlugin())

const browser = await puppeteer.launch({ args: [`--proxy-server=${proxy}`] })
const page = await browser.newPage()
await page.goto(url, { waitUntil: 'domcontentloaded' })
const data = await page.$$eval('h1', els => els.map(e=>e.textContent))
await browser.close()
```
"

CD075,1,user,"We need to shard Jest tests across runners and retry failed tests locally." 
CD075,2,assistant,"Use jest --listTests json to split, run subsets per runner, and use jest-circus retry plugin locally." 
CD075,3,user,"Provide a sharding script and a local retry config." 
CD075,4,assistant,"Scripts:\n\n```js
// list-tests.js
const { spawnSync } = require('node:child_process')
const out = spawnSync('npx', ['jest','--listTests','--json']).stdout.toString()
console.log(JSON.parse(out).join('\n'))
```

```js
// jest.config.js
module.exports = { testRunner: 'jest-circus/runner', testRetryTimes: 2 }
```
"

CD076,1,user,"We need to secure public APIs with API keys and per-key rate limits in FastAPI." 
CD076,2,assistant,"Add an APIKey header dependency, validate against DB, and apply per-key limiter." 
CD076,3,user,"Provide code." 
CD076,4,assistant,"FastAPI API keys + rate limit:\n\n```python
from fastapi import Depends, FastAPI, HTTPException
from fastapi.security.api_key import APIKeyHeader

api_key_header = APIKeyHeader(name='x-api-key')
app = FastAPI()

async def get_key(key: str = Depends(api_key_header)):
    if not await db.is_valid(key):
        raise HTTPException(401, 'invalid')
    return key

@app.get('/data')
async def data(key: str = Depends(get_key)):
    if not await allow(key):
        raise HTTPException(429, 'rate limit')
    return { 'ok': True }
```
"

CD077,1,user,"We need to add Structured Logging (JSON) across services with correlation IDs." 
CD077,2,assistant,"Emit JSON logs, include trace/request IDs, redact PII, and attach severity; ship via Fluent Bit." 
CD077,3,user,"Provide a Node logger setup and middleware injecting correlation IDs." 
CD077,4,assistant,"Logger + middleware:\n\n```ts
import pino from 'pino'
export const logger = pino({ level: 'info', transport: { target: 'pino-pretty' } })
export function withCorr(req,res,next){ req.id = req.headers['x-request-id'] || crypto.randomUUID(); next() }
app.use(withCorr)
app.use((req,res,next)=>{ req.log = logger.child({ req_id: req.id }); next() })
```
"

CD078,1,user,"We need to add S3 Object Lambda to transform objects on the fly (redact fields)." 
CD078,2,assistant,"Create an Object Lambda Access Point, Lambda transforms JSON, and clients access via the OLAP endpoint." 
CD078,3,user,"Provide Lambda code that redacts email fields." 
CD078,4,assistant,"Lambda (Node):\n\n```ts
export const handler = async (event) => {
  const obj = JSON.parse(event.object)
  if (obj.email) delete obj.email
  return { status_code: 200, body: JSON.stringify(obj) }
}
```
"

CD079,1,user,"We need to implement a CQRS read model with Elasticsearch that updates from a Kafka topic." 
CD079,2,assistant,"Consume from Kafka, transform events to ES documents, and handle retries with DLQ."
CD079,3,user,"Provide Node code using kafkajs and @elastic/elasticsearch." 
CD079,4,assistant,"Consumer to ES:\n\n```ts
import { Kafka } from 'kafkajs'
import { Client as ES } from '@elastic/elasticsearch'
const kafka = new Kafka({ brokers: ['kafka:9092'] })
const es = new ES({ node: 'http://es:9200' })

const consumer = kafka.consumer({ groupId: 'read-model' })
await consumer.subscribe({ topic: 'orders', fromBeginning: true })
await consumer.run({ eachMessage: async ({ message }) => {
  const ev = JSON.parse(message.value!.toString())
  await es.index({ index: 'orders', id: ev.id, document: ev })
}})
```
"

CD080,1,user,"We need end-to-end tracing across services including a message bus (Kafka)." 
CD080,2,assistant,"Propagate trace context in HTTP and Kafka headers, create spans for producers/consumers, and export to OTLP." 
CD080,3,user,"Provide Node instrumentation for producer and consumer with W3C trace headers." 
CD080,4,assistant,"Node tracing with context:\n\n```ts
import { context, propagation, trace } from '@opentelemetry/api'
const tracer = trace.getTracer('app')

// producer
const span = tracer.startSpan('kafka.produce')
const headers = {}
propagation.inject(context.active(), headers)
producer.send({ topic: 'orders', messages: [{ value: JSON.stringify(ev), headers }] })
span.end()

// consumer
await consumer.run({ eachMessage: async ({ message }) => {
  const ctx = propagation.extract(context.active(), message.headers as any)
  await context.with(ctx, async () => {
    const span = tracer.startSpan('kafka.consume')
    // handle
    span.end()
  })
})
```
"

CD081,1,user,"We need to shard a Postgres table by tenant to reduce contention (logical sharding)."
CD081,2,assistant,"Route queries by tenant to different schemas/DBs via a router; consistent hashing of tenantId; ensure global IDs map to tenant shards."
CD081,3,user,"Provide a Node router and a migration for per-tenant schema." 
CD081,4,assistant,"Router + schema:\n\n```ts
const SHARDS = [{ dsn: process.env.DSN_A! }, { dsn: process.env.DSN_B! }]
function shard(tenant: string){ return SHARDS[murmurhash.v3(tenant)%SHARDS.length] }
export function dbFor(tenant: string){ return new Client(shard(tenant).dsn) }
```

```sql
create schema if not exists tenant_abc;
create table if not exists tenant_abc.orders (id uuid primary key, created_at timestamptz not null);
```
"

CD082,1,user,"We need cross-account AWS KMS decryption with an assumed role from our CI."
CD082,2,assistant,"Use OIDC to assume a role in target account, grant KMS key policy to that role, and decrypt via AWS SDK." 
CD082,3,user,"Provide policy snippets and a decrypt call." 
CD082,4,assistant,"KMS policy + decrypt:\n\n```json
{
  "Version": "2012-10-17",
  "Statement": [
    { "Effect": "Allow", "Principal": { "AWS": "arn:aws:iam::123:role/GitHubOIDC" }, "Action": ["kms:Decrypt"], "Resource": "*" }
  ]
}
```

```ts
const kms = new KMSClient({})
const out = await kms.send(new DecryptCommand({ CiphertextBlob: b64ToBuf(ct) }))
```
"

CD083,1,user,"We need a Redis Streams consumer group with at-least-once processing and dead-letter."
CD083,2,assistant,"Create XGROUP, XREADGROUP with BLOCK, XACK on success, XCLAIM stale messages; push failures to DLQ stream." 
CD083,3,user,"Provide Node consumer code." 
CD083,4,assistant,"Node xgroup consumer:\n\n```ts
await r.xGroupCreate('mystream','workers','$',{ MKSTREAM: true })
while (true){
  const msgs = await r.xReadGroup('workers','w1',[{ key: 'mystream', id: '>'}],{ COUNT: 10, BLOCK: 5000 })
  for (const m of msgs||[]){
    try { await handle(m); await r.xAck('mystream','workers', m.id) }
    catch(e){ await r.xAdd('dlq','*', m.fields) }
  }
}
```
"

CD084,1,user,"We need a secure webhook handler verifying HMAC signatures from a provider." 
CD084,2,assistant,"Compute HMAC over raw body with shared secret, compare with timingSafeEqual, reject mismatches." 
CD084,3,user,"Provide Express middleware code." 
CD084,4,assistant,"Express HMAC verify:\n\n```ts
app.post('/webhook', express.raw({ type: '*/*' }), (req,res) => {
  const sig = req.get('x-signature')!
  const mac = crypto.createHmac('sha256', process.env.SECRET!).update(req.body).digest('hex')
  if (!timingSafeEqual(Buffer.from(sig,'hex'), Buffer.from(mac,'hex'))) return res.status(401).end()
  handle(JSON.parse(req.body.toString())); res.status(204).end()
})
```
"

CD085,1,user,"We need to run blue/green deployments on ECS with CodeDeploy and automatic rollback on alarm." 
CD085,2,assistant,"Create a CodeDeploy application/deployment group with blue/green, attach CloudWatch alarms, and use weighted target groups." 
CD085,3,user,"Provide a CloudFormation snippet." 
CD085,4,assistant,"CloudFormation (abridged):\n\n```yaml
Resources:
  DeploymentGroup:
    Type: AWS::CodeDeploy::DeploymentGroup
    Properties:
      ApplicationName: !Ref App
      DeploymentConfigName: CodeDeployDefault.ECSAllAtOnce
      DeploymentStyle: { DeploymentType: BLUE_GREEN, DeploymentOption: WITH_TRAFFIC_CONTROL }
      BlueGreenDeploymentConfiguration:
        TerminateBlueInstancesOnDeploymentSuccess: { Action: TERMINATE, TerminationWaitTimeInMinutes: 5 }
      AutoRollbackConfiguration: { Enabled: true, Events: [DEPLOYMENT_FAILURE, DEPLOYMENT_STOP_ON_ALARM] }
      AlarmConfiguration:
        Enabled: true
        Alarms: [ { Name: !Ref ErrorAlarm } ]
```
"

CD086,1,user,"We need a CRDT-based shopping cart that merges offline changes on sync (Automerge)."
CD086,2,assistant,"Use Automerge for cart state; merge on reconnect; resolve conflicts by CRDT semantics; persist document locally." 
CD086,3,user,"Provide client code to update and merge carts." 
CD086,4,assistant,"Automerge client:\n\n```ts
import * as A from '@automerge/automerge'
let doc = A.init()
doc = A.change(doc, d => { d.items = [] })
function addItem(sku){ doc = A.change(doc, d => { d.items.push({ sku, qty: 1 }) }) }
function merge(remote){ doc = A.merge(doc, remote) }
```
"

CD087,1,user,"We need a secure password storage strategy with Argon2id and pepper, plus rotation." 
CD087,2,assistant,"Use Argon2id, per-user salt, a server-side pepper in an HSM/Secret Manager, and versioned parameters for rotation." 
CD087,3,user,"Provide hashing/verify code in Node." 
CD087,4,assistant,"Argon2id with pepper:\n\n```ts
import argon2 from 'argon2'
const PEPPER = process.env.PEPPER!
export async function hash(pw: string){ return argon2.hash(pw + PEPPER, { type: argon2.argon2id }) }
export async function verify(pw: string, h: string){ return argon2.verify(h, pw + PEPPER) }
```
"

CD088,1,user,"We need gRPC health checks and readiness in Go for Kubernetes probes." 
CD088,2,assistant,"Implement gRPC health service, wire HTTP gRPC‑health probe, and expose /ready for app readiness." 
CD088,3,user,"Provide code." 
CD088,4,assistant,"Go health server:\n\n```go
import health "google.golang.org/grpc/health/grpc_health_v1"
import hs "google.golang.org/grpc/health"
hs := hs.NewServer()
health.RegisterHealthServer(grpcServer, hs)
hs.SetServingStatus("", health.HealthCheckResponse_SERVING)
```

Readiness HTTP handler:
```go
http.HandleFunc("/ready", func(w http.ResponseWriter, r *http.Request){ w.WriteHeader(200) })
```
"

CD089,1,user,"We need a BigQuery scheduled query to backfill a materialized table daily and notify on failure." 
CD089,2,assistant,"Use Scheduled Queries with Cloud Scheduler/PubSub or BigQuery Scheduled Queries UI; send alerts via Cloud Monitoring policy." 
CD089,3,user,"Provide SQL and a gcloud command to create the schedule." 
CD089,4,assistant,"SQL + gcloud:\n\n```sql
create table if not exists analytics.daily as
select date(ts) as dt, count(*) as c from raw.events group by dt;
```

```bash
gcloud beta bigquery scheduled-queries create daily-job \
  --display_name="daily" --schedule="every 24 hours" \
  --query_file=./daily.sql --destination_table=analytics.daily --write_disposition=WRITE_TRUNCATE
```
"

CD090,1,user,"We need to secure cookies with SameSite, HttpOnly, and rotation; also sign session cookies." 
CD090,2,assistant,"Mark sensitive cookies HttpOnly+Secure+SameSite=Lax/Strict, rotate session IDs, and add HMAC signatures to prevent tampering." 
CD090,3,user,"Provide Node code setting and verifying signed cookies." 
CD090,4,assistant,"Signed cookie helpers:\n\n```ts
function sign(value: string){ return value + '.' + crypto.createHmac('sha256', process.env.COOKIE_SECRET!).update(value).digest('hex') }
function verifyCookie(c: string){ const [v, mac]=c.split('.'); return timingSafeEqual(Buffer.from(mac,'hex'), Buffer.from(crypto.createHmac('sha256', process.env.COOKIE_SECRET!).update(v).digest('hex'),'hex')) }
res.cookie('sid', sign(id), { httpOnly: true, secure: true, sameSite: 'lax' })
```
"

CD091,1,user,"We need GraphQL federation across services with Apollo Gateway and subgraphs."
CD091,2,assistant,"Define subgraphs with @key fields, compose schema in Gateway, and route requests by entities." 
CD091,3,user,"Provide subgraph SDL and Gateway setup." 
CD091,4,assistant,"Subgraph + Gateway:\n\n```graphql
# products.graphql
 type Product @key(fields: "id") { id: ID! name: String! }
```

```ts
// gateway.ts
import { ApolloGateway } from '@apollo/gateway'
const gateway = new ApolloGateway({ serviceList: [ { name: 'products', url: 'http://products:4001/graphql' } ] })
```
"

CD092,1,user,"We need Rust service performance profiling with flamegraph and tokio-console." 
CD092,2,assistant,"Use cargo flamegraph for CPU profiles and enable tokio-console for async tasks; instrument spans with tracing." 
CD092,3,user,"Provide commands and minimal tracing setup." 
CD092,4,assistant,"Rust profiling:\n\n```bash
cargo install flamegraph
RUSTFLAGS='-g' cargo flamegraph
```

```rust
use tracing::{info, instrument};
#[instrument]
fn work(){ /* ... */ }
```
"

CD093,1,user,"We need to enforce Row Level Security in BigQuery using authorized views." 
CD093,2,assistant,"Create authorized views with `WITH` filters by group/tenant and grant access to the view only." 
CD093,3,user,"Provide SQL for an authorized view and grants." 
CD093,4,assistant,"BQ SQL:\n\n```sql
create view analytics.orders_rbac as
select * from analytics.orders where tenant_id = SESSION_USER();
grant select on table analytics.orders_rbac to group analytics_readers@example.com;
```
"

CD094,1,user,"We need to migrate from REST to gRPC gradually without breaking clients." 
CD094,2,assistant,"Stand up gRPC services, add a gateway to expose REST, deprecate endpoints with headers, and ship SDKs for gRPC." 
CD094,3,user,"Provide envoy gRPC-JSON transcoder config." 
CD094,4,assistant,"Envoy transcoder:\n\n```yaml
- name: envoy.filters.http.grpc_json_transcoder
  typed_config:
    "@type": type.googleapis.com/envoy.extensions.filters.http.grpc_json_transcoder.v3.GrpcJsonTranscoder
    proto_descriptor: "/data/proto.pb"
    services: ["acme.v1.Api"]
    print_options: { add_whitespace: false, always_print_primitive_fields: true }
```
"

CD095,1,user,"We need WebAuthn assertion verification on login with RP ID and origins locked down." 
CD095,2,assistant,"Verify with @simplewebauthn/server, enforce expected RP ID and origin, and store counters for replay protection." 
CD095,3,user,"Provide the login verification endpoint." 
CD095,4,assistant,"Express endpoint:\n\n```ts
app.post('/webauthn/login/verify', async (req,res) => {
  const v = await verifyAuthenticationResponse({
    response: req.body,
    expectedChallenge: req.session.challenge,
    expectedOrigin: 'https://app.example.com',
    expectedRPID: 'example.com'
  })
  res.json({ ok: v.verified })
})
```
"

CD096,1,user,"We need to enforce GraphQL persisted query allowlist at NGINX and reject non-hashed queries in prod." 
CD096,2,assistant,"Route GET with sha256 hash param only in prod, deny POST without hash header, and validate against a Redis allowlist." 
CD096,3,user,"Provide NGINX rules and a Node allowlist check." 
CD096,4,assistant,"NGINX + Node:\n\n```nginx
map $arg_sha256 $allowed { default 0; ~^[a-f0-9]{64}$ 1; }
server { if ($allowed = 0) { return 400; } }
```

```ts
if (!(await redis.sismember('pq:allow', hash))) return res.status(403).end()
```
"

CD097,1,user,"We need to implement a circuit breaker in Go around an HTTP client with rolling window error rates." 
CD097,2,assistant,"Use gobreaker or build a simple breaker with rolling counters, open on threshold, half-open probes." 
CD097,3,user,"Provide a minimal breaker implementation." 
CD097,4,assistant,"Go breaker:\n\n```go
type Breaker struct{ fails, total int; open bool; openedAt time.Time }
func (b *Breaker) Allow() bool { if b.open && time.Since(b.openedAt) < time.Second*5 { return false }; return true }
func (b *Breaker) OnResult(err error){ b.total++; if err != nil { b.fails++ }; if b.total>=20 && float64(b.fails)/float64(b.total) > 0.5 { b.open=true; b.openedAt=time.Now(); b.fails,b.total=0,0 } }
```
"

CD098,1,user,"We need to reduce bundle size in a React app using code splitting and route-based chunks." 
CD098,2,assistant,"Use React.lazy/Suspense, dynamic imports, analyze bundle with source-map-explorer, and prefetch critical routes." 
CD098,3,user,"Provide sample lazy routes and a Webpack analyzer script." 
CD098,4,assistant,"Lazy routes + analyze:\n\n```tsx
const Settings = React.lazy(() => import('./pages/Settings'))
<Route path="/settings" element={<Suspense fallback={<Spinner/>}><Settings/></Suspense>} />
```

```json
// package.json
{ "scripts": { "analyze": "source-map-explorer 'build/static/js/*.js'" } }
```
"

CD099,1,user,"We need cross-region DynamoDB global tables setup with failover and TTL." 
CD099,2,assistant,"Create global tables across regions, enable TTL on a field, and configure Route53 failover for APIs." 
CD099,3,user,"Provide Terraform for global table and TTL." 
CD099,4,assistant,"Terraform:\n\n```hcl
resource "aws_dynamodb_table" "items" {
  name         = "items"
  billing_mode = "PAY_PER_REQUEST"
  hash_key     = "id"
  attribute { name = "id" type = "S" }
  ttl { attribute_name = "expiresAt" enabled = true }
  replica { region_name = "us-east-1" }
  replica { region_name = "us-west-2" }
}
```
"

CD100,1,user,"We need to finish by adding a comprehensive README for this coding dataset structure and usage." 
CD100,2,assistant,"Document conversation format (CSV columns), how to run code snippets, and how to extend; include licensing." 
CD100,3,user,"Provide the README content inline now." 
CD100,4,assistant,"README outline:\n\n```md
# Coding Dataset
- Format: conversation_id, turn_index, role, message
- Each scenario (CD001–CD100) has ≥4 turns with runnable code
- Topics: backend, infra, data, security, mobile, frontend

## Using Snippets
- Copy code blocks by language; ensure deps installed
- Some configs abridged; adapt to env

## Contributing
- Add a new CDXXX with 4+ turns and code
- Keep messages concise and actionable

## License
MIT
```
"
